full_name,age,join_date,salary$,department,score,bonus,active,comments,weird_column___name
Carol,36,2020-04-20 20:28:48,5935,Operations,A,1500.0,0.0,,-0.7056188537203797
Alice,57,2019-10-09 21:54:57,3240,Operations,,1000.0,1.0,excellent,0.0945419965810872
Frank,56,2023-06-14 16:27:08,15744,Sales,D,1000.0,0.0,needs review,1.2941900431622948
Bob,63,2017-11-24 11:12:36,15468,Finance,C,1500.0,1.0,excellent,0.2844227110561519
Alice,37,2021-11-18 18:16:37,17287,Finance,D,1000.0,1.0,excellent,-0.013947988388113
Frank,43,2018-12-11 09:50:00,5789,,C,1000.0,1.0,ok,-0.8436863250502603
Carol,29,2023-08-06 23:23:29,5430,,D,1000.0,0.0,pending,-1.4068046996248604
Eve,53,2018-03-06 16:36:43,4915,Sales,D,500.0,1.0,,-0.7859999829946728
Bob,35,2022-05-08 23:03:46,3372,Operations,,1500.0,1.0,pending,0.2841823740077364
Alice,33,2022-11-26 11:50:00,17805,,C,1500.0,1.0,ok,1.0524725645458934
Carol,66,2019-01-11 09:19:37,13866,,,1000.0,0.0,needs review,1.265561699769996
Dave,45,2023-04-03 19:14:02,11074,IT,C,1000.0,0.0,ok,1.1723286780620412
Frank,53,2017-08-31 17:55:14,6558,Operations,C,1000.0,0.0,pending,-0.1523732838483578
Eve,24,2018-01-17 02:25:17,4168,HR,C,1000.0,0.0,ok,-0.6361055005541693
Carol,65,2021-04-04 00:51:32,7380,IT,C,1000.0,1.0,,-0.9804137566637195
Eve,34,2020-07-03 19:00:43,17694,Operations,B,500.0,1.0,ok,-0.3306730633426866
Bob,39,2021-05-14 05:44:16,4680,IT,D,1000.0,0.0,ok,-0.2088489824151068
Frank,61,2019-06-30 23:34:10,12973,Finance,A,1500.0,1.0,excellent,-0.8960230400209859
Frank,18,2023-10-20 00:38:52,11918,,D,1000.0,1.0,ok,0.688921693951816
Dave,26,2021-05-24 05:58:21,16327,Finance,A,1500.0,1.0,excellent,-0.3697522058291579
Dave,35,2023-06-22 09:32:54,11975,IT,B,1000.0,0.0,,-1.7456239291253328
Eve,32,2022-07-16 11:33:27,12936,Finance,B,1000.0,0.0,excellent,-3.3814787628990404
Carol,54,2021-02-17 06:51:22,14269,IT,D,1000.0,1.0,,0.1550676508673008
Frank,68,2023-09-15 13:27:05,17138,Finance,D,1500.0,0.0,excellent,-0.2806897587542559
Bob,30,2018-01-29 19:41:14,5731,HR,,1000.0,1.0,,-0.2396575543601719
Carol,61,2018-12-18 18:29:30,5403,Operations,D,1000.0,1.0,ok,-1.6138167308094111
Carol,44,2021-08-17 01:07:26,18245,IT,C,1500.0,0.0,pending,-1.969105327463496
Frank,43,2020-12-30 00:35:12,19916,IT,B,1500.0,0.0,pending,-0.5814752690959147
Bob,63,2021-07-21 05:34:29,11323,IT,A,0.0,0.0,excellent,-0.074673939754562
Alice,18,2020-03-22 08:49:33,15000,Operations,B,1000.0,1.0,,-0.1198980499854627
Frank,30,2020-07-18 21:19:31,18486,,B,1000.0,0.0,needs review,1.457707601173038
Bob,51,2017-11-25 15:35:04,15614,IT,,1000.0,1.0,ok,-1.5819423928829195
Eve,56,2021-05-25 12:54:31,6715,HR,B,500.0,0.0,,-0.7435895220638672
Dave,51,2021-03-18 02:32:11,6753,IT,A,500.0,1.0,,-1.120694455236125
Eve,30,2021-03-19 07:31:05,18130,IT,C,500.0,1.0,needs review,1.515400418641575
Eve,55,2018-02-12 06:21:31,10031,IT,D,0.0,1.0,,1.4813902228204554
Frank,32,2022-05-01 22:46:39,3151,Sales,A,1000.0,0.0,ok,-0.0294702380948611
Bob,69,2021-03-05 02:42:57,16639,IT,A,1000.0,1.0,pending,0.8716938183249696
Dave,36,2022-06-06 03:38:16,5627,Operations,D,1500.0,0.0,needs review,-0.5054412352025269
Frank,63,2020-06-19 21:53:03,3243,HR,B,1500.0,1.0,ok,0.5318149235662842
Frank,36,2017-08-30 02:48:22,12710,,B,1000.0,1.0,excellent,0.2974579341128013
Frank,42,2021-03-20 05:25:28,3499,Sales,D,500.0,1.0,pending,1.6825160306998936
Eve,46,2021-11-10 22:16:35,14840,Sales,B,1500.0,1.0,ok,1.4469256388657683
Eve,63,2021-03-26 01:55:07,19758,IT,D,1000.0,1.0,,-0.0481297508145693
Eve,41,2020-05-09 15:04:26,16559,,C,500.0,1.0,,0.9108199486099124
Frank,28,2020-11-16 21:54:29,4341,,A,500.0,1.0,needs review,0.2491445769388297
Alice,38,2018-01-03 15:09:55,16359,Finance,D,1500.0,1.0,,0.5346883231947912
Eve,60,2021-12-25 15:27:46,3587,HR,,500.0,0.0,excellent,0.0618162293959586
Eve,52,2021-07-09 01:49:18,5439,,D,500.0,0.0,excellent,-0.0600631051246692
Alice,42,2019-07-18 06:52:03,15335,IT,A,1000.0,1.0,pending,0.3822595670905272
Frank,53,2020-06-07 21:33:23,4301,Finance,A,0.0,1.0,ok,-0.7074782888719968
Bob,32,2017-11-19 13:52:06,19277,Finance,D,500.0,0.0,ok,0.5814194920254372
Carol,34,2020-11-02 04:34:07,6875,Operations,D,500.0,0.0,needs review,-0.1829362914358527
Dave,49,2018-12-02 03:26:10,5059,,,1000.0,0.0,needs review,-1.790826454565699
Bob,38,2021-08-14 23:02:39,14539,,,1500.0,0.0,needs review,0.3395844376633165
Bob,54,2018-07-21 14:54:03,12607,HR,A,1000.0,1.0,ok,1.6491896898155642
Carol,21,2022-10-29 04:59:29,16670,HR,,0.0,0.0,,0.9228009798193912
Bob,54,2018-09-28 16:13:43,13866,IT,B,1000.0,1.0,pending,-0.498598059206313
Frank,19,2023-08-29 09:40:05,16600,Sales,C,500.0,0.0,ok,-0.2877177205588128
Dave,62,2021-03-30 21:19:10,15462,Finance,B,500.0,0.0,excellent,-0.943836702937083
Frank,18,2018-05-12 06:51:30,9380,,A,1500.0,1.0,needs review,0.252932084340778
Bob,66,2018-04-23 16:53:38,7933,Finance,D,1500.0,1.0,ok,1.952059365880081
Bob,24,2022-06-05 19:05:53,10779,,A,1000.0,1.0,ok,0.5298992374361685
Alice,35,2021-09-09 13:38:54,18425,Sales,B,500.0,1.0,needs review,1.0540950948952637
Eve,22,2021-03-28 12:35:36,7376,Sales,,1000.0,1.0,,0.211935065719239
Alice,58,2020-12-24 16:47:55,6145,Operations,C,1000.0,0.0,ok,-0.4941788991322325
Alice,56,2020-04-18 20:40:49,9582,,D,500.0,1.0,,1.0560032254800389
Frank,35,2023-07-28 16:29:40,4331,Finance,C,1000.0,1.0,pending,0.978194481523224
Frank,63,2017-12-28 20:37:10,16341,,B,500.0,1.0,excellent,-0.0142692691580941
Dave,40,2021-04-06 10:33:15,8873,HR,,1000.0,1.0,needs review,1.1435983902337703
Bob,19,2021-12-19 08:37:39,16210,Finance,A,0.0,0.0,,0.1829574270215959
Frank,58,2021-11-24 23:07:24,10433,IT,,0.0,1.0,needs review,-0.8033976025745556
Alice,61,2020-11-25 02:14:37,5877,Finance,D,500.0,0.0,excellent,-0.1041095291476369
Alice,42,2019-02-15 23:48:17,5376,Sales,,500.0,1.0,excellent,0.4628897530031599
Alice,59,2018-06-07 02:33:41,10957,Finance,B,1000.0,1.0,needs review,1.8949825235463496
Eve,65,2023-04-14 02:10:10,12157,Finance,B,0.0,1.0,needs review,0.8317955809012316
Alice,29,2022-10-23 02:27:15,15114,,D,1500.0,0.0,pending,0.3313356374287485
Bob,28,2019-09-02 06:57:41,19176,Operations,C,500.0,1.0,,-0.6646518556239921
Carol,34,2019-07-30 04:33:45,9828,Sales,C,1000.0,0.0,ok,0.7070675184500319
Carol,27,2023-10-07 21:23:14,8099,,B,0.0,1.0,pending,-0.9554654936709291
Carol,51,2018-03-03 22:23:56,16973,,B,1500.0,1.0,excellent,1.638550882779927
Dave,61,2023-06-28 17:36:16,8731,IT,A,1500.0,1.0,ok,0.171619323510601
Dave,25,2022-02-18 17:01:47,11746,,C,0.0,0.0,ok,-1.413200973334634
Dave,62,2018-04-01 22:44:52,11990,Finance,A,1000.0,1.0,pending,1.2899080426433684
Carol,47,2017-10-15 03:24:10,8675,Finance,D,0.0,1.0,excellent,0.7627655934355979
Frank,38,2023-06-22 15:19:44,8148,Finance,B,1000.0,1.0,needs review,1.661381420150437
Carol,47,2018-07-30 00:02:42,16062,IT,,1500.0,1.0,,0.6052801210716359
Bob,38,2022-06-03 08:32:29,4186,HR,,0.0,1.0,needs review,-0.5188841450983942
Carol,61,2019-09-22 03:37:41,17950,Operations,C,1000.0,1.0,,-0.3382482382549648
Eve,53,2022-03-12 04:15:46,18029,HR,D,1500.0,1.0,pending,-0.101912131980105
Eve,19,2019-09-21 15:52:47,16820,HR,D,1000.0,1.0,excellent,1.6799426242590825
Alice,33,2020-08-18 16:20:19,17846,IT,,500.0,0.0,pending,-1.20588592740497
Eve,57,2023-07-26 14:48:17,17776,IT,A,500.0,1.0,,3.0869087291761863
Carol,42,2019-12-11 22:37:24,9152,HR,C,1000.0,1.0,pending,-0.346000861022701
Alice,59,2017-10-02 16:42:27,6596,IT,A,1500.0,1.0,excellent,0.5225670633428895
Bob,47,2020-08-07 04:19:48,3998,Sales,B,1000.0,1.0,,-2.2415031371724363
Dave,52,2020-08-07 16:58:16,9473,Finance,A,1000.0,1.0,,-1.423208413271523
Frank,37,2020-12-18 23:23:28,18013,Sales,C,500.0,0.0,ok,0.6145516032503732
Dave,44,2018-07-10 17:56:32,9055,HR,A,500.0,1.0,excellent,1.570191623953179
Alice,37,2017-10-27 03:41:25,16559,IT,,1500.0,0.0,pending,0.7054512553300128
Carol,61,2021-12-13 23:29:03,3057,HR,,500.0,1.0,,-0.6336926034867735
Carol,47,2022-08-14 04:43:51,19587,HR,A,1500.0,1.0,needs review,0.5725818022855638
Dave,33,2019-12-17 21:10:02,19259,HR,B,1500.0,1.0,needs review,2.2678405558770143
Eve,34,2022-08-07 03:28:51,6486,Finance,D,500.0,1.0,,-0.8043516197901729
Eve,66,2023-03-26 11:48:27,5534,Finance,B,1500.0,0.0,excellent,0.3933228981077618
Eve,30,2021-03-27 12:31:21,4879,Sales,B,500.0,1.0,needs review,1.5884448617952895
Eve,59,2019-01-12 10:51:05,14235,IT,D,500.0,0.0,needs review,-0.131437803463309
Dave,56,2020-08-25 11:07:23,10132,,,1000.0,1.0,,1.0223320932565043
Frank,22,2020-01-21 13:39:07,15097,HR,D,1000.0,1.0,needs review,-3.086566467815996
Bob,30,2023-04-13 04:38:43,13800,Sales,A,500.0,0.0,excellent,0.190335158340927
Alice,30,2018-04-05 01:24:20,17288,Finance,D,1500.0,1.0,excellent,-1.1555986022136482
Bob,47,2021-03-27 22:30:21,13890,Sales,C,1000.0,1.0,ok,-1.3392668029933643
Dave,67,2023-08-20 07:19:53,6501,Operations,D,1500.0,0.0,excellent,-0.6714297070606147
Bob,57,2018-12-05 00:40:55,15992,Sales,C,1000.0,1.0,,-0.5252974712425532
Alice,20,2017-11-08 13:48:19,10521,HR,B,1500.0,1.0,ok,-2.9553679629442597
Frank,29,2021-02-08 05:16:50,19620,,,0.0,0.0,pending,0.360047255501504
Bob,19,2020-03-16 01:36:57,16619,Operations,A,1000.0,0.0,,-0.4893730644428435
Bob,18,2019-12-13 10:01:05,6908,Operations,B,500.0,1.0,needs review,-1.9249629082134487
Eve,29,2023-07-29 07:04:30,13740,Finance,C,500.0,0.0,needs review,0.8521788581304388
Alice,58,2020-07-19 09:55:31,13806,IT,A,1000.0,1.0,,-0.1254166335395159
Frank,18,2019-09-02 15:04:27,7047,Operations,A,1000.0,1.0,excellent,0.7615034342434556
Eve,65,2022-09-28 02:22:00,14565,,C,1000.0,0.0,pending,-0.3365944833169726
Eve,56,2023-05-24 00:11:10,4487,IT,A,500.0,1.0,pending,-0.4890935880502077
Carol,29,2022-11-12 19:35:54,8952,Finance,C,500.0,0.0,,0.1386786657615193
Carol,29,2019-09-24 06:04:34,9647,Operations,A,1000.0,0.0,pending,0.0875796256506953
Eve,21,2018-08-26 08:45:51,7030,Finance,A,500.0,1.0,excellent,1.2549923081651342
Alice,59,2023-06-28 00:26:48,12747,IT,D,0.0,0.0,needs review,-0.7665237476231782
Eve,58,2022-06-30 15:09:59,15710,Operations,D,1000.0,0.0,pending,0.96870143325332
Alice,27,2017-12-22 10:05:25,17742,Operations,C,1000.0,1.0,pending,0.8679855123404899
Bob,45,2018-02-03 18:42:22,18109,Sales,,500.0,1.0,pending,1.257157986079824
Carol,33,2017-10-31 11:52:54,16737,Finance,B,1000.0,0.0,ok,-0.2770064578116577
Alice,63,2019-06-22 11:54:37,15752,Sales,,1000.0,0.0,pending,1.6081986508047028
Dave,25,2021-01-02 20:34:26,8174,Sales,B,1000.0,1.0,needs review,-0.2028004257221559
Alice,23,2017-10-02 04:09:09,13077,Operations,B,0.0,1.0,pending,1.0711655662567043
Alice,36,2022-11-24 21:37:29,11633,Operations,,1000.0,0.0,,0.9766979185466864
Frank,18,2023-03-03 20:28:17,5108,,,1000.0,0.0,needs review,-0.5984301111811313
Eve,41,2019-09-18 03:29:59,11048,HR,C,0.0,1.0,pending,-0.3782164226410391
Alice,23,2021-08-06 05:19:45,3777,Operations,A,1000.0,0.0,excellent,-0.819280409386686
Alice,22,2021-04-03 19:12:58,11259,Operations,A,1000.0,1.0,pending,-1.3418974804746262
Alice,60,2021-07-30 07:19:48,11899,Sales,A,0.0,0.0,needs review,0.4798796387230591
Bob,31,2020-06-15 06:58:49,3656,,,500.0,1.0,ok,1.479069809656443
Bob,47,2020-06-26 17:36:38,17081,,D,1000.0,0.0,,-1.5543812048620778
Alice,24,2019-03-31 10:49:09,18391,,A,1500.0,0.0,excellent,0.1472938687895892
Bob,40,2018-12-04 15:53:10,6212,Operations,,500.0,1.0,ok,0.1771333870474919
Bob,48,2018-09-20 02:21:10,7473,HR,D,1000.0,0.0,ok,-0.2000743580086953
Bob,34,2017-09-17 00:59:20,12691,Sales,D,500.0,1.0,excellent,0.9592033273871396
Bob,19,2018-02-28 01:11:10,7844,IT,C,1000.0,0.0,,0.1012513305711348
Eve,33,2017-10-14 00:16:01,8884,HR,,1500.0,0.0,ok,-0.4278647145234943
Alice,43,2022-02-26 19:06:57,12255,,C,500.0,1.0,needs review,0.7218160105714676
Bob,29,2021-12-21 17:37:11,8661,,B,1000.0,0.0,pending,-0.4500489681267857
Dave,45,2021-08-01 21:07:34,9924,HR,D,1500.0,1.0,pending,1.7847353047562693
Dave,18,2018-03-29 21:48:22,11278,HR,,0.0,1.0,,0.7494771347121025
Alice,49,2022-10-28 05:13:54,5913,Sales,C,1500.0,1.0,needs review,0.0554996459311237
Frank,19,2018-12-21 10:39:23,3987,HR,A,1000.0,1.0,needs review,-0.0135826708585735
Bob,18,2019-10-09 22:00:28,10618,IT,C,1500.0,1.0,ok,-0.8310935064514894
Alice,27,2020-07-23 15:39:17,4527,Operations,,1000.0,1.0,excellent,-0.0269206135899567
Dave,33,2020-03-16 23:13:44,12269,Finance,A,500.0,0.0,ok,0.9523313777348346
Dave,31,2018-05-07 19:26:38,11546,IT,A,1500.0,1.0,needs review,0.1267654056364517
Alice,57,2019-12-12 20:28:35,12451,HR,C,1000.0,1.0,needs review,-0.8034878062991052
Alice,28,2023-04-26 15:20:18,12619,,,1000.0,1.0,needs review,0.3358389644236897
Carol,42,2020-09-12 08:27:21,13828,Sales,C,500.0,0.0,excellent,-0.9974355036456328
Carol,56,2019-04-10 07:01:13,11297,,D,0.0,0.0,needs review,-0.4760397096520316
Alice,29,2020-09-16 04:26:47,17632,Operations,C,0.0,0.0,excellent,0.8499007192321736
Carol,47,2023-10-11 20:59:39,6756,Finance,A,1000.0,1.0,needs review,-0.2704808614686391
Alice,53,2019-11-14 12:13:27,6524,Sales,,1500.0,0.0,pending,-0.6677099661987431
Frank,65,2021-01-26 09:47:29,8351,IT,D,0.0,1.0,,-1.0352988384767814
Eve,55,2023-09-21 19:55:10,15611,Sales,C,0.0,0.0,excellent,0.4634839792864074
Alice,69,2023-03-28 00:09:00,18280,Finance,C,0.0,1.0,ok,-0.0481777596557381
Carol,50,2023-04-01 03:37:17,16422,IT,C,1500.0,1.0,excellent,0.0274055652816432
Bob,18,2022-06-24 09:21:45,4166,HR,B,1500.0,0.0,excellent,0.4606265575052928
Frank,39,2019-02-10 04:42:26,14771,Operations,C,1000.0,1.0,excellent,0.5134832105543361
Eve,57,2021-12-22 13:40:51,13749,Sales,A,1500.0,0.0,excellent,-1.1093629111148038
Carol,25,2017-10-13 13:30:56,5304,Operations,D,1000.0,1.0,needs review,1.117104746450665
Eve,28,2017-10-14 18:50:44,10678,Finance,C,500.0,1.0,ok,0.1550613596071758
Frank,52,2023-10-10 19:57:07,10663,Finance,D,1000.0,1.0,pending,0.5573314907198257
Carol,66,2019-12-21 10:28:00,16896,Finance,A,0.0,1.0,pending,0.2307380986162209
Dave,41,2017-10-16 05:18:45,17356,IT,B,1500.0,0.0,pending,0.011419998180058
Frank,67,2022-07-16 07:14:18,15801,IT,D,1000.0,0.0,excellent,-0.0674886038845234
Bob,21,2019-11-09 07:05:20,12171,Finance,A,1000.0,0.0,needs review,0.5244412934813638
Alice,27,2018-11-16 01:04:40,18628,IT,B,500.0,0.0,ok,-0.7848858660870701
Alice,43,2022-12-04 22:36:39,12961,Finance,D,1500.0,1.0,needs review,-0.7625864344106102
Eve,36,2023-07-25 13:28:21,12407,Sales,B,0.0,1.0,needs review,-0.626014817964403
Dave,19,2019-05-02 18:15:30,14035,Sales,,500.0,1.0,pending,-0.7990911773308564
Alice,47,2023-07-11 21:30:46,6948,,B,500.0,1.0,excellent,-0.1714498770458063
Carol,43,2021-07-21 22:53:19,7011,,C,1500.0,1.0,needs review,-1.4589983900887564
Alice,21,2023-10-09 16:07:08,7268,,C,500.0,0.0,,0.8960246966752307
Eve,64,2022-08-29 19:10:54,15827,Sales,D,0.0,1.0,excellent,0.1513435753932717
Eve,68,2017-10-21 03:17:03,7702,Operations,D,1000.0,1.0,ok,-0.4087329807852602
Dave,29,2020-04-29 12:39:01,16126,,,0.0,0.0,ok,0.5890093366931023
Dave,58,2022-12-19 19:03:44,19351,Finance,,500.0,1.0,needs review,-1.1235716547298311
Dave,31,2018-11-19 20:16:57,18810,Sales,B,0.0,0.0,excellent,-1.5829666665241315
Alice,49,2021-01-07 09:13:27,3657,Sales,,1000.0,1.0,ok,-0.1157348814012546
Bob,35,2022-01-02 00:29:25,6651,Operations,B,1000.0,1.0,ok,1.2078882490600182
Alice,31,2023-08-15 08:36:24,16184,Finance,A,0.0,0.0,ok,0.9529115217776292
Dave,41,2022-07-13 14:13:53,17912,HR,,1000.0,0.0,pending,0.0063212556787197
Alice,28,2019-09-04 06:37:15,3486,HR,D,500.0,1.0,ok,0.6959126666728195
Eve,65,2018-04-03 02:22:13,3283,Finance,D,500.0,1.0,,-0.6818530659671783
Bob,31,2018-08-14 21:02:23,9670,Sales,,0.0,1.0,pending,0.981545200490514
Eve,64,2017-09-23 22:08:44,9373,Sales,B,0.0,0.0,needs review,-0.4080003591792283
Bob,43,2017-12-07 17:42:48,8206,Operations,D,500.0,1.0,,-1.9636804725916568
Dave,54,2022-09-03 23:33:50,3187,HR,B,1000.0,0.0,ok,0.4342192144889157
Carol,25,2021-09-30 04:32:03,19008,Operations,C,1000.0,0.0,needs review,-0.1655578364262712
Alice,59,2017-08-05 00:23:50,6895,,B,1500.0,0.0,,0.925808644427621
Bob,51,2018-12-22 20:41:54,8151,Finance,A,1000.0,1.0,ok,1.6071326830018615
Bob,44,2020-12-02 16:59:13,11665,HR,B,500.0,1.0,ok,-1.2099814765788004
Frank,51,2021-05-24 05:09:46,17180,HR,,1500.0,0.0,ok,0.0057073977050752
Frank,62,2020-09-11 18:32:54,11031,Operations,A,1000.0,0.0,needs review,-0.0303174420765112
Eve,45,2017-07-25 03:51:59,3639,IT,A,0.0,1.0,ok,-0.2305890259753347
Frank,54,2021-12-24 22:03:17,17868,Finance,A,0.0,1.0,,0.0061502309807382
Alice,59,2020-01-21 20:23:02,16445,HR,B,500.0,1.0,needs review,0.8010856319326999
Frank,47,2023-05-14 01:51:25,17044,HR,C,1000.0,1.0,ok,0.8392889282892512
Alice,67,2022-02-02 18:44:40,5620,,D,0.0,1.0,ok,0.6673873809488371
Carol,54,2021-08-29 07:20:19,13513,IT,B,1000.0,1.0,ok,1.5250426736581058
Eve,32,2021-07-09 09:33:42,17674,Finance,B,0.0,0.0,ok,1.956921620361349
Bob,67,2020-02-03 21:40:25,19389,,A,1500.0,1.0,needs review,-0.2442381581046094
Dave,67,2019-09-16 03:27:58,5028,Sales,A,500.0,1.0,pending,-0.7168490319899903
Alice,50,2022-02-13 19:51:14,8025,,D,500.0,1.0,excellent,0.6433943465470495
Alice,37,2021-06-23 11:12:51,9030,HR,A,1000.0,0.0,excellent,0.3699199103431231
Eve,64,2022-06-13 11:31:01,11535,Finance,,1000.0,0.0,needs review,-1.7100926813143746
Alice,32,2021-09-30 07:41:40,12276,HR,B,1000.0,0.0,needs review,-1.0320579806994807
Carol,31,2022-02-04 09:24:47,16505,Sales,A,1000.0,1.0,excellent,0.4717032112343611
Bob,22,2018-12-18 12:23:38,19691,Operations,D,500.0,1.0,ok,0.1707528127191825
Frank,64,2022-07-13 09:35:44,16829,Operations,C,1500.0,1.0,excellent,1.2394731713566525
Dave,51,2021-03-15 13:03:38,12436,Finance,B,0.0,0.0,excellent,1.0837389949916088
Carol,28,2021-06-17 18:18:16,3519,,D,500.0,1.0,needs review,-1.5334342390462272
Alice,66,2021-04-03 03:48:14,18593,,D,1000.0,1.0,excellent,-0.1561135330840304
Dave,56,2021-10-11 15:37:58,15143,IT,C,0.0,1.0,excellent,0.222607550353648
Alice,54,2019-01-31 20:01:54,7134,HR,A,1000.0,1.0,needs review,-0.4713237694862476
Alice,21,2020-01-12 13:49:28,7290,Sales,D,1000.0,1.0,needs review,-0.8990806388476639
Carol,41,2021-08-20 15:52:14,7600,,D,1000.0,0.0,ok,0.568862770299856
Bob,33,2021-10-05 19:14:15,10452,,,1000.0,1.0,pending,0.209473910548108
Frank,57,2022-08-01 11:07:58,10958,Operations,C,0.0,0.0,pending,0.9586282128794488
Dave,41,2020-12-13 07:47:16,7361,IT,A,1000.0,1.0,excellent,0.5141659528835657
Alice,38,2017-12-20 20:40:18,12702,Operations,A,1000.0,0.0,pending,0.9262799574420858
Alice,24,2023-06-23 03:30:03,3201,,B,0.0,0.0,ok,-1.2149810634927078
Carol,44,2022-04-06 21:17:38,7846,,B,0.0,0.0,excellent,0.5767508753710894
Bob,51,2023-06-10 15:18:32,14953,Finance,C,1500.0,0.0,pending,1.283439403581645
Bob,29,2021-01-04 09:26:48,18803,HR,,1500.0,0.0,ok,1.1999297597541625
Eve,54,2020-01-31 16:15:54,6181,Sales,,0.0,1.0,ok,-0.9341190664325244
Eve,29,2022-09-19 19:41:05,3469,Operations,C,1000.0,1.0,needs review,-0.2852031600869742
Frank,18,2022-12-10 11:15:32,8799,Finance,C,1000.0,0.0,excellent,0.209933992744702
Eve,18,2020-02-04 14:09:43,3862,Operations,A,0.0,0.0,,-0.2800642307667479
Alice,27,2020-07-28 14:35:21,12871,Sales,D,500.0,1.0,pending,1.5427749615083746
Alice,41,2018-02-19 04:29:06,11152,Operations,C,500.0,1.0,excellent,-1.0171247968837465
Alice,27,2022-09-16 22:56:50,10181,Operations,A,1000.0,1.0,pending,-0.3536339942195692
Frank,18,2020-05-15 23:17:34,8401,Finance,A,500.0,0.0,pending,-0.7265457338644375
Bob,30,2020-04-09 06:38:54,18563,,C,1000.0,1.0,ok,-0.4215750077659296
Frank,45,2019-12-11 08:18:48,6605,HR,B,1000.0,0.0,ok,0.0057009720956691
Eve,41,2022-05-07 00:31:14,14992,Finance,D,1000.0,1.0,excellent,-0.0270954745018954
Eve,26,2019-10-06 00:21:21,10051,,,1500.0,1.0,excellent,0.7016196621571635
Bob,55,2018-05-21 09:09:08,7691,Sales,A,1000.0,1.0,excellent,1.5347210448235853
Bob,24,2018-06-26 10:59:50,15802,Sales,C,500.0,1.0,,-0.4417070929266494
Carol,30,2019-01-23 03:15:47,13502,Finance,C,1500.0,1.0,,-0.3956766822702654
Frank,45,2017-09-07 12:27:34,13494,Operations,,1500.0,1.0,,-1.573371204393223
Frank,66,2021-03-17 18:30:14,13838,Operations,A,1500.0,1.0,pending,0.0541858524328586
Alice,20,2020-01-18 05:01:43,14138,Sales,B,1000.0,0.0,pending,-2.146590961946816
Bob,62,2021-10-23 19:08:31,12308,Operations,C,0.0,1.0,ok,0.4885297740520031
Bob,44,2018-10-06 23:46:13,6106,Finance,D,1000.0,0.0,needs review,-0.8565395821289482
Carol,28,2020-01-13 10:25:22,15253,Sales,D,1000.0,0.0,excellent,0.5092486808063085
Carol,67,2019-08-21 23:55:18,13677,IT,,500.0,1.0,pending,1.245190107630528
Bob,47,2017-08-23 15:38:02,17765,Sales,A,1500.0,1.0,excellent,-2.39093232182089
Frank,58,2022-07-12 16:13:51,16976,Sales,D,0.0,1.0,needs review,-0.5441517404644579
Alice,30,2023-04-16 12:23:19,3778,Sales,,1000.0,1.0,ok,-0.8148184904099927
Eve,41,2023-05-22 02:59:32,16879,Operations,C,1000.0,0.0,needs review,-0.486380909333687
Carol,68,2021-06-02 03:04:48,16358,Operations,D,1000.0,0.0,needs review,1.5180007244443556
Bob,64,2020-03-15 13:52:15,9601,,A,1000.0,0.0,pending,1.1772588573424798
Dave,29,2019-05-18 22:49:51,9041,Sales,,500.0,1.0,pending,0.377154749644552
Carol,69,2023-04-22 19:55:14,7579,Operations,C,0.0,1.0,ok,-0.8704494344471477
Frank,30,2021-04-07 01:18:32,7713,,D,1000.0,1.0,pending,-0.1431049439982549
Carol,39,2022-06-22 22:25:52,12790,,D,500.0,1.0,ok,-0.2416377287783044
Carol,61,2023-05-06 05:27:39,13558,Sales,,500.0,1.0,needs review,-0.2247009819038243
Dave,40,2017-11-07 22:42:12,8508,,C,1500.0,0.0,ok,-1.4230786972438676
Eve,53,2019-07-07 07:32:37,12821,,,500.0,1.0,,-0.4584528275740565
Bob,42,2020-01-27 05:59:59,6113,Operations,A,0.0,1.0,ok,-0.2579154733305995
Bob,37,2022-02-07 07:43:47,4344,IT,C,0.0,1.0,excellent,0.5313167826584656
Eve,37,2021-02-25 00:10:36,10858,Finance,A,0.0,1.0,needs review,0.5138387212098466
Dave,37,2020-03-19 19:20:43,19252,IT,,1000.0,1.0,excellent,-0.1063920512000208
Dave,41,2021-07-10 05:17:29,9979,HR,,1000.0,1.0,,0.2196083868562311
Frank,41,2022-11-06 23:14:40,7962,Sales,D,1000.0,1.0,,-2.137098226840832
Frank,29,2022-08-02 01:10:20,9557,Sales,C,0.0,0.0,ok,-0.8881979651245778
Carol,60,2023-07-06 21:41:28,18346,Finance,D,1500.0,0.0,excellent,-1.6213668357256126
Alice,47,2019-01-27 02:47:11,17230,Sales,A,500.0,0.0,ok,0.0964538374859279
Dave,61,2019-06-28 13:10:25,8067,Operations,C,0.0,0.0,pending,0.708732782320205
Frank,20,2019-03-28 22:32:27,3616,,,500.0,1.0,,0.5214987427978762
Eve,34,2022-11-11 12:13:46,3529,,D,1500.0,0.0,excellent,0.1447081526552549
Alice,22,2022-02-06 21:13:48,6996,,A,1500.0,1.0,excellent,-1.22613614191404
Frank,60,2019-02-09 08:34:24,12921,IT,B,1000.0,1.0,,1.370809767254909
Alice,40,2022-05-17 09:04:53,14588,HR,D,1500.0,1.0,,-1.944077734186073
Eve,62,2020-01-25 09:09:10,12027,HR,A,1000.0,0.0,,0.3294241099805672
Eve,20,2019-12-11 04:40:00,13107,HR,,0.0,1.0,excellent,-1.5264951399295168
Eve,40,2023-08-31 11:37:14,17747,Operations,,1000.0,1.0,ok,0.0541094094931721
Eve,42,2018-07-07 10:42:54,3522,Finance,D,1500.0,1.0,excellent,-1.1194405258303384
Dave,36,2021-07-13 06:02:47,8910,HR,,1000.0,0.0,pending,1.1583279291632118
Eve,18,2017-09-16 23:12:49,3971,Operations,D,0.0,1.0,pending,-0.9932383780531228
Carol,27,2023-09-30 09:28:47,5851,Operations,,0.0,0.0,excellent,0.0579959525065992
Carol,68,2017-11-07 19:16:05,14847,Sales,B,0.0,0.0,needs review,-0.01702046690823
Alice,35,2018-09-19 19:05:51,8059,Finance,C,0.0,1.0,needs review,-1.6228590067133566
Frank,69,2020-12-28 00:00:40,19332,,,0.0,1.0,,1.417154470749784
Eve,43,2021-04-08 14:30:01,3527,,C,0.0,1.0,,-0.0555382536135944
Carol,38,2019-05-31 11:48:07,10738,Finance,C,0.0,1.0,needs review,-0.7936528750586557
Carol,33,2019-09-27 23:56:40,7409,IT,B,1500.0,0.0,excellent,0.940173647282714
Eve,25,2018-02-08 02:41:57,9323,HR,D,1500.0,1.0,,-0.010765841606623
Dave,41,2023-08-18 23:34:11,19314,IT,D,1000.0,0.0,excellent,1.581989207667977
Bob,47,2023-03-04 01:15:49,13325,Sales,,500.0,0.0,needs review,1.3873425701302766
Bob,35,2020-12-30 02:39:44,10590,,D,1000.0,0.0,needs review,0.7476695234790915
Alice,54,2018-09-21 20:49:48,18778,,A,1500.0,0.0,needs review,0.5674848179212283
Dave,46,2017-11-18 14:56:04,19890,Finance,B,1500.0,1.0,,-0.7422851090699906
Eve,42,2017-10-26 02:57:50,12484,Operations,A,500.0,1.0,ok,-0.3407712417272319
Dave,60,2021-01-04 22:05:20,17655,IT,,1000.0,1.0,excellent,-0.7296304109396671
Dave,47,2017-10-07 18:27:53,15817,IT,D,1500.0,1.0,needs review,-1.4212355753054586
Bob,59,2023-02-04 03:59:17,17928,,,1000.0,1.0,pending,-0.6095323031321146
Eve,26,2017-10-11 13:06:16,4971,Operations,C,500.0,1.0,,1.1427981629064188
Eve,60,2018-02-13 20:55:48,12115,HR,B,1500.0,1.0,,-0.5910548322529111
Bob,18,2019-04-21 09:18:06,13960,HR,B,0.0,1.0,,-1.8297764387598423
Bob,64,2023-05-19 23:41:20,13899,Finance,A,1000.0,1.0,pending,-1.0358537602103322
Carol,68,2019-06-04 14:45:21,19366,HR,B,1500.0,1.0,needs review,-1.5608108307882205
Dave,22,2021-08-01 16:37:24,4221,HR,,1000.0,1.0,excellent,1.1894415643748388
Bob,36,2022-04-09 13:05:16,12234,Sales,,0.0,1.0,,0.6763230571757329
Carol,20,2022-02-20 08:13:08,12153,,B,500.0,0.0,excellent,-1.935467032066832
Frank,27,2022-09-08 10:09:03,14870,HR,C,1000.0,0.0,,0.3185277361814536
Bob,26,2019-03-29 19:49:35,15461,Finance,D,1000.0,1.0,excellent,-0.2254340779667127
Carol,58,2023-11-07 10:49:44,5031,Finance,C,1000.0,1.0,,0.5196540005044058
Carol,25,2019-07-22 05:13:49,7510,Finance,D,1500.0,0.0,needs review,1.373527589014306
Dave,44,2020-12-10 17:20:09,7284,IT,A,1000.0,1.0,ok,1.9928970370440544
Frank,53,2020-07-02 01:29:36,18657,IT,,1500.0,1.0,ok,0.5971900370804251
Frank,42,2023-08-22 09:05:44,18642,Sales,D,1000.0,1.0,needs review,-1.5980021992695634
Frank,67,2019-12-05 23:20:42,19550,Operations,B,0.0,1.0,ok,-0.2102328220237191
Dave,54,2021-04-05 07:07:53,6605,Finance,A,1000.0,1.0,,1.5447781234621432
Alice,67,2018-06-23 08:21:33,12065,IT,B,1500.0,1.0,ok,-0.7663098399570301
Dave,36,2023-08-31 22:55:02,14233,,,500.0,1.0,ok,-0.3293788853322157
Dave,39,2022-12-01 11:10:45,13408,Finance,B,500.0,0.0,excellent,0.31247762648435
Alice,53,2017-12-26 08:59:06,14308,Finance,A,1500.0,1.0,needs review,-1.0282643631440154
Alice,20,2022-11-04 00:10:16,11208,Finance,D,1500.0,1.0,pending,-0.253799587583753
Alice,32,2017-11-15 11:48:45,13481,Finance,D,1000.0,1.0,ok,-0.4121376587761231
Bob,49,2021-06-27 18:21:37,11378,Finance,,500.0,1.0,needs review,-2.720684575949305
Carol,28,2019-07-06 18:12:06,13847,Finance,A,500.0,1.0,pending,-0.5758412084629618
Bob,24,2020-10-08 09:27:55,9689,IT,D,0.0,0.0,needs review,0.1604383526014613
Carol,21,2022-03-09 20:46:49,12029,,A,1000.0,1.0,ok,1.9000253154042896
Bob,26,2022-05-14 17:19:04,18873,HR,D,1000.0,1.0,needs review,0.08599673538972
Frank,43,2022-03-12 09:44:59,16803,Finance,A,1000.0,1.0,excellent,0.4164343129686066
Eve,43,2021-12-01 13:43:09,9087,Operations,C,1500.0,0.0,ok,-1.0708377176136994
Dave,23,2022-03-11 22:54:58,15359,Sales,D,0.0,0.0,needs review,0.8205511220960215
Carol,22,2019-01-11 01:35:33,18509,,,1000.0,1.0,,0.8041230246584867
Carol,40,2019-11-07 00:49:20,12748,IT,D,500.0,1.0,,1.5484205232682655
Bob,39,2017-08-23 19:10:31,6483,Operations,A,1500.0,0.0,excellent,-1.2464591818570083
Carol,36,2021-03-01 11:06:13,7083,Finance,A,1000.0,1.0,,-0.0970794099356064
Carol,40,2022-12-20 15:18:41,5284,Finance,,1000.0,0.0,pending,1.0991607511118529
Alice,56,2019-08-12 04:40:33,17351,Operations,,1000.0,1.0,pending,0.7420109223559962
Bob,26,2022-03-11 15:04:58,19010,Finance,D,0.0,0.0,needs review,-1.6086767329963496
Frank,48,2020-04-11 23:42:10,6295,Sales,C,0.0,0.0,ok,0.3997903389165658
Bob,55,2018-01-01 16:34:13,4396,Sales,B,1500.0,0.0,excellent,1.028916023009517
Bob,34,2020-11-01 23:56:49,12489,Sales,,0.0,1.0,ok,0.1293187709665901
Carol,21,2022-12-12 05:18:41,18114,IT,A,1000.0,0.0,pending,-1.3828888245507147
Bob,57,2020-09-02 18:01:35,10935,Finance,,1000.0,1.0,needs review,-0.3199324165302167
Alice,40,2022-12-28 12:09:19,7434,Operations,A,1000.0,1.0,excellent,0.243362609047966
Carol,62,2023-09-21 11:51:37,16388,Operations,,1000.0,1.0,ok,-0.2047820043046233
Carol,28,2020-07-19 13:41:57,17321,Finance,D,1500.0,1.0,excellent,1.4328543569449337
Dave,60,2018-07-26 22:31:13,13646,IT,D,500.0,1.0,ok,-0.6699974793221717
Bob,30,2022-06-05 09:55:01,18321,Finance,C,1000.0,0.0,ok,-1.3800870642673748
Frank,44,2018-05-29 16:06:02,15525,Operations,A,500.0,1.0,needs review,-0.0010870200657483
Carol,19,2017-11-16 04:05:27,13389,IT,D,0.0,0.0,,-1.6690609812204316
Carol,45,2021-03-29 00:19:00,10584,,,1500.0,0.0,needs review,1.2298245484273225
Alice,59,2018-08-03 02:10:12,3346,IT,A,1000.0,0.0,pending,-0.553529250605297
Eve,34,2018-07-28 21:03:21,16855,,D,1000.0,1.0,needs review,-0.8202758423669124
Eve,34,2022-09-19 09:30:46,8256,Finance,B,1500.0,0.0,excellent,0.5410163899482847
Eve,29,2023-01-05 06:17:39,11786,IT,D,500.0,1.0,pending,1.0415596586705955
Frank,37,2020-11-27 10:36:02,10820,Operations,,0.0,1.0,ok,-1.4535098129047943
Dave,30,2019-08-28 10:31:48,6162,Operations,,500.0,1.0,excellent,0.9877942200863452
Frank,36,2018-07-22 02:54:13,16466,Operations,A,1000.0,0.0,needs review,-2.154998439600923
Bob,25,2021-05-25 23:24:46,16724,Finance,A,1000.0,1.0,excellent,0.0428549643886769
Bob,51,2020-05-23 21:50:26,13843,Operations,D,1000.0,0.0,,-0.8207473359502011
Eve,58,2019-07-29 05:59:58,19260,HR,,500.0,1.0,excellent,-1.0765836197091032
Eve,53,2022-07-14 15:49:46,13051,Operations,C,1500.0,1.0,ok,0.6731510366336948
Dave,38,2018-11-13 21:56:35,9961,,,1500.0,1.0,excellent,-1.0805092063253303
Dave,54,2019-02-22 08:41:49,5619,Finance,C,1000.0,1.0,pending,0.1706993734672307
Dave,58,2019-11-18 15:37:45,13254,,,1000.0,1.0,needs review,-1.132599011477052
Alice,20,2018-07-12 17:23:44,12001,IT,,0.0,0.0,excellent,0.6330838422450846
Carol,18,2020-05-22 15:47:22,19364,Sales,A,0.0,1.0,ok,1.2868535523664502
Eve,38,2020-03-21 04:27:02,18458,HR,B,0.0,1.0,ok,0.2787600559511103
Alice,60,2019-01-05 06:26:22,7748,Finance,,1000.0,0.0,,-0.2891269741675275
Frank,52,2017-08-16 04:29:27,14696,Finance,B,500.0,0.0,needs review,0.7538062719956211
Frank,56,2017-08-05 23:44:30,8191,Operations,C,1000.0,1.0,ok,1.042844995011066
Bob,39,2020-03-17 12:37:41,12259,HR,C,0.0,0.0,ok,0.3200306508862753
Eve,36,2017-12-14 05:22:51,18852,Operations,A,1500.0,1.0,ok,-1.1559259340084118
Frank,29,2022-05-13 10:01:40,6700,,D,0.0,1.0,pending,0.9809973237209793
Dave,57,2023-01-02 18:39:52,6530,,B,1000.0,1.0,ok,0.9554684055420708
Bob,24,2018-04-17 16:08:35,14461,Sales,D,1000.0,1.0,,-0.4430816622482987
Carol,65,2023-02-28 12:10:34,11902,Finance,C,1500.0,1.0,ok,-0.8264956221334052
Eve,66,2019-01-25 03:35:39,12526,,,500.0,1.0,excellent,-0.3063424436559208
Carol,32,2020-12-11 05:39:04,15611,Operations,,0.0,1.0,needs review,-0.1004292278051559
Dave,53,2022-11-08 09:15:42,17869,Sales,A,1000.0,0.0,pending,-0.5238616836716844
Dave,38,2021-02-23 16:27:59,13380,Finance,C,1000.0,0.0,,2.797749440284812
Carol,33,2020-02-09 04:37:57,10529,Operations,C,1000.0,0.0,,-0.2262056030581228
Eve,55,2018-07-06 01:33:02,9984,Sales,C,500.0,1.0,pending,-0.8488085658756125
Carol,59,2021-02-02 17:37:09,14780,Finance,,1000.0,1.0,ok,-0.8320754257383597
Frank,38,2020-07-08 13:27:26,8859,HR,A,1000.0,1.0,pending,-1.0586678203655009
Bob,44,2023-03-21 07:34:06,16233,IT,B,500.0,1.0,ok,0.3040432369344379
Carol,42,2023-04-13 07:15:27,3710,Operations,D,0.0,1.0,pending,1.491473645562703
Alice,62,2019-01-12 08:46:31,4410,Finance,B,1000.0,0.0,needs review,-0.9449871579568976
Bob,68,2023-11-09 06:19:23,15256,HR,C,1000.0,0.0,,0.025842747703808
Bob,20,2022-05-30 11:10:22,14514,Finance,A,1000.0,1.0,excellent,0.655552989125307
Frank,68,2019-02-07 17:25:03,15171,Sales,A,1000.0,1.0,excellent,0.0071533754376897
Dave,42,2023-08-26 13:28:12,4200,HR,D,1500.0,1.0,,-1.3066078335919848
Dave,40,2017-11-21 19:27:36,4196,Finance,D,0.0,0.0,excellent,1.4136902202007158
Carol,19,2022-12-09 18:25:59,4213,,D,500.0,1.0,needs review,0.940574022315976
Frank,38,2020-09-18 15:28:22,6339,HR,,1500.0,0.0,excellent,0.67197896899276
Dave,58,2018-07-30 05:12:02,4882,Sales,C,500.0,1.0,needs review,0.4967520308689025
Bob,50,2018-09-27 14:29:34,14748,,,1000.0,1.0,pending,-1.1821631103834358
Dave,26,2018-03-24 21:31:25,13162,HR,D,1500.0,1.0,pending,0.2730280292082995
Bob,24,2022-01-20 18:17:02,15779,,D,1000.0,1.0,needs review,-0.9446295479848972
Eve,49,2020-10-29 22:48:51,13860,Sales,,500.0,1.0,,0.437461320988788
Alice,44,2021-07-01 15:31:04,11937,IT,,500.0,1.0,pending,1.1978449500910051
Carol,39,2020-11-29 12:48:00,9380,Operations,C,1000.0,0.0,pending,1.1050485740307414
Alice,40,2018-05-13 04:07:14,14904,Finance,B,1500.0,1.0,pending,0.8706250895587945
Alice,50,2019-10-03 10:20:29,5070,Sales,A,1000.0,1.0,needs review,-1.8682662171416469
Eve,66,2020-10-20 14:05:08,12205,Finance,,1000.0,1.0,,0.0314103482718199
Carol,51,2018-06-02 07:35:13,12580,Finance,B,1000.0,1.0,excellent,0.4879062121496314
Eve,37,2018-11-15 14:15:46,12533,HR,,0.0,1.0,pending,-2.2714496593048383
Frank,27,2018-04-28 21:51:40,5769,Operations,B,500.0,1.0,ok,-0.2842047109957009
Carol,49,2017-09-25 05:25:38,9507,Operations,A,1500.0,1.0,needs review,-0.959719908987897
Carol,38,2019-03-28 08:59:27,9436,IT,B,1000.0,1.0,ok,1.1041377210315542
Eve,51,2020-04-16 17:10:47,19095,IT,D,1000.0,1.0,needs review,-0.41727757870301
Carol,61,2019-03-27 21:09:17,19147,IT,C,500.0,1.0,pending,1.7405901190922834
Dave,19,2021-12-05 15:05:56,13039,Operations,A,500.0,0.0,ok,0.0389285343956018
Alice,58,2017-11-03 19:59:42,19708,,B,0.0,1.0,ok,0.3113984450578964
Alice,66,2018-08-30 06:40:24,11261,Operations,D,0.0,0.0,excellent,-0.0730328122106682
Carol,20,2017-11-18 07:56:02,3659,,D,500.0,1.0,,-1.3087766824089773
Eve,49,2020-10-04 12:05:44,12588,HR,D,1000.0,1.0,pending,0.3998933342088385
Frank,59,2018-04-30 19:00:56,4595,IT,,1000.0,0.0,ok,1.904703231055071
Frank,55,2020-12-28 13:34:07,15649,IT,C,1000.0,0.0,excellent,-2.038627995068897
Carol,39,2018-12-25 14:06:39,3525,IT,D,1500.0,1.0,ok,-0.0807676744464785
Carol,56,2018-03-31 22:20:42,9537,Sales,B,1500.0,1.0,needs review,-0.8852676739713499
Bob,26,2018-09-30 17:33:04,13639,HR,C,1000.0,1.0,excellent,1.8493117844956672
Alice,58,2023-04-04 14:21:45,6717,Operations,D,1000.0,0.0,pending,0.0925758930913831
Eve,68,2021-04-10 12:45:57,6298,,,1000.0,1.0,needs review,2.381672685789204
Eve,54,2022-03-29 05:01:06,3427,Finance,C,1500.0,1.0,pending,-0.4790257532030205
Frank,29,2021-04-11 17:32:30,13761,HR,A,0.0,1.0,ok,-0.3250042589624227
Alice,40,2022-06-26 12:17:08,6871,Sales,C,1000.0,1.0,excellent,1.6810040072766113
Eve,50,2021-09-23 11:49:35,9686,Operations,B,1500.0,1.0,needs review,0.4782043806491969
Eve,46,2020-03-17 23:20:06,19152,Finance,B,1500.0,1.0,needs review,0.1960340691671419
Dave,58,2021-01-28 20:32:54,18188,HR,D,500.0,0.0,pending,-0.2114738488988613
Eve,62,2020-02-25 12:41:20,8687,,A,1000.0,1.0,needs review,0.6708948836437313
Eve,29,2020-04-30 14:04:48,14135,Sales,C,0.0,1.0,pending,0.1793572222806798
Carol,19,2018-09-20 22:05:00,4465,Sales,C,0.0,1.0,ok,0.0281527190660739
Eve,27,2023-11-07 10:35:08,14662,IT,,1000.0,0.0,,-0.4635936382708667
Dave,27,2020-05-24 14:28:11,4215,,B,1000.0,1.0,needs review,0.9488349910075634
Bob,65,2020-10-12 02:14:09,18513,Operations,,1500.0,1.0,excellent,0.2881408980811307
Carol,21,2023-01-28 01:47:14,16188,HR,A,1000.0,1.0,excellent,0.0870754488880867
Eve,68,2019-04-19 07:07:06,11080,Sales,A,500.0,0.0,ok,0.0966840965216376
Dave,25,2020-05-11 23:07:58,14948,Sales,A,500.0,0.0,excellent,-0.7560239557019424
Dave,33,2018-05-14 13:55:58,8689,,D,1500.0,1.0,,-1.5691109252221236
Bob,43,2019-06-18 04:52:00,7526,Finance,A,500.0,1.0,,0.9412537851663147
Carol,40,2017-12-24 04:53:49,14889,Sales,B,1000.0,0.0,,-0.3656931556716026
Bob,64,2020-02-03 00:02:46,7651,Operations,C,0.0,1.0,pending,0.1932286918146568
Carol,34,2023-07-02 03:20:24,9703,,B,1000.0,0.0,excellent,-0.1508287398662406
Alice,31,2018-06-24 11:18:03,3065,Sales,B,1500.0,1.0,needs review,1.2694655286654142
Bob,50,2017-11-02 22:04:00,6608,IT,D,1000.0,0.0,excellent,0.9051829282817748
Alice,19,2019-03-17 16:31:46,8337,HR,,500.0,0.0,excellent,0.1462289525247397
Alice,47,2022-02-03 21:39:44,5112,Operations,D,0.0,0.0,needs review,0.2973331961048859
Carol,64,2023-09-08 04:00:32,10262,Sales,,1000.0,1.0,ok,0.3416174151552617
Alice,22,2021-10-22 16:44:17,16644,Finance,A,0.0,1.0,needs review,0.5079333001029613
Eve,46,2021-05-02 21:44:33,4109,Finance,C,1000.0,1.0,,-0.9602597328424708
Frank,31,2021-02-19 23:52:41,10188,IT,,1500.0,1.0,,-0.1856661371830148
Carol,65,2023-11-11 08:44:58,3651,,C,1000.0,1.0,,-0.228725956248097
Carol,48,2018-04-30 12:10:20,10983,Operations,B,0.0,1.0,needs review,-0.2331240622340596
Dave,27,2022-09-26 15:59:57,11918,IT,C,1500.0,0.0,,0.1637935961875874
Eve,53,2018-11-13 19:25:28,11281,Sales,C,1000.0,0.0,ok,0.7589231848433403
Alice,39,2017-08-29 20:46:24,3445,,D,500.0,0.0,,-1.040779526396172
Alice,30,2021-04-30 13:33:35,13173,,A,1000.0,1.0,ok,0.6086150407924316
Bob,35,2019-10-20 03:35:12,13201,Operations,D,500.0,0.0,ok,-0.318139160447869
Alice,43,2018-10-13 00:28:10,6155,Sales,C,1000.0,1.0,excellent,-0.1490852273301645
Alice,31,2019-03-23 05:57:52,13352,IT,,500.0,1.0,ok,-0.1655290699520802
Eve,28,2019-08-19 11:31:19,16964,IT,C,0.0,1.0,needs review,2.656499786447024
Alice,68,2019-07-04 22:38:16,12503,Operations,A,1000.0,1.0,,0.0331103845828303
Dave,28,2022-09-03 13:17:10,8526,,,1000.0,1.0,needs review,0.5505205813128143
Eve,65,2018-12-07 21:58:54,11642,HR,D,1000.0,1.0,excellent,-1.1452479403782123
Bob,23,2021-08-14 09:14:54,18959,Finance,C,1000.0,0.0,excellent,0.3631605533957822
Bob,19,2022-12-22 14:14:27,9934,IT,D,1500.0,1.0,ok,1.245568166414912
Carol,34,2020-06-28 09:50:49,19227,,B,1000.0,1.0,ok,-1.8770617987887763
Bob,53,2021-10-22 13:05:43,14271,Operations,D,1000.0,1.0,ok,1.4916274996923555
Bob,56,2022-09-25 05:49:52,18598,Sales,C,1500.0,1.0,pending,0.2951942570984221
Dave,63,2017-11-05 08:41:02,11974,IT,,1000.0,1.0,,-1.0948347610203708
Frank,30,2020-10-19 22:40:45,3789,Operations,A,1500.0,1.0,needs review,-2.5903518702490307
Alice,63,2022-02-01 04:39:02,16392,IT,B,500.0,1.0,needs review,-0.2262555424576671
Alice,28,2018-10-30 12:48:39,7512,Finance,,1000.0,0.0,excellent,1.4111640845241096
Alice,30,2021-09-07 18:19:44,16071,IT,D,500.0,0.0,ok,-0.2927662914625052
Eve,54,2022-09-03 13:02:12,16101,Sales,,1500.0,1.0,excellent,1.2639850857169563
Alice,59,2021-07-11 14:36:10,11966,HR,B,0.0,0.0,pending,0.2288551561784308
Alice,69,2023-11-04 11:30:56,8519,HR,,1000.0,1.0,,1.7041027165558138
Dave,68,2018-01-16 09:29:05,6435,,C,500.0,1.0,needs review,-0.4784019716527251
Frank,63,2021-07-13 14:37:48,10934,,B,1000.0,0.0,excellent,-0.7397132469708381
Bob,55,2020-08-26 11:44:38,4479,Finance,C,1000.0,1.0,ok,1.4818748332795786
Carol,37,2023-10-01 11:00:24,17087,IT,A,1000.0,1.0,pending,-0.9122636618326462
Bob,48,2022-07-05 21:41:26,9571,IT,C,1000.0,1.0,excellent,-1.95712651766952
Frank,27,2020-01-04 03:56:35,19160,Finance,D,500.0,1.0,,0.266199191019689
Bob,63,2017-08-15 21:26:52,14022,HR,B,1500.0,0.0,needs review,-0.7372731434954907
Dave,19,2021-10-20 21:41:45,9904,,D,1500.0,0.0,ok,0.2048219849319274
Eve,30,2021-11-18 19:28:24,15018,Sales,,1500.0,0.0,pending,2.3248085312967617
Eve,63,2023-11-06 19:52:08,11558,Finance,,0.0,1.0,,0.5463289040497578
Alice,62,2019-02-14 04:54:41,8091,Finance,D,1000.0,1.0,excellent,0.5810629714108874
Eve,65,2018-06-27 16:43:14,9748,,D,1000.0,0.0,pending,0.9816034939029722
Bob,37,2020-11-15 13:47:08,3799,HR,,0.0,1.0,excellent,-0.3755233497637895
Dave,35,2022-08-21 19:50:57,3482,HR,B,1000.0,1.0,needs review,0.6560833735832756
Alice,18,2023-04-16 07:10:30,4178,Sales,D,1000.0,1.0,excellent,0.2220814514430764
Eve,66,2020-03-16 21:33:24,3957,Sales,B,500.0,1.0,needs review,1.4931782036133208
Bob,61,2017-07-27 20:22:08,17490,IT,B,1500.0,1.0,ok,-0.7391458997759532
Dave,60,2022-06-03 13:08:41,9189,Operations,D,1000.0,1.0,pending,-0.9452247441716164
Carol,20,2019-10-17 19:21:08,4048,,B,0.0,0.0,excellent,-1.300926121722575
Carol,48,2022-06-06 17:14:14,6436,Sales,D,0.0,1.0,pending,-1.0001837876925972
Eve,20,2023-07-16 10:38:29,10199,Sales,C,0.0,1.0,,-0.3356092921260452
Alice,52,2023-08-24 09:29:06,13055,,D,500.0,1.0,ok,-0.5210202718927763
Dave,35,2022-06-23 19:18:05,9552,Finance,B,1000.0,1.0,needs review,-0.936393318687544
Carol,24,2021-01-07 15:17:37,12947,Sales,C,1000.0,1.0,,-1.6200250793063091
Carol,36,2022-10-23 08:55:19,11733,,,1500.0,1.0,ok,-1.4295280853075087
Dave,32,2019-09-09 23:26:56,18159,,,500.0,1.0,needs review,-1.5761599764460628
Bob,45,2019-06-20 09:36:29,18509,HR,A,1000.0,0.0,needs review,-0.3307464928771578
Bob,46,2023-05-25 13:32:32,9404,HR,B,1500.0,1.0,excellent,3.417826738212455
Carol,61,2022-09-17 04:06:12,7455,,,500.0,1.0,ok,0.3800327929110903
Eve,59,2023-01-07 15:45:08,11143,,A,1000.0,1.0,excellent,-0.953300319403012
Bob,44,2017-12-13 10:23:52,3121,HR,B,500.0,0.0,,-0.3863228999573493
Bob,22,2022-12-31 01:51:54,3987,HR,B,1000.0,1.0,excellent,-1.5104148638866677
Eve,33,2019-05-18 00:04:30,15642,,A,1000.0,1.0,ok,0.6765512503088449
Carol,50,2021-04-07 22:51:53,12893,HR,A,1000.0,0.0,needs review,-0.8680546134910153
Bob,38,2021-07-04 01:11:40,6452,,C,0.0,1.0,,-0.2014644772341138
Carol,22,2021-10-22 00:35:54,17103,Operations,B,500.0,1.0,pending,-0.0486964462243956
Alice,39,2020-09-30 22:12:14,5331,IT,,0.0,1.0,pending,0.2431560047864098
Carol,64,2022-01-16 04:18:41,18516,Finance,B,1000.0,1.0,excellent,-0.4958980538193785
Bob,22,2021-08-05 02:26:22,17240,IT,B,500.0,1.0,excellent,-1.428943887043549
Alice,25,2018-10-18 09:17:42,14763,HR,,500.0,0.0,needs review,-1.295302920611089
Alice,27,2022-07-24 02:19:28,10376,Finance,D,1000.0,0.0,ok,-0.6206681697129534
Carol,63,2022-05-18 04:51:55,10309,,A,1500.0,0.0,needs review,1.9677767842409024
Bob,20,2017-11-17 20:39:29,6017,Sales,A,0.0,1.0,excellent,1.1508855157618594
Carol,64,2022-11-28 08:47:18,3481,Operations,C,1500.0,1.0,,-1.2021029855411096
Dave,18,2019-12-08 20:07:50,17230,HR,A,500.0,1.0,excellent,0.8044833976795138
Bob,45,2018-12-20 06:41:01,8376,,C,500.0,1.0,excellent,0.5920507298004122
Carol,32,2023-08-24 07:41:06,4241,,C,1000.0,1.0,ok,0.6408851311256664
Eve,43,2018-05-17 14:10:45,12571,Finance,C,1000.0,1.0,excellent,0.2682713411914147
Frank,24,2021-06-22 17:15:20,19768,Finance,C,1500.0,1.0,,0.3564016006956731
Dave,32,2019-07-08 03:42:35,4229,Finance,B,1000.0,1.0,excellent,0.7509027577194255
Eve,42,2020-10-24 18:56:50,7229,Operations,C,0.0,0.0,excellent,-0.0122059678244235
Frank,57,2022-07-19 02:13:48,18047,Finance,C,500.0,1.0,ok,-0.723154504887264
Bob,52,2021-12-12 20:44:40,7545,Finance,A,1500.0,1.0,,-0.8628119559654864
Carol,33,2018-06-11 03:20:31,4565,Finance,A,1000.0,1.0,,-0.8856536025481199
Carol,60,2022-05-07 20:08:17,11255,HR,A,1500.0,0.0,needs review,-0.674545530227996
Alice,35,2022-04-14 20:52:07,19468,Finance,B,500.0,1.0,ok,0.1657799696147023
Dave,29,2021-08-17 00:48:52,4714,,B,1000.0,1.0,excellent,0.872518005964371
Dave,68,2021-03-12 17:31:57,9548,,D,1000.0,1.0,needs review,0.7380956048677617
Carol,51,2020-10-08 21:32:00,8998,HR,C,1000.0,1.0,ok,1.3445398795960524
Dave,18,2018-02-01 16:10:39,12675,,B,0.0,1.0,,-0.5386662478166016
Frank,64,2023-11-01 22:31:03,4616,Operations,D,0.0,1.0,pending,-2.2669775646487795
Dave,33,2018-11-18 05:38:37,18157,Finance,D,500.0,0.0,excellent,-0.1546583996757878
Dave,54,2021-04-10 00:35:39,7960,IT,B,500.0,1.0,excellent,1.634094184082334
Alice,65,2023-01-31 22:37:19,11366,,A,500.0,1.0,ok,-1.3234431164472056
Alice,40,2023-07-30 18:04:28,12817,Finance,B,500.0,1.0,,-1.8714512121006084
Dave,22,2021-05-09 21:27:02,16651,Finance,A,1500.0,1.0,pending,0.8156991036515968
Bob,43,2019-12-07 10:36:42,11045,,B,1500.0,1.0,excellent,0.6073164980254301
Eve,52,2019-01-04 08:44:21,3118,Sales,C,1000.0,1.0,excellent,-0.5939680140445969
Dave,22,2022-07-29 07:39:12,19434,Finance,A,0.0,0.0,,0.3750086822722153
Dave,29,2018-10-27 22:23:01,7918,Finance,A,1000.0,1.0,,-0.2351716750362203
Bob,20,2023-02-23 13:52:38,4058,Operations,A,0.0,1.0,pending,0.321931410293695
Carol,27,2021-11-14 20:23:18,9657,Finance,,1000.0,1.0,,-0.6503553033988114
Bob,23,2019-08-16 07:34:39,12379,HR,,500.0,0.0,needs review,1.7519349518365142
Carol,66,2020-01-11 19:25:23,19099,,C,1500.0,0.0,pending,-0.4242243533822693
Dave,55,2023-09-07 19:30:16,7813,,D,500.0,0.0,pending,0.5053988309320372
Eve,67,2021-09-13 09:03:30,5640,Operations,B,1000.0,0.0,needs review,0.751493775409591
Dave,35,2019-01-12 00:10:46,3590,IT,D,500.0,1.0,needs review,-0.0930135578866432
Frank,20,2019-03-10 19:59:28,13724,HR,B,1000.0,1.0,ok,1.7477822255004964
Alice,23,2019-07-18 16:10:24,7164,Sales,C,1500.0,1.0,needs review,-0.2271246839861914
Bob,53,2019-10-29 18:55:41,15076,Sales,A,1000.0,1.0,,0.3319223992857326
Alice,49,2023-10-18 11:38:28,4023,Sales,A,500.0,1.0,ok,-1.4273117955880936
Alice,36,2022-09-21 10:37:23,6095,Operations,D,1500.0,1.0,ok,-0.3839524816848934
Bob,24,2023-09-16 08:25:06,10086,Operations,A,500.0,1.0,pending,-0.0605916022345874
Bob,26,2022-11-08 02:52:10,6528,,B,1000.0,1.0,ok,-1.2654655962054189
Frank,31,2019-07-05 23:18:09,4259,IT,D,1000.0,1.0,needs review,-0.258899275632649
Alice,41,2018-06-15 23:10:15,5758,HR,C,0.0,0.0,ok,0.2882725384961161
Carol,46,2019-07-04 02:54:27,14706,IT,D,1000.0,1.0,needs review,-0.2480218011787343
Frank,35,2018-06-09 22:14:18,3413,Operations,A,500.0,1.0,,-2.1041270060733672
Bob,25,2018-02-07 06:53:08,10677,Sales,B,1000.0,0.0,needs review,-1.5150026328992323
Alice,25,2021-04-28 17:24:09,19517,HR,B,1000.0,1.0,pending,0.6424911538409958
Carol,30,2020-02-18 16:24:09,19877,Finance,B,1000.0,1.0,needs review,-0.6066632573617885
Frank,43,2023-01-05 06:58:17,5862,Operations,C,500.0,1.0,,-1.1168171856963165
Carol,32,2021-08-18 16:25:40,3470,,A,500.0,0.0,ok,0.5193095816284345
Eve,53,2018-06-03 08:21:34,6773,HR,B,1000.0,0.0,needs review,0.7595762174488011
Dave,28,2020-01-22 04:53:32,8516,,,1000.0,1.0,needs review,0.067362501137982
Carol,33,2020-12-20 17:19:58,13932,Sales,D,1500.0,1.0,pending,-1.1324942407779337
Alice,57,2017-10-20 02:49:11,8975,Operations,,500.0,1.0,excellent,1.4023311831993823
Bob,53,2021-03-19 04:27:12,10088,Operations,B,1000.0,1.0,pending,-1.2249502223368254
Dave,48,2021-03-09 07:30:45,18670,IT,D,0.0,1.0,pending,2.294755714607048
Frank,46,2018-02-20 02:22:37,5547,HR,D,500.0,1.0,needs review,-0.0372128011362959
Frank,48,2018-08-21 02:01:11,7762,IT,B,1000.0,0.0,excellent,0.8633516450826403
Alice,30,2018-08-03 18:16:02,9210,Finance,B,1500.0,1.0,ok,-1.627497971324619
Carol,23,2022-06-02 00:26:42,3144,Finance,C,500.0,1.0,,1.1577305319184137
Alice,33,2018-06-12 04:20:48,19739,HR,A,0.0,1.0,,0.3448752497094123
Bob,46,2022-05-21 18:17:21,18857,HR,A,1500.0,0.0,,1.694843801814265
Bob,27,2017-10-15 20:52:58,18866,IT,B,1500.0,0.0,,-0.5475040797045084
Carol,18,2018-05-29 08:42:36,19223,HR,D,1000.0,1.0,ok,-0.1137099264360111
Frank,56,2022-02-23 06:24:10,7542,Sales,D,1000.0,0.0,excellent,-1.7589914289887936
Carol,49,2019-09-22 18:07:44,3354,,A,1500.0,0.0,needs review,0.1456962339278953
Alice,61,2019-09-13 21:36:25,17702,,B,0.0,1.0,pending,-2.078813588087649
Alice,36,2019-10-15 00:26:17,8407,Sales,D,1000.0,1.0,excellent,-0.3397749009609729
Dave,59,2018-04-20 21:09:41,7800,HR,D,1000.0,0.0,excellent,-0.1837124891812468
Bob,30,2021-11-29 14:32:42,13945,HR,D,1500.0,0.0,excellent,-0.3930891599443568
Frank,26,2022-10-27 16:55:54,3779,Sales,C,0.0,1.0,needs review,0.5767665056573192
Dave,40,2019-04-12 12:29:10,4453,IT,C,1500.0,0.0,needs review,0.8196475547875576
Bob,66,2021-09-04 23:05:51,4358,Finance,,500.0,0.0,needs review,-0.6121178598535055
Bob,60,2019-05-09 03:35:19,11015,,B,1000.0,0.0,,-1.1972291482850186
Carol,20,2018-10-02 00:59:50,3089,Finance,,0.0,0.0,,0.7775773903945276
Bob,41,2018-06-03 23:07:34,19054,Operations,C,1000.0,1.0,needs review,0.3320033693396286
Bob,45,2020-06-21 10:39:29,18378,HR,C,0.0,1.0,pending,2.389421005243092
Carol,55,2023-09-11 03:08:26,12118,HR,D,1000.0,1.0,needs review,0.7600190375290661
Bob,23,2021-01-14 13:24:22,4591,Sales,D,500.0,1.0,pending,-0.6336892708877851
Carol,38,2020-04-26 12:42:28,9339,Operations,,1000.0,1.0,,1.026244106129524
Alice,20,2023-06-15 16:35:26,5751,Finance,,1000.0,1.0,excellent,-1.2087326634908373
Dave,64,2017-08-12 06:51:21,13288,IT,B,1000.0,0.0,excellent,0.8237596617297847
Eve,63,2018-10-11 04:22:26,11216,Finance,C,500.0,0.0,needs review,-1.2334921874204048
Frank,33,2019-01-18 17:53:42,7297,Finance,,1500.0,1.0,needs review,0.916333805719524
Bob,45,2022-08-17 16:39:39,13732,HR,,0.0,1.0,pending,-1.8374046989116983
Carol,48,2022-11-04 16:10:52,3083,Sales,D,0.0,1.0,ok,0.837972897659447
Alice,25,2019-05-26 19:22:28,14120,IT,,1000.0,1.0,excellent,0.3888896292315881
Alice,66,2020-05-14 14:23:59,19257,HR,C,1000.0,1.0,pending,0.7257555268000174
Eve,54,2020-12-10 09:17:50,12750,Finance,A,1000.0,1.0,needs review,-0.1129685092613061
Dave,59,2018-01-26 13:13:40,4418,,,1000.0,0.0,pending,-0.5000343219412333
Dave,41,2022-02-05 18:47:06,15438,Sales,B,1500.0,0.0,,1.3979435311151769
Dave,18,2020-03-14 04:35:05,13342,Operations,A,1000.0,1.0,pending,0.9502765062387408
Eve,69,2022-08-04 14:11:33,17699,Operations,,1000.0,1.0,needs review,-0.2684626829275875
Carol,41,2017-09-12 06:27:57,19936,Finance,C,500.0,1.0,ok,-0.375549313424928
Bob,64,2020-12-26 06:35:41,6572,,A,1500.0,1.0,,0.4815483966540694
Carol,49,2021-08-13 04:39:34,8998,Operations,,500.0,0.0,,0.5180672913467315
Frank,67,2019-12-06 06:14:44,14662,HR,B,0.0,1.0,pending,0.5678168197409353
Eve,47,2020-04-11 13:24:04,17936,Operations,,1500.0,1.0,excellent,0.4337183574845623
Frank,65,2022-03-01 15:13:12,15594,Finance,,1000.0,0.0,excellent,0.132839659569851
Frank,34,2018-12-15 16:55:48,14651,Operations,B,1000.0,1.0,pending,-0.4714598210617491
Bob,65,2022-01-31 13:21:59,8348,Sales,B,0.0,1.0,pending,-1.604087679183386
Bob,43,2021-11-05 13:27:07,10765,HR,C,0.0,1.0,,0.4134946378350569
Eve,33,2022-10-16 15:28:15,7887,Sales,,0.0,1.0,needs review,0.120118357596332
Bob,51,2023-05-20 23:54:38,7284,IT,D,1000.0,1.0,excellent,-1.523524670005194
Dave,48,2018-02-24 08:13:12,11076,,D,1500.0,1.0,needs review,-1.0202855258851489
Bob,61,2019-03-01 06:40:15,4505,Sales,,1000.0,0.0,excellent,1.4981007118012086
Carol,44,2022-09-07 04:53:14,6749,Operations,,1000.0,1.0,needs review,-0.6455291167837891
Eve,53,2023-01-21 05:38:43,11214,,C,1000.0,1.0,needs review,-2.308212783975863
Bob,52,2021-12-19 15:54:31,18650,Sales,,500.0,0.0,ok,0.5077571052506171
Frank,42,2022-08-12 08:08:16,6134,,D,0.0,1.0,ok,-0.7576093355476463
Alice,31,2023-03-07 15:08:11,18674,,C,1500.0,1.0,excellent,-0.3186357973224947
Eve,66,2019-09-27 21:10:15,15061,,C,1000.0,1.0,excellent,-0.800680395661382
Bob,55,2020-01-20 08:27:14,15966,IT,A,1500.0,1.0,,0.7663079824308909
Bob,56,2018-02-02 06:43:26,3869,HR,C,500.0,1.0,,-1.123784995783604
Eve,69,2019-12-19 15:10:02,4625,HR,B,1000.0,1.0,excellent,-1.0441154000574295
Bob,52,2019-01-15 13:45:37,13696,Operations,,0.0,0.0,excellent,-0.2703340774032542
Carol,41,2020-05-15 06:59:34,15476,HR,B,1000.0,1.0,pending,-0.1272507744363289
Bob,57,2018-09-19 11:00:22,8291,Sales,A,1000.0,0.0,pending,1.446759793590393
Eve,46,2021-09-13 19:38:16,6347,HR,D,0.0,1.0,,0.0951453438023279
Dave,60,2022-06-10 14:00:07,10270,Operations,D,1000.0,0.0,ok,0.353616658517997
Bob,30,2019-01-03 19:07:43,9755,IT,,0.0,1.0,needs review,1.8552455474772056
Eve,29,2019-10-03 19:07:55,13349,Sales,A,500.0,1.0,needs review,1.478443410856431
Frank,46,2020-11-13 17:31:50,19686,Sales,,1000.0,0.0,ok,1.018452827026488
Carol,46,2023-10-17 17:54:55,11100,,C,1500.0,0.0,excellent,-0.3671647185158636
Alice,24,2017-12-03 23:16:00,13540,Sales,A,0.0,0.0,ok,-0.5350040353341827
Carol,34,2023-02-23 06:58:26,10961,HR,D,1500.0,0.0,needs review,0.889208832217947
Dave,23,2018-09-08 16:53:59,7910,Sales,A,0.0,1.0,needs review,-1.036537492541828
Frank,26,2021-02-07 15:33:55,16766,Finance,C,500.0,0.0,needs review,1.388990172921428
Dave,50,2022-07-30 23:31:53,18115,Operations,C,0.0,0.0,excellent,-0.0324279770552778
Eve,46,2022-07-04 00:44:44,13178,Sales,,1000.0,0.0,excellent,1.7992410072622005
Dave,18,2019-03-20 06:55:25,9660,Sales,,1000.0,0.0,pending,0.7627892001073613
Eve,42,2022-02-05 17:50:51,7582,Sales,,0.0,1.0,ok,0.6516486965888544
Frank,29,2023-02-10 01:52:04,15944,Sales,,1500.0,0.0,excellent,-0.3222312099313552
Carol,64,2021-07-06 13:02:19,10140,Finance,,1500.0,1.0,pending,0.739912375377553
Dave,20,2023-05-02 17:53:16,19094,Operations,D,0.0,0.0,needs review,-0.0777042381801201
Frank,67,2017-11-25 06:51:08,5311,Finance,,0.0,0.0,ok,1.468873180859953
Carol,47,2019-02-09 07:09:04,11727,Finance,C,1000.0,1.0,excellent,-0.6838898445353961
Carol,57,2023-02-03 03:41:05,19673,Operations,B,1000.0,0.0,ok,0.0873687398649727
Frank,36,2021-02-14 08:44:59,15178,IT,A,1000.0,1.0,excellent,1.6771440816929208
Eve,41,2019-04-06 17:58:58,3021,IT,,500.0,0.0,pending,-0.4051376599756486
Eve,62,2021-05-06 13:43:45,10538,Operations,C,500.0,1.0,excellent,0.662960258592383
Alice,66,2021-11-29 16:20:01,6512,HR,A,1500.0,0.0,excellent,1.5374039958649672
Eve,46,2018-02-03 10:46:07,7222,HR,B,0.0,0.0,excellent,0.657385066951115
Carol,52,2021-06-24 14:10:42,10629,Sales,C,1000.0,1.0,needs review,-0.4072502572913499
Eve,35,2022-09-07 04:59:28,9237,Finance,C,1000.0,0.0,excellent,0.795831461328086
Alice,62,2019-09-23 08:39:55,14161,Sales,A,500.0,1.0,needs review,1.1290614850102545
Frank,55,2022-05-26 18:01:48,12767,Operations,B,1000.0,0.0,,0.4403814265720435
Carol,42,2020-10-16 15:09:23,4819,,A,500.0,1.0,needs review,-0.4709916354392712
Dave,28,2021-01-30 12:19:44,18879,HR,A,1000.0,0.0,excellent,0.2378861028788039
Frank,59,2023-05-03 17:45:35,4367,HR,,1000.0,1.0,needs review,0.8854262866007068
Dave,53,2020-09-25 08:52:32,10565,HR,B,500.0,1.0,pending,1.069024391811695
Eve,25,2022-02-23 05:11:39,3394,HR,D,0.0,0.0,needs review,-1.5401367855736074
Eve,37,2018-01-05 23:14:28,19284,Operations,B,1500.0,1.0,pending,0.2117117217624808
Bob,25,2020-12-30 08:32:28,13668,Operations,A,1500.0,0.0,,-0.2917089390491172
Alice,41,2020-10-22 14:59:09,11366,Finance,D,1000.0,1.0,pending,-0.8326011002222136
Alice,29,2022-11-14 08:44:31,10582,Operations,A,1000.0,1.0,,-1.4508413328434628
Frank,29,2019-11-07 00:59:10,4594,HR,D,500.0,1.0,,-0.0634671979196129
Alice,56,2021-08-23 15:51:02,10446,Finance,C,0.0,0.0,ok,-0.901937878170326
Frank,37,2020-04-08 19:22:43,4452,IT,A,500.0,0.0,ok,1.3064232807312202
Frank,30,2022-10-14 05:42:20,17967,IT,B,1500.0,1.0,pending,-0.2351567227942485
Bob,61,2020-01-03 04:16:03,4327,Finance,D,1000.0,0.0,excellent,-1.15483514306318
Alice,21,2020-03-24 13:25:32,3986,Sales,,1500.0,1.0,ok,-0.1527669890691051
Frank,20,2021-06-17 19:54:36,15629,HR,B,1500.0,1.0,needs review,0.917832431324062
Frank,52,2018-08-12 07:25:43,9561,Sales,B,0.0,0.0,,-1.896560067294904
Carol,52,2021-02-16 17:34:00,14112,Finance,A,1000.0,1.0,,0.7280215740223875
Carol,42,2023-08-08 12:01:16,7900,Operations,D,1000.0,0.0,needs review,0.7548626861848224
Alice,18,2022-07-20 09:15:38,10013,Finance,B,1500.0,1.0,ok,-0.3721772118741341
Frank,31,2022-11-12 13:42:54,17445,HR,B,1500.0,1.0,ok,-1.816937529385639
Eve,58,2022-03-03 23:17:28,10612,,D,1500.0,1.0,,-0.624214190309081
Alice,46,2020-03-03 02:47:51,4773,HR,A,1500.0,1.0,,0.3628571092679552
Bob,49,2017-09-22 01:17:52,18883,Operations,,0.0,1.0,excellent,-0.9895425012271364
Bob,30,2017-12-16 15:48:01,9818,Finance,A,1000.0,1.0,,-1.69955794920432
Alice,25,2021-03-30 23:46:30,9831,Sales,A,0.0,1.0,ok,-0.9684144882094984
Alice,57,2022-09-04 21:11:09,18216,Finance,,1500.0,0.0,ok,-0.3302753696262707
Dave,62,2019-07-23 11:56:05,4574,HR,A,0.0,1.0,pending,-0.3268355681094848
Carol,20,2017-12-13 16:48:11,9669,Operations,B,500.0,1.0,ok,1.6273585656049108
Alice,54,2020-07-17 11:32:07,19128,HR,D,0.0,0.0,needs review,-1.6532787187542906
Bob,34,2022-01-21 15:48:55,3145,Operations,,0.0,1.0,excellent,-0.5479548719399598
Bob,43,2023-01-27 19:46:08,3056,Sales,C,1000.0,1.0,pending,1.6691920674190088
Frank,63,2023-08-08 17:19:02,18293,Operations,D,500.0,1.0,,-1.1082470206970725
Frank,65,2019-02-10 14:23:16,18744,,,500.0,0.0,ok,-0.6623536366604198
Bob,55,2019-09-22 10:26:52,11926,,C,1000.0,1.0,pending,-0.6582486248220244
Frank,43,2019-06-27 07:05:57,7115,Finance,A,1000.0,0.0,,-1.2143925678561749
Frank,29,2023-09-08 21:42:49,19564,Finance,C,1000.0,1.0,ok,0.9425115285322976
Dave,33,2022-07-06 19:46:19,15343,Finance,D,1500.0,1.0,,1.105944381689419
Dave,24,2020-12-11 06:30:30,19013,Operations,D,1500.0,1.0,excellent,-0.281942247042148
Eve,57,2022-05-03 19:19:50,5329,Sales,,1000.0,0.0,ok,-0.9961519629227578
Dave,36,2021-08-22 02:29:59,3564,IT,D,1000.0,1.0,excellent,0.3201201567099162
Bob,69,2022-12-26 11:46:16,19482,Finance,A,1500.0,1.0,,1.050966395448758
Bob,36,2018-07-11 00:29:20,11987,Sales,C,1500.0,1.0,pending,1.4313367063979443
Eve,43,2021-11-28 18:08:18,16599,IT,D,1500.0,0.0,pending,-0.4809548860221277
Bob,41,2021-10-09 20:22:41,4082,Finance,D,1500.0,1.0,excellent,-0.4108473899905071
Eve,38,2022-10-15 07:27:14,10754,Finance,B,0.0,1.0,excellent,-1.217826939638729
Carol,43,2019-02-04 01:26:09,3718,IT,B,1500.0,1.0,ok,1.0920081089156248
Dave,37,2022-05-14 00:55:46,10693,Sales,B,500.0,0.0,pending,0.1954990921936252
Dave,40,2018-03-24 02:17:11,3017,,C,1500.0,0.0,pending,0.5066167763635955
Frank,58,2018-02-09 17:29:37,9468,Sales,A,0.0,0.0,,-2.054270857045983
Dave,23,2021-11-05 12:18:55,17313,Operations,C,1000.0,1.0,needs review,-1.1702013907016728
Carol,68,2019-03-25 16:00:11,17352,Operations,C,1000.0,0.0,needs review,1.2225446668024558
Carol,56,2019-02-08 08:59:50,11583,Operations,,500.0,1.0,pending,1.0294895983686638
Bob,33,2023-03-24 16:11:49,9995,HR,,500.0,1.0,,-0.0389086501262073
Eve,27,2021-06-28 09:50:24,13139,Finance,B,0.0,1.0,pending,-1.0144921230637527
Dave,40,2022-03-28 14:39:38,17550,Sales,,1000.0,0.0,ok,0.3205889490641041
Alice,24,2022-02-15 12:01:39,17607,Operations,,1000.0,1.0,,0.2006732031780822
Carol,20,2020-04-05 18:20:52,13739,IT,A,1000.0,0.0,pending,0.2779228506541763
Eve,28,2020-01-12 19:07:28,4773,Sales,D,1000.0,1.0,pending,-0.6943581956420467
Alice,22,2022-10-27 07:51:42,11832,HR,A,1500.0,1.0,,0.0618154657213903
Alice,34,2019-05-08 19:14:27,8791,HR,C,0.0,1.0,pending,-0.6203362624564318
Carol,23,2021-01-09 20:27:27,16054,Finance,D,1000.0,1.0,needs review,-1.7585390700196015
Dave,65,2017-10-06 10:53:17,15342,Sales,D,500.0,0.0,,0.0510288512511116
Eve,21,2020-05-22 16:28:48,12314,Sales,D,1000.0,1.0,needs review,-0.9864980971506886
Carol,30,2020-01-08 00:09:18,15859,Finance,B,1000.0,1.0,ok,0.1897735993341678
Dave,31,2022-11-14 01:08:11,8677,Sales,B,0.0,1.0,,-0.022573240722116
Frank,55,2020-02-12 14:29:00,14523,HR,,0.0,1.0,excellent,0.6032421509648886
Eve,62,2018-01-30 13:31:20,16252,Operations,,1000.0,1.0,needs review,1.302021398919034
Bob,25,2020-09-08 11:03:26,15279,,B,1000.0,0.0,,0.1441664117927553
Alice,37,2018-09-02 09:10:19,5309,Sales,A,0.0,1.0,,-0.5129137335970444
Frank,46,2020-11-12 15:43:08,7601,,C,1500.0,0.0,excellent,-0.1374335545059227
Bob,44,2018-10-26 21:08:08,19893,Operations,A,500.0,1.0,needs review,-0.4798061343915413
Dave,44,2019-07-19 06:17:49,19570,HR,,1500.0,1.0,pending,0.2181946011150858
Carol,46,2021-08-01 16:08:07,12796,Sales,B,1500.0,1.0,needs review,-0.3411447137912441
Frank,29,2023-06-05 18:07:50,5034,Sales,D,0.0,0.0,pending,-0.3549565483784971
Alice,35,2021-09-08 16:22:02,11850,Operations,A,1500.0,0.0,pending,2.6503424635363872
Frank,69,2021-05-21 14:26:41,14378,Sales,D,500.0,1.0,excellent,0.7040665725146471
Bob,33,2022-10-01 14:22:01,7536,Operations,A,1000.0,1.0,pending,0.7622145096955392
Frank,25,2019-12-18 05:43:07,12691,Operations,,1000.0,0.0,needs review,2.023807941777235
Bob,47,2022-07-18 10:15:18,14184,Finance,D,1500.0,1.0,pending,-0.6555647345236111
Alice,59,2018-07-14 02:35:28,14776,,B,0.0,1.0,excellent,-1.3810204453211208
Bob,43,2022-04-08 11:47:36,19295,,B,1500.0,1.0,,1.4444133789819131
Eve,62,2019-03-18 21:10:51,3642,Operations,A,500.0,0.0,ok,-0.3047815732253687
Eve,31,2021-05-22 02:22:39,7793,Sales,D,500.0,1.0,pending,-0.2264684309520624
Carol,66,2023-03-13 10:21:48,12335,Operations,A,1000.0,1.0,excellent,-0.4445757044864062
Bob,54,2020-07-30 17:49:11,6430,,C,1000.0,0.0,pending,2.217650676620666
Carol,21,2018-07-14 01:26:37,10892,Operations,D,500.0,1.0,ok,1.1353421049135883
Dave,40,2020-04-24 00:14:27,12846,Finance,B,1000.0,1.0,excellent,-0.6254717796645706
Dave,68,2020-05-01 19:54:43,16629,HR,B,1000.0,0.0,excellent,-0.2304901375101998
Alice,18,2022-04-06 19:46:18,19926,Operations,A,500.0,0.0,,1.8731346572916991
Alice,69,2019-01-06 12:11:43,4960,Operations,A,500.0,1.0,needs review,-0.6194347401556002
Eve,20,2019-04-16 03:10:42,16755,Sales,,500.0,1.0,,-0.5840334663574088
Alice,21,2019-08-28 21:16:13,10893,Operations,,0.0,1.0,,-0.1009670285230421
Dave,44,2020-02-14 19:13:18,18329,Operations,A,1000.0,1.0,excellent,-2.202221110674063
Eve,18,2021-09-12 17:18:26,12264,Sales,A,0.0,1.0,needs review,1.2665305321932196
Carol,60,2020-09-29 02:38:10,9410,IT,D,1500.0,0.0,pending,0.0688592753251938
Alice,20,2020-03-06 05:41:14,14775,Operations,C,1500.0,0.0,excellent,-0.3690152136394902
Carol,39,2021-10-15 21:07:33,18771,IT,D,500.0,1.0,ok,-1.0197167977130182
Carol,19,2018-09-24 09:14:55,13696,,B,500.0,0.0,ok,0.966600426041516
Frank,22,2021-05-17 00:18:54,8239,Operations,A,0.0,1.0,excellent,1.3733844426541524
Eve,56,2018-03-02 17:50:40,5037,,A,1000.0,0.0,pending,-1.4310402423758417
Carol,42,2018-06-23 21:07:24,6006,Operations,,500.0,1.0,,-0.7189342444783294
Dave,45,2019-01-25 04:44:16,8578,,C,1500.0,1.0,needs review,-0.9876417067144264
Frank,30,2020-10-18 15:03:10,11759,HR,,1000.0,1.0,ok,-0.7852241970780016
Eve,60,2018-11-27 19:30:07,19114,Sales,C,500.0,1.0,,-1.297727793973698
Carol,44,2020-11-11 16:27:19,16603,Operations,C,500.0,0.0,needs review,-0.7429330520526446
Dave,24,2018-04-28 15:16:16,14859,HR,C,1000.0,1.0,,-0.4231775016939723
Alice,48,2018-01-24 17:23:01,9375,HR,A,500.0,1.0,excellent,-0.1470804699272883
Eve,18,2018-07-03 06:43:36,16881,Operations,B,0.0,1.0,,1.322415472646016
Bob,33,2021-02-03 15:30:06,19524,HR,C,500.0,0.0,excellent,0.2604362260312212
Dave,19,2021-02-15 20:19:02,14130,Operations,B,1500.0,1.0,pending,0.1635113678896933
Dave,65,2021-01-29 20:45:32,19885,IT,C,1000.0,1.0,,-0.5037523871145451
Alice,45,2020-08-02 23:42:13,7084,,,1000.0,0.0,ok,1.0301839152799197
Carol,67,2017-08-26 06:59:27,13044,,,1000.0,0.0,excellent,0.3422607898695629
Carol,65,2020-07-17 08:50:23,4677,HR,B,1500.0,0.0,ok,1.3773686898924395
Carol,56,2017-12-07 02:15:44,7508,Sales,D,1500.0,0.0,excellent,-0.4924373147866077
Bob,69,2020-04-26 22:46:43,16471,Finance,B,1000.0,1.0,,0.9774129056836028
Eve,41,2023-03-15 16:46:13,13849,HR,C,1500.0,1.0,excellent,0.382814377494499
Alice,32,2020-02-13 04:13:15,17734,HR,D,0.0,0.0,,1.251100605712845
Carol,54,2022-12-04 11:39:32,14893,,B,500.0,0.0,needs review,0.9077399211428736
Alice,41,2022-05-19 19:20:12,12574,Sales,C,0.0,0.0,ok,-0.8584281704523619
Carol,33,2022-11-07 15:16:05,17796,Finance,A,500.0,0.0,pending,-0.5877997827170328
Bob,60,2018-02-25 22:04:21,15774,Operations,C,1500.0,1.0,ok,-0.0794409618614482
Bob,60,2020-02-17 13:52:23,4551,HR,B,1000.0,1.0,needs review,-2.111516266293761
Carol,33,2019-09-17 02:17:52,7440,Finance,A,500.0,1.0,pending,-0.7916834610119492
Bob,33,2021-10-02 14:35:42,3095,,A,1500.0,0.0,ok,0.2924236707450433
Eve,60,2021-10-17 03:01:18,9662,Finance,D,1000.0,1.0,excellent,0.5928117829163884
Dave,28,2023-08-23 07:20:07,9981,HR,B,0.0,1.0,needs review,0.7544916468319863
Carol,50,2023-08-08 04:39:47,9601,HR,D,0.0,0.0,pending,-1.2595741081930032
Carol,47,2020-12-22 02:39:37,6539,HR,A,1000.0,1.0,ok,0.2539031364780408
Eve,44,2018-09-18 08:41:40,11769,HR,A,0.0,1.0,needs review,-1.0673671482333142
Eve,59,2018-06-08 22:09:34,4295,,,1000.0,1.0,excellent,1.0980672080211873
Dave,54,2018-02-27 06:44:36,18657,Finance,,0.0,0.0,,1.2728446934747055
Alice,27,2022-03-22 19:18:26,10550,Operations,B,0.0,0.0,pending,0.0599252328177988
Alice,35,2023-06-30 14:05:51,6629,,C,1000.0,0.0,needs review,-0.0747151998424415
Dave,19,2023-03-30 23:52:55,15133,Operations,A,1000.0,0.0,pending,1.24049560128506
Carol,41,2023-05-13 01:49:45,11866,HR,A,0.0,1.0,needs review,-1.3024414458831894
Dave,50,2021-03-16 02:57:48,13680,IT,B,0.0,0.0,pending,0.8386741547445585
Alice,48,2020-12-10 13:08:23,15834,Sales,B,1000.0,1.0,ok,-0.2102161459587028
Alice,24,2018-03-10 04:53:00,8287,Sales,B,1500.0,1.0,excellent,0.3445969529589254
Dave,60,2021-09-14 21:48:56,17617,,B,0.0,1.0,ok,0.5348035960198726
Frank,48,2022-07-20 23:54:38,9163,Finance,D,0.0,1.0,needs review,-0.96414571388923
Carol,30,2022-01-23 12:08:13,7833,Sales,A,1000.0,1.0,needs review,-1.3511609763339816
Eve,59,2022-05-31 06:35:25,17725,Finance,D,1500.0,1.0,ok,1.032259938682481
Alice,49,2019-01-27 09:59:18,8426,Operations,,1000.0,0.0,ok,0.4789093647182142
Eve,69,2017-10-29 14:54:55,19031,Finance,B,1000.0,1.0,pending,-0.4573993350240843
Frank,31,2018-04-22 11:30:55,17803,IT,,1500.0,0.0,excellent,-0.1710823036129807
Alice,62,2020-06-29 15:29:28,3334,Finance,A,0.0,0.0,needs review,-0.4692667018248602
Bob,60,2023-03-21 17:30:33,4050,HR,,1000.0,1.0,excellent,1.3797616373988717
Eve,34,2022-07-24 10:14:45,7191,Finance,,0.0,1.0,needs review,-1.1802458088112404
Eve,22,2023-04-06 08:42:58,11665,Finance,,1500.0,1.0,pending,-0.6217387986306072
Alice,56,2023-05-13 20:42:26,17799,Operations,B,0.0,1.0,ok,0.0845954614924663
Frank,64,2019-05-15 09:33:24,18846,Sales,B,500.0,1.0,,-0.3030051114394624
Alice,24,2019-02-21 18:25:31,5455,Sales,,500.0,1.0,excellent,-0.548631596065644
Eve,25,2021-03-06 03:16:13,4915,Operations,D,1500.0,1.0,excellent,0.6804010094385124
Eve,45,2020-03-22 21:48:54,13672,HR,B,500.0,1.0,needs review,-0.2122522251671891
Carol,24,2019-01-28 23:40:58,9820,HR,C,1000.0,0.0,excellent,0.6562597492165342
Carol,44,2023-03-31 20:20:56,6776,HR,,1500.0,0.0,needs review,1.204902289512347
Eve,25,2018-03-19 07:31:53,14056,Sales,D,0.0,1.0,excellent,2.0224381115747088
Alice,27,2022-08-27 11:48:23,6084,IT,C,1500.0,1.0,needs review,-1.0600835490802618
Carol,19,2022-04-07 07:14:09,8960,IT,D,1000.0,1.0,pending,1.3561113544253487
Alice,36,2022-11-19 14:12:22,12299,Sales,B,500.0,1.0,pending,-1.781078041079316
Dave,30,2020-12-17 04:38:30,17384,Operations,B,0.0,0.0,pending,1.3742734517016266
Eve,19,2020-07-24 10:15:22,8284,Finance,,500.0,0.0,needs review,-1.0086082397506897
Dave,22,2019-01-24 04:46:39,6152,,B,500.0,0.0,needs review,-1.2508921517251257
Dave,43,2022-02-22 11:53:24,15305,HR,D,1000.0,1.0,needs review,0.5947744291961674
Carol,57,2020-03-02 02:30:31,8830,HR,,0.0,1.0,needs review,-0.6093815088539606
Eve,69,2020-02-11 04:57:51,3412,,A,0.0,0.0,ok,0.3978039707607408
Eve,61,2017-11-28 21:58:29,4711,HR,A,0.0,1.0,ok,0.131268721436548
Carol,29,2021-05-17 02:54:42,11047,Finance,,1500.0,0.0,pending,0.3556667968956349
Bob,24,2019-02-22 05:03:57,16505,Finance,,1500.0,1.0,,-0.5561812332816553
Eve,52,2022-04-14 23:32:26,14881,Finance,B,1500.0,1.0,needs review,0.4482417530418337
Bob,61,2020-08-02 20:48:33,17844,Operations,,1000.0,0.0,pending,0.8107648992673467
Alice,67,2018-04-17 16:16:49,17839,IT,B,500.0,1.0,excellent,0.7400487092469603
Dave,60,2021-02-07 11:25:27,12539,Finance,,0.0,0.0,excellent,1.258559668260402
Alice,22,2023-10-26 23:34:14,6477,HR,D,500.0,1.0,,0.6605135157258083
Carol,65,2021-01-20 07:18:03,16871,Operations,D,0.0,1.0,,1.1120968781068703
Bob,46,2020-09-26 19:30:06,12592,,,1000.0,1.0,excellent,0.5901091719908867
Carol,63,2018-02-10 08:14:07,3064,HR,D,500.0,1.0,,0.0065809048532928
Carol,30,2023-07-26 17:55:15,13994,Sales,,1000.0,1.0,excellent,-0.5346563937101453
Alice,46,2018-04-30 09:05:34,6086,Operations,C,1500.0,0.0,ok,-0.6129105039280844
Alice,37,2020-10-27 16:24:36,6430,HR,C,1000.0,1.0,pending,0.272129780341374
Frank,46,2020-02-19 17:11:18,10126,HR,D,1000.0,1.0,excellent,0.2099518846952535
Carol,18,2019-04-22 08:54:50,4415,,C,1000.0,1.0,,-0.0395694771782424
Carol,28,2021-08-24 07:31:46,13315,Finance,B,1500.0,0.0,ok,-1.813847445665323
Carol,54,2020-08-01 06:11:26,16716,HR,A,1000.0,1.0,ok,1.510498527382873
Dave,49,2017-08-31 14:23:58,3532,IT,D,1000.0,1.0,excellent,-1.803888592898197
Dave,40,2018-02-28 08:26:53,16080,IT,A,1500.0,1.0,needs review,-1.5811629378685292
Dave,43,2018-08-17 06:36:52,18099,Operations,B,1500.0,1.0,pending,0.3297081695550326
Dave,66,2021-10-24 08:25:46,16964,Operations,B,0.0,0.0,,2.2964924189081293
Carol,28,2017-08-18 08:53:22,3701,,,0.0,1.0,excellent,-1.39168504570684
Eve,64,2023-10-19 12:11:17,17556,IT,B,1000.0,0.0,pending,0.3181718163171908
Alice,27,2020-07-07 08:22:52,3717,Sales,D,500.0,1.0,ok,1.5956614007286083
Carol,66,2018-06-06 09:48:37,6356,,B,500.0,1.0,,1.4727670486570827
Alice,27,2023-10-06 16:08:37,12549,IT,,1500.0,0.0,excellent,0.2399148585643462
Carol,28,2018-11-22 02:16:04,6550,Finance,B,1500.0,0.0,pending,2.133205031282074
Eve,59,2022-02-10 08:47:14,16568,Operations,A,0.0,1.0,pending,-0.1578022167256592
Carol,50,2018-11-10 18:42:39,7164,IT,C,500.0,0.0,,-0.5947739509327008
Frank,30,2021-10-23 18:44:11,5321,Sales,,0.0,0.0,ok,1.209949634850305
Alice,37,2021-05-23 17:20:09,15655,,D,1500.0,0.0,needs review,-0.727183555024995
Carol,23,2021-05-03 03:50:02,9644,Finance,C,500.0,1.0,ok,0.5688226225467872
Eve,19,2017-11-27 03:53:15,7285,Finance,,1500.0,0.0,pending,-1.3493035500464696
Eve,52,2020-06-03 09:46:10,12053,Sales,B,1500.0,0.0,excellent,-2.298600277581879
Dave,57,2021-08-17 10:28:46,4478,Operations,D,1500.0,0.0,pending,0.6376580601049294
Bob,46,2018-12-10 22:41:40,4581,Sales,C,1500.0,0.0,,0.7014262912301739
Eve,55,2023-11-07 23:48:05,18945,HR,C,1000.0,0.0,excellent,0.8143351580865597
Dave,50,2021-03-22 02:59:27,7184,Finance,B,1500.0,1.0,excellent,1.1370501535500186
Dave,43,2019-04-22 19:37:17,11637,Operations,D,1000.0,1.0,,1.8337080908903791
Frank,53,2017-07-28 08:20:01,16414,Operations,,0.0,1.0,needs review,-0.3447834860370255
Eve,62,2019-01-30 03:41:08,4705,Sales,A,0.0,1.0,pending,-0.8333796368435266
Carol,21,2019-09-09 11:05:06,19809,HR,C,0.0,1.0,pending,2.088478869595206
Carol,65,2019-11-02 01:24:54,18329,IT,C,500.0,1.0,needs review,-0.3314584489064833
Bob,39,2023-11-04 00:04:46,6333,Sales,B,1500.0,1.0,needs review,1.1205723048591798
Eve,63,2023-09-14 23:01:29,12269,IT,,1000.0,0.0,pending,1.5072815234472363
Dave,42,2018-08-27 05:12:33,16040,IT,,1000.0,1.0,pending,-0.4147546031914464
Frank,49,2021-07-17 18:41:54,12667,Finance,D,1000.0,1.0,ok,1.0478259621463262
Bob,44,2017-08-26 10:42:55,13600,Sales,,0.0,1.0,pending,0.0522645347378162
Dave,26,2019-08-03 20:24:57,8123,IT,A,1000.0,1.0,ok,0.8370786142233536
Frank,39,2020-03-19 17:08:54,10550,IT,,1500.0,1.0,pending,-2.185074558431052
Frank,61,2021-01-28 02:40:08,14840,,A,0.0,1.0,excellent,1.2510673239935663
Eve,28,2018-04-15 00:33:17,6350,IT,B,1000.0,1.0,excellent,-0.2519944812723195
Alice,22,2017-07-18 00:04:01,3927,IT,C,1000.0,1.0,needs review,0.7451509257766119
Carol,21,2021-09-27 04:34:50,10312,Sales,B,0.0,1.0,,-1.2911381525411372
Bob,25,2021-06-10 04:59:06,6512,IT,,1500.0,0.0,needs review,-1.3402229999166142
Frank,42,2021-09-24 13:22:44,7377,HR,,0.0,1.0,,0.0832175692876607
Frank,36,2018-07-21 13:53:02,17007,HR,,500.0,1.0,needs review,-0.1036096488801244
Dave,30,2022-01-01 01:29:42,5966,Finance,,0.0,1.0,pending,2.7819005020921144
Carol,42,2023-02-15 12:35:10,11739,Sales,,500.0,0.0,,0.1976458027734909
Eve,69,2020-08-03 06:17:05,18942,HR,B,1000.0,1.0,needs review,-1.419453993943027
Bob,37,2021-01-05 11:20:23,16063,IT,A,0.0,1.0,ok,-0.9210306013317168
Dave,47,2021-05-19 08:25:44,5306,Finance,D,1000.0,1.0,needs review,-0.6311653768446019
Dave,47,2021-06-02 02:29:13,5792,,A,500.0,1.0,needs review,-0.9468472931039952
Dave,66,2018-07-13 03:33:07,14857,Operations,,1500.0,1.0,,0.0824773646491771
Bob,59,2018-11-28 23:00:07,17886,IT,B,500.0,1.0,excellent,-0.281074597501497
Dave,50,2018-06-02 16:42:43,6410,,C,1500.0,0.0,excellent,-0.1578832962724228
Dave,24,2023-06-13 05:47:34,6033,HR,A,1000.0,0.0,pending,0.7098305662160568
Bob,43,2022-12-27 03:20:25,4214,HR,A,500.0,0.0,needs review,0.5061965163598667
Alice,47,2023-05-21 10:54:46,19446,,C,500.0,1.0,needs review,-2.2399572894128874
Carol,42,2022-11-04 12:08:05,13534,Finance,D,0.0,0.0,ok,0.3597948381652097
Dave,26,2022-12-21 03:12:51,12241,,C,1000.0,1.0,pending,0.4536627436105928
Eve,34,2023-04-25 08:58:03,13250,Sales,A,1000.0,1.0,ok,-2.9436498845044574
Bob,39,2020-11-09 20:03:41,16089,Sales,,1000.0,1.0,excellent,0.0132216182488989
Dave,55,2018-05-18 02:10:21,12342,IT,A,1500.0,0.0,excellent,-1.1041384238511731
Carol,46,2020-09-28 10:31:58,4734,Operations,,1000.0,1.0,ok,-0.4865074406832265
Carol,37,2018-07-08 12:57:40,17025,Finance,A,1000.0,0.0,excellent,0.0243951976671629
Dave,21,2022-08-25 10:25:24,12101,HR,A,1000.0,1.0,ok,-1.311927566357986
Dave,65,2021-05-27 14:36:06,11869,,D,500.0,1.0,excellent,1.77543510405973
Dave,58,2023-07-22 17:43:38,5794,Operations,A,0.0,0.0,pending,0.2847959452753354
Frank,22,2018-04-17 15:00:48,17457,IT,B,1500.0,1.0,excellent,-0.0939750845405132
Dave,68,2018-02-13 19:56:58,9152,Operations,D,1000.0,0.0,,-0.6297137327562972
Carol,64,2022-02-05 22:28:28,15327,,C,1500.0,1.0,excellent,-0.8174431174815487
Alice,64,2020-03-15 06:18:14,5106,Finance,A,500.0,0.0,,1.8429539615520212
Frank,40,2021-12-22 10:55:19,19187,Sales,C,500.0,1.0,excellent,1.0899268372856723
Bob,54,2017-08-23 06:55:36,6948,IT,C,500.0,1.0,needs review,1.4082785545574206
Alice,35,2021-06-09 18:10:45,10346,Sales,B,0.0,1.0,needs review,1.5775844044245042
Frank,42,2020-10-14 06:50:11,10997,Sales,C,1000.0,1.0,ok,-0.97866564048407
Eve,41,2021-07-15 13:30:22,19375,Operations,B,0.0,1.0,ok,-1.720529862774098
Alice,42,2019-07-03 22:45:06,18229,IT,B,1000.0,1.0,excellent,0.2145264234196386
Carol,52,2020-03-27 17:13:24,17401,IT,C,1500.0,0.0,ok,2.071418018348992
Bob,22,2023-08-12 03:46:54,17344,Finance,D,500.0,1.0,ok,-0.8577462519463854
Carol,69,2017-11-17 22:50:09,12296,Sales,A,500.0,1.0,excellent,1.3564647049111629
Carol,66,2017-12-13 11:32:37,19931,Sales,B,1000.0,1.0,,-0.8615797812632682
Alice,45,2022-03-01 02:24:36,6432,HR,C,0.0,1.0,pending,-0.1815215608830068
Bob,39,2022-03-13 23:50:09,18715,HR,C,0.0,0.0,pending,-0.3565234510752674
Eve,45,2018-01-27 16:51:03,3515,IT,B,0.0,1.0,excellent,1.4773367038946923
Frank,18,2022-09-11 17:17:10,6070,,C,1000.0,1.0,excellent,0.8925087787720835
Frank,51,2023-01-24 22:55:04,12380,HR,A,0.0,1.0,,-0.8537743563572673
Bob,36,2020-10-22 01:32:22,14260,Sales,B,500.0,1.0,,0.7441242177333984
Eve,66,2019-07-30 05:38:20,19043,HR,A,1000.0,1.0,pending,0.8854014797954428
Carol,30,2019-10-20 19:39:01,5336,Sales,D,1500.0,1.0,excellent,-0.3545879225009697
Alice,38,2019-04-15 01:54:02,4140,,B,1500.0,1.0,excellent,1.6401527845677553
Carol,52,2018-01-07 18:57:48,15660,HR,B,1000.0,1.0,excellent,-0.1982783212463531
Alice,59,2020-12-17 20:18:52,13404,,A,0.0,1.0,pending,-0.9365582537772298
Alice,35,2022-12-25 14:00:16,19231,HR,C,1500.0,1.0,excellent,1.283128384897966
Dave,61,2023-10-21 16:57:46,10720,,B,1000.0,1.0,needs review,0.5195235995147204
Dave,42,2019-09-02 18:52:50,5356,HR,B,500.0,1.0,ok,0.4939966881464416
Alice,34,2022-02-13 00:32:41,10088,Sales,C,1000.0,1.0,excellent,-0.6331518446457408
Alice,64,2019-11-27 02:46:59,16441,Operations,,1000.0,1.0,ok,0.7437568304140582
Dave,28,2021-11-22 06:04:50,15387,IT,B,1000.0,1.0,excellent,0.5160205798147969
Dave,28,2019-01-04 06:35:20,6033,,B,1000.0,1.0,pending,0.3145119854093959
Carol,41,2018-08-22 00:35:22,10436,,B,1500.0,0.0,needs review,-0.8520504742934033
Frank,59,2018-03-16 06:35:09,14062,IT,B,1000.0,1.0,pending,-0.9959280239953742
Alice,52,2020-06-19 11:21:06,3452,HR,A,1000.0,1.0,ok,-0.7991842067339653
Eve,54,2018-02-27 10:15:01,13001,IT,D,1000.0,0.0,,-0.3685458711210432
Eve,23,2018-12-24 21:42:07,7810,Finance,C,500.0,1.0,needs review,-2.023942552581021
Carol,48,2019-11-25 14:57:27,4202,Sales,,0.0,1.0,ok,-1.7496792168683266
Bob,58,2023-05-13 10:43:47,16247,Sales,A,1500.0,1.0,needs review,-0.763553075131473
Eve,21,2023-10-29 05:18:02,14195,Operations,B,1500.0,1.0,excellent,1.0264824850723668
Frank,65,2022-05-09 16:18:48,7397,Operations,,1500.0,1.0,ok,1.075960434828569
Carol,49,2021-01-24 01:46:31,19588,HR,,0.0,1.0,ok,-1.325266545205623
Bob,55,2022-05-19 14:45:09,17920,,B,1500.0,0.0,needs review,0.6138714929686447
Eve,65,2020-07-28 18:24:45,16407,,,500.0,1.0,pending,0.4623185925814234
Eve,35,2019-01-10 22:23:47,9878,HR,D,1500.0,1.0,pending,-0.516304600467133
Bob,34,2021-11-06 11:09:24,3053,Finance,A,0.0,0.0,,-0.3411737271662307
Bob,40,2020-08-29 14:24:09,9776,,B,1500.0,1.0,,-1.2475331218781107
Dave,30,2023-04-04 08:04:53,9883,Sales,A,0.0,1.0,excellent,0.8763300599555925
Carol,48,2020-11-04 19:12:27,3257,,A,1000.0,1.0,,0.4120636032598967
Bob,24,2022-04-17 21:05:29,13709,Operations,B,0.0,1.0,pending,-0.104501297127974
Eve,52,2019-12-30 09:37:24,11252,Sales,,1000.0,1.0,ok,-0.5972141778118375
Carol,32,2020-09-02 14:37:43,4026,HR,,1500.0,0.0,pending,0.0935512585090095
Frank,30,2020-03-03 13:15:27,8272,Sales,,1000.0,0.0,needs review,-1.46551576144282
Frank,58,2017-10-11 07:51:29,11709,Operations,,0.0,1.0,pending,0.5767681663333594
Alice,57,2021-02-04 20:07:08,5794,IT,C,500.0,0.0,ok,1.795317138122228
Bob,38,2020-09-05 06:59:01,10846,IT,A,500.0,1.0,pending,0.0261471023365606
Alice,55,2018-11-27 10:18:27,16452,HR,C,0.0,1.0,ok,-1.858265174434872
Alice,27,2019-07-11 16:26:31,10497,Sales,,1000.0,1.0,pending,1.3983218347050492
Alice,66,2018-12-30 16:56:45,3710,HR,D,0.0,1.0,excellent,0.6092777096826969
Dave,49,2023-11-07 23:10:01,3173,HR,D,1000.0,1.0,excellent,-1.755475039384925
Bob,67,2021-11-25 18:23:49,14272,IT,,1000.0,1.0,needs review,1.4947856810148037
Eve,48,2023-06-22 16:19:39,4294,Finance,,1000.0,1.0,pending,0.7548976515681032
Eve,46,2021-04-07 02:23:00,18352,IT,D,1000.0,0.0,needs review,-1.3318102095749822
Alice,52,2018-10-11 10:50:48,15858,,C,500.0,1.0,,0.4958094275732141
Carol,63,2018-03-20 17:53:08,19500,Operations,,0.0,1.0,,1.1027200340986274
Bob,19,2021-04-06 08:57:40,6357,,,1000.0,1.0,ok,-0.5173051519619305
Carol,30,2018-10-15 01:04:58,5721,Sales,D,0.0,1.0,pending,1.5511326600694748
Bob,33,2021-02-04 00:04:24,15925,HR,,0.0,1.0,pending,0.5406651603815341
Bob,42,2023-02-13 04:59:31,13214,Finance,C,0.0,1.0,pending,0.4527331546518906
Eve,33,2018-07-17 02:51:24,6755,Finance,C,1000.0,1.0,,-0.1527758208351498
Carol,69,2022-10-24 07:47:16,8503,Sales,D,1000.0,1.0,needs review,1.1803658896227192
Frank,53,2021-05-02 22:54:10,7433,Finance,D,0.0,0.0,excellent,0.0957798252264875
Carol,36,2017-08-11 13:22:45,5239,Operations,D,1000.0,0.0,excellent,0.3403787046568017
Eve,39,2023-03-13 00:35:40,10676,Finance,,0.0,1.0,pending,0.2098618982307886
Dave,30,2021-09-15 17:21:08,13832,IT,C,1000.0,0.0,needs review,1.1066894942983228
Bob,60,2019-11-29 19:58:40,10119,IT,C,500.0,0.0,pending,-1.25589278445415
Dave,46,2020-01-30 20:56:04,12511,IT,C,1500.0,1.0,,0.2718469260263982
Carol,37,2021-05-08 09:51:23,6369,Finance,A,1500.0,1.0,,0.1139558866919648
Frank,61,2018-07-27 10:11:00,16450,Finance,D,1500.0,0.0,ok,0.2940674201768313
Frank,62,2018-04-25 10:43:15,16815,Operations,D,0.0,0.0,,-0.8996655357115231
Carol,65,2020-11-20 06:25:49,13903,Sales,C,1500.0,1.0,pending,2.151572060941093
Alice,27,2017-10-02 22:37:22,14885,HR,A,1000.0,0.0,pending,1.5314755113961602
Alice,22,2017-07-26 11:49:55,9006,HR,A,500.0,0.0,needs review,0.141296537089034
Carol,60,2022-06-01 06:31:13,12714,Operations,D,1500.0,0.0,ok,-0.7599422287031766
Carol,69,2019-02-05 02:53:30,5657,IT,C,1000.0,1.0,needs review,1.1725542915909246
Dave,63,2023-08-21 22:08:40,15863,Sales,D,1500.0,1.0,ok,-1.551109698314555
Frank,41,2022-11-01 01:18:15,11376,,B,1500.0,0.0,ok,-0.4901553341407856
Carol,39,2019-04-16 23:10:36,3257,Operations,C,0.0,1.0,ok,0.3793997254834967
Carol,59,2019-11-24 12:19:46,4587,Sales,A,1500.0,1.0,excellent,-1.3207028680003108
Carol,59,2023-10-18 21:07:00,3350,Finance,C,0.0,0.0,,0.0843955666778125
Dave,40,2023-11-06 12:36:14,4002,HR,B,1000.0,1.0,ok,-0.5285667226600334
Alice,51,2020-04-19 09:30:58,3812,IT,C,500.0,0.0,needs review,-0.4208814767436337
Bob,45,2017-08-11 23:52:49,13363,Operations,D,1500.0,1.0,excellent,1.058984662666809
Frank,66,2022-12-12 07:47:28,4990,,,1000.0,0.0,pending,0.2921616181060516
Carol,31,2020-01-17 15:28:59,11397,Operations,D,1000.0,0.0,excellent,-0.3117656300376684
Alice,66,2018-05-27 23:22:29,12654,Finance,D,1500.0,0.0,excellent,-0.9977281566782504
Eve,18,2018-05-23 20:48:19,5976,IT,,0.0,1.0,excellent,-0.5365808375077115
Dave,65,2022-06-15 04:55:48,8668,Sales,C,1500.0,0.0,,-0.8650895482968154
Carol,23,2021-09-25 18:27:05,3684,,D,500.0,1.0,pending,0.0233488381812108
Eve,59,2022-08-11 20:00:25,12578,HR,A,500.0,1.0,,-0.0007560702485589
Carol,28,2023-06-04 06:13:24,11677,HR,B,1500.0,1.0,needs review,-0.4607480816740961
Dave,19,2020-12-03 17:39:31,13262,Sales,D,0.0,1.0,,0.5182410143069529
Dave,22,2021-11-05 17:04:31,19560,Sales,B,1000.0,1.0,excellent,0.5026551076689723
Dave,58,2019-09-25 23:25:50,12452,,C,0.0,1.0,excellent,-1.531735389902015
Dave,44,2021-12-25 21:43:55,4152,IT,B,1000.0,1.0,,1.5729952859864462
Carol,60,2021-07-06 00:32:43,3250,Sales,,0.0,0.0,pending,2.637589335504364
Frank,40,2023-04-25 01:47:59,8530,HR,,1000.0,0.0,,1.2793905383173645
Carol,33,2021-03-17 03:13:04,3281,IT,A,1000.0,1.0,ok,1.2081540148209666
Frank,54,2020-06-22 06:27:49,13277,Sales,D,500.0,1.0,excellent,0.2446902394026937
Carol,65,2018-01-16 02:55:16,10807,Finance,D,1000.0,1.0,ok,-0.0421296332300646
Bob,57,2023-10-08 20:30:04,13218,IT,,1000.0,1.0,ok,0.3975060704522205
Frank,57,2021-10-21 13:51:29,17594,Finance,D,1500.0,1.0,needs review,0.0222143090693699
Eve,62,2018-09-14 18:58:18,9259,HR,B,0.0,1.0,excellent,-1.00242183311006
Dave,49,2019-09-26 22:46:01,9652,,D,500.0,1.0,excellent,0.6636742469334701
Eve,42,2022-09-14 15:12:05,19135,HR,C,1000.0,1.0,pending,-0.3299962324612294
Alice,44,2019-06-17 02:09:24,4812,IT,D,1500.0,0.0,needs review,-1.6509147192290332
Frank,50,2018-01-09 01:43:28,17253,,,0.0,0.0,excellent,0.0620147946831852
Alice,51,2019-05-25 14:49:01,10633,HR,A,1000.0,0.0,pending,0.2225454352677252
Frank,31,2020-11-22 07:58:17,16066,IT,B,1000.0,1.0,pending,-0.2602950859862699
Alice,50,2020-09-18 16:45:33,5318,Operations,C,1500.0,0.0,,-0.678321775726955
Eve,62,2017-09-21 08:32:33,8914,Sales,C,1000.0,0.0,,0.9113449892117176
Frank,58,2020-01-07 01:26:18,7743,Operations,,500.0,1.0,excellent,-0.9310193983551972
Carol,29,2019-03-17 14:09:09,17934,Sales,D,0.0,1.0,excellent,0.4334785215864873
Eve,60,2019-10-21 23:59:32,12332,HR,D,1000.0,1.0,excellent,0.8029173384550973
Frank,25,2022-02-05 00:44:00,16220,HR,C,1000.0,1.0,ok,-1.3083379716086392
Carol,30,2021-03-30 10:14:11,10550,IT,,1000.0,1.0,,-0.0119405812897165
Dave,24,2019-09-23 09:40:34,14388,Finance,A,1500.0,1.0,needs review,0.7549435471506174
Dave,59,2021-03-29 03:19:24,16379,IT,,1000.0,1.0,pending,-1.2225778018431102
Alice,24,2021-04-23 20:19:17,14591,HR,,1000.0,1.0,excellent,0.1466692481310343
Dave,69,2018-02-22 13:24:01,18261,Operations,,1000.0,0.0,ok,0.2458987840375463
Bob,29,2019-07-06 03:07:36,9308,Finance,A,1500.0,0.0,,-0.2602885683508721
Frank,38,2022-03-08 16:25:40,17982,Sales,B,0.0,0.0,pending,0.0785446589823881
Carol,68,2019-03-17 07:38:54,14613,,,1000.0,1.0,,0.7630920543710523
Alice,52,2020-11-01 08:24:41,18266,HR,C,1000.0,0.0,,-0.165071970113089
Carol,56,2018-02-26 15:48:09,14668,HR,C,1000.0,1.0,,-0.767649777696124
Eve,57,2021-02-21 17:48:08,7542,Finance,C,0.0,0.0,needs review,-0.1050702976919925
Eve,48,2017-11-19 10:05:24,17874,,A,500.0,1.0,ok,-1.4964808940092238
Carol,64,2021-08-01 23:35:54,10044,,B,1500.0,1.0,excellent,-0.7886705765472046
Carol,39,2020-03-04 21:52:52,7086,HR,A,0.0,1.0,,-0.5434613982543208
Bob,54,2019-06-04 17:08:37,11961,Finance,C,1000.0,1.0,needs review,-0.4315642329813173
Bob,46,2017-12-18 18:09:58,8073,Sales,A,1000.0,1.0,pending,-2.409706618586118
Bob,18,2021-09-29 14:01:11,3468,Finance,C,0.0,1.0,needs review,0.2292492724519213
Eve,47,2022-12-02 09:53:53,14166,IT,C,1000.0,1.0,excellent,0.7529081817768687
Alice,49,2020-11-13 14:41:10,17550,HR,D,500.0,1.0,,-1.022960737792703
Frank,25,2023-11-06 20:37:50,15361,Sales,,1000.0,1.0,needs review,-0.365917658628448
Carol,69,2022-09-22 05:48:54,8755,Finance,C,0.0,0.0,excellent,0.5818979662453474
Frank,59,2019-04-04 12:11:27,4757,Finance,,1000.0,0.0,excellent,0.3208976096289138
Bob,26,2017-08-04 12:03:42,7283,,B,1000.0,0.0,ok,0.6770123593235537
Carol,67,2022-03-03 15:06:28,10874,Finance,B,1000.0,1.0,needs review,-0.1796605660682617
Dave,61,2022-07-23 11:39:53,6806,HR,B,1000.0,1.0,,0.1024933724081519
Carol,34,2022-05-24 05:44:28,9269,HR,C,0.0,1.0,excellent,-1.05035659222932
Bob,29,2023-03-25 03:02:47,17847,Finance,D,1000.0,1.0,excellent,-0.9531524733616252
Eve,66,2020-01-11 15:08:00,17299,Finance,C,500.0,0.0,excellent,1.3026072571041147
Dave,31,2019-07-10 13:39:15,11738,,,1000.0,1.0,ok,0.1743141915315356
Bob,41,2019-06-03 22:34:33,18011,,A,1000.0,0.0,,0.7597161378525862
Dave,63,2021-08-14 16:48:56,11962,IT,C,1000.0,1.0,pending,-1.33065502059155
Eve,50,2020-08-01 01:08:07,19240,Finance,B,1500.0,1.0,excellent,0.3755093417372052
Frank,39,2020-04-21 04:27:32,5830,,B,500.0,1.0,ok,-0.2122383396944777
Dave,61,2018-03-28 12:30:46,5825,Operations,A,0.0,1.0,ok,0.5022886788558548
Dave,24,2021-12-20 12:35:48,15917,HR,B,1500.0,0.0,needs review,-1.2541131052278292
Dave,54,2019-01-27 15:34:25,18935,Finance,,1000.0,1.0,excellent,0.3806138269721915
Eve,67,2022-03-29 08:59:43,13745,Operations,C,0.0,0.0,,-0.1582085432296889
Carol,61,2022-10-20 09:55:15,16822,Finance,,1000.0,1.0,,2.159126995959716
Frank,33,2017-10-01 12:12:01,14349,IT,A,1000.0,0.0,ok,1.7343540334792924
Dave,58,2020-05-08 17:39:33,17704,IT,,1000.0,1.0,ok,-2.5850806200296343
Alice,18,2021-04-17 03:10:41,5783,Sales,D,1000.0,1.0,excellent,1.2804187722244722
Bob,19,2023-04-05 15:11:23,5673,Finance,D,500.0,0.0,ok,1.0190558158901148
Bob,19,2021-12-13 08:36:57,15333,Operations,C,500.0,1.0,pending,0.9744502964660914
Frank,19,2023-02-04 23:14:01,16118,Finance,A,1500.0,1.0,,1.9009246876584305
Dave,44,2023-10-26 23:34:51,14371,,A,0.0,0.0,needs review,1.199440825127591
Eve,29,2019-11-06 15:30:16,8031,HR,A,1000.0,0.0,ok,0.2206737176094259
Carol,39,2022-08-08 09:15:16,10361,Operations,,0.0,1.0,ok,-1.1319728124904591
Carol,66,2018-12-28 07:57:01,15793,Operations,C,500.0,0.0,pending,0.8692562329026244
Frank,32,2022-01-31 19:24:42,14579,HR,C,1000.0,0.0,pending,1.389769578442508
Bob,23,2019-11-17 00:34:36,3788,IT,B,500.0,0.0,,1.3460306280350731
Bob,38,2021-03-09 07:27:20,17017,Operations,,0.0,1.0,ok,0.942415619052598
Dave,36,2018-10-29 14:33:14,11504,Operations,A,1000.0,0.0,pending,-1.3454159759280402
Carol,45,2020-09-01 19:19:40,5415,IT,B,1000.0,1.0,pending,0.0240992974792386
Dave,26,2018-03-29 01:44:42,4385,,D,500.0,0.0,,-0.5640671778781225
Dave,34,2020-03-22 22:19:42,8668,HR,D,1000.0,1.0,needs review,-0.436089869947707
Dave,20,2022-05-09 07:55:53,11344,IT,,1000.0,0.0,needs review,1.2715863733472106
Dave,51,2023-08-13 08:06:48,14488,Operations,,500.0,1.0,needs review,-1.1419289052534152
Dave,63,2020-05-13 12:02:04,10244,IT,C,0.0,1.0,ok,-0.3487472839939302
Alice,31,2021-06-16 00:27:13,6653,HR,D,1000.0,1.0,pending,-0.3913789189526324
Dave,61,2019-06-29 21:42:37,12943,Finance,,1000.0,0.0,,0.5797508379999862
Dave,27,2023-09-30 20:20:54,14081,Operations,B,500.0,1.0,ok,-2.126757961835111
Eve,50,2019-09-12 14:10:45,12251,IT,A,500.0,0.0,needs review,0.7074045112713124
Eve,39,2022-07-26 03:19:09,13487,Finance,A,1000.0,1.0,ok,-0.0748079970530499
Alice,59,2018-12-27 04:16:21,11733,Sales,A,1500.0,0.0,pending,-0.713745422199224
Frank,46,2018-12-23 11:21:48,18434,Operations,,0.0,1.0,ok,-0.7673664241212967
Carol,49,2018-04-20 04:49:41,3502,HR,B,0.0,0.0,ok,0.123217721433495
Bob,31,2022-03-28 05:15:29,14775,Sales,,0.0,0.0,,1.7054696032061418
Carol,30,2022-03-25 10:53:29,5125,Sales,A,1500.0,1.0,pending,1.3608822031482763
Bob,22,2020-05-25 12:46:45,13425,IT,C,1000.0,1.0,ok,-1.0180446627222013
Frank,61,2018-12-11 18:12:12,4886,Operations,,1000.0,1.0,excellent,-1.2840902341631513
Dave,30,2018-02-15 06:37:10,7844,HR,,1500.0,1.0,pending,-0.7923799253384591
Dave,50,2021-09-22 08:56:38,14000,Sales,D,1500.0,1.0,needs review,-0.2095279286295911
Bob,28,2019-08-22 13:24:13,6869,Operations,C,1500.0,1.0,,-0.0995966375648078
Dave,49,2020-04-12 12:23:52,10907,IT,C,1500.0,1.0,excellent,-0.0730083341789084
Dave,48,2021-02-13 07:08:22,6288,Sales,B,0.0,1.0,,-0.386560741048
Alice,43,2019-12-21 08:09:20,10624,IT,D,0.0,1.0,excellent,1.0847573618690671
Frank,65,2017-11-14 00:22:21,12408,,B,0.0,0.0,,-0.6314960555295791
Bob,69,2017-08-14 20:54:04,3847,HR,,1500.0,1.0,ok,-1.065274556556629
Eve,60,2020-09-20 15:13:07,8477,Sales,B,500.0,0.0,pending,-1.7999354310734943
Frank,42,2019-01-31 07:27:57,11874,Finance,,1000.0,1.0,pending,2.9042566536658034
Dave,29,2018-06-19 04:08:47,15855,Finance,D,1500.0,1.0,ok,1.190076606563975
Alice,21,2018-07-25 02:39:27,14610,Finance,C,1000.0,1.0,excellent,0.3178171075782426
Eve,46,2018-11-19 21:55:08,11607,IT,B,1500.0,0.0,excellent,1.060363730595575
Eve,29,2021-03-01 08:17:21,7656,Finance,B,1500.0,0.0,pending,1.9836979953282676
Eve,66,2022-10-03 15:31:53,16971,Finance,,0.0,1.0,excellent,1.190891126573849
Alice,59,2021-06-08 08:05:49,15516,IT,B,1500.0,1.0,pending,1.6918251827474975
Eve,24,2021-09-21 13:14:13,18864,HR,A,1000.0,1.0,ok,-0.8969463389876089
Carol,67,2022-09-13 14:52:06,11472,Operations,D,0.0,1.0,,-0.7768605373459234
Dave,62,2023-06-25 13:45:46,8008,,,1500.0,1.0,excellent,-0.5767323328073742
Carol,43,2020-07-03 17:38:46,17538,HR,B,0.0,0.0,needs review,0.7285119308403425
Carol,61,2019-12-13 21:59:57,10128,Sales,C,1500.0,1.0,ok,1.1369581405513205
Alice,22,2019-10-14 21:18:46,4930,,C,1500.0,0.0,,0.3039701274198013
Frank,28,2020-11-27 03:14:30,3298,,C,1000.0,1.0,ok,0.3075432110787706
Eve,19,2019-08-12 03:55:19,10058,Operations,B,1500.0,1.0,pending,-0.783855073885468
Alice,38,2021-07-11 22:34:47,8729,IT,A,1000.0,0.0,ok,-0.4187623280101363
Alice,27,2022-10-23 05:05:15,14926,HR,,500.0,0.0,,-0.5214277523581934
Dave,28,2023-03-26 22:28:26,6101,Operations,D,0.0,1.0,excellent,1.2470991084700904
Carol,23,2022-04-10 21:26:43,9346,Operations,C,1000.0,1.0,excellent,0.4907405336384924
Dave,62,2021-11-02 12:38:41,16460,HR,B,500.0,1.0,ok,1.6912872639832053
Eve,63,2020-01-01 03:26:46,6442,HR,,1500.0,0.0,excellent,0.3281096947720709
Eve,51,2019-06-16 05:14:27,17350,,C,1000.0,0.0,pending,0.5992268370945487
Dave,40,2018-01-23 21:16:10,8847,HR,A,0.0,1.0,ok,1.3602709874868817
Carol,27,2019-04-11 04:00:11,14327,IT,D,0.0,1.0,excellent,0.1188676641506997
Eve,39,2020-10-26 19:30:42,12550,Operations,B,500.0,1.0,pending,-0.1132133153103521
Bob,26,2023-06-07 17:24:10,6835,,A,1500.0,1.0,needs review,-0.3124840528707137
Frank,20,2019-06-29 22:30:14,10036,,B,1500.0,0.0,,-2.082203699036471
Carol,29,2017-07-25 15:40:40,8858,HR,C,0.0,1.0,needs review,-1.794397383737826
Frank,56,2021-11-23 21:17:47,16397,Operations,A,1000.0,0.0,excellent,1.5753090772075424
Frank,38,2020-06-21 18:54:21,18504,Sales,D,1000.0,0.0,ok,-0.0260969401807839
Frank,67,2017-08-29 08:25:49,11273,HR,A,500.0,1.0,needs review,-1.4241487750596449
Frank,33,2017-10-12 20:18:50,9985,Operations,,500.0,1.0,ok,0.1246990759574222
Alice,58,2019-11-02 06:51:41,14948,Operations,C,1000.0,1.0,,1.0018802208842457
Frank,33,2019-12-21 03:03:47,7967,Sales,A,1000.0,1.0,excellent,-0.6611186506203489
Eve,30,2018-04-29 00:03:05,9858,Finance,,1500.0,1.0,ok,0.5808660398379928
Bob,32,2020-11-23 03:22:30,5623,,,1000.0,1.0,ok,-0.6817536883017385
Bob,63,2022-04-09 19:01:32,19814,Sales,C,1500.0,0.0,ok,-0.7587208183687663
Dave,64,2018-05-28 10:07:53,12366,Operations,A,1000.0,1.0,ok,1.5796318367058697
Carol,55,2022-08-28 14:26:45,4034,Sales,A,1000.0,1.0,ok,-1.8302463755298104
Dave,38,2019-08-20 11:38:59,4446,Sales,,0.0,1.0,pending,-1.203367195347316
Eve,64,2019-11-19 09:49:31,4492,Sales,C,1000.0,1.0,ok,-0.2441600007718395
Frank,36,2022-02-04 17:05:17,6532,Finance,,1500.0,0.0,pending,0.4306757460462938
Alice,60,2019-11-19 15:16:26,8567,Sales,B,1000.0,1.0,needs review,2.242323863911085
Frank,37,2022-04-22 09:56:34,12243,HR,A,1000.0,1.0,needs review,-0.3035101868682949
Bob,47,2020-05-26 05:16:46,3481,,,1000.0,1.0,,0.5938298446801545
Dave,39,2017-11-29 09:56:06,5122,Sales,C,1500.0,1.0,needs review,-0.8415465846372036
Bob,24,2018-03-25 11:18:32,6103,IT,A,0.0,0.0,ok,0.5942765233349339
Dave,61,2023-02-20 16:16:08,18303,HR,C,1000.0,1.0,pending,1.6830448757108285
Carol,23,2019-06-24 12:05:43,3138,IT,B,1500.0,1.0,excellent,-0.2454192525244015
Eve,66,2018-04-18 03:23:12,8949,Finance,D,0.0,1.0,pending,0.7721660745560712
Bob,32,2023-11-03 08:11:43,7223,IT,,500.0,0.0,pending,-1.088485703443736
Eve,64,2021-02-13 21:48:30,17727,,B,500.0,0.0,excellent,0.29184395456821
Alice,46,2020-01-13 04:06:01,10079,Finance,C,0.0,1.0,excellent,1.4535884377542256
Frank,48,2022-04-08 09:01:55,18313,IT,B,1500.0,1.0,ok,-1.3711715799770563
Carol,58,2021-01-25 14:04:02,13283,HR,B,0.0,1.0,ok,0.2510309297374501
Dave,69,2018-07-26 09:42:28,15423,Operations,D,500.0,1.0,,2.057980551868686
Dave,57,2018-10-11 22:15:39,7730,HR,C,1500.0,0.0,,0.0895617843947086
Bob,37,2020-11-14 08:44:43,4426,Sales,D,1000.0,1.0,pending,-0.8347071257426517
Dave,18,2020-06-02 06:19:04,12407,Finance,A,500.0,0.0,needs review,1.129884870048937
Frank,43,2017-08-19 09:44:06,19376,Sales,D,1000.0,1.0,pending,0.1234209952296567
Bob,35,2022-05-28 11:45:28,6491,Operations,B,500.0,1.0,pending,0.7939492366251577
Frank,34,2020-04-06 13:22:00,10603,IT,B,1000.0,0.0,ok,1.2909388860082414
Eve,58,2018-01-03 21:29:42,4802,Sales,B,1500.0,1.0,excellent,1.0128261661446656
Frank,37,2021-11-15 18:03:47,13223,IT,,1000.0,0.0,excellent,-0.0908822862310955
Bob,45,2023-08-15 00:31:17,18945,Finance,A,0.0,1.0,excellent,1.0164244258531334
Alice,32,2018-08-02 01:22:01,9577,HR,,1000.0,0.0,,-0.5385621242047969
Eve,59,2018-02-23 06:25:43,16479,Finance,D,500.0,1.0,,0.0942497562126495
Carol,27,2018-01-26 20:29:59,13575,Operations,,0.0,1.0,needs review,0.8508904560132295
Alice,40,2022-04-27 03:34:28,10866,Finance,A,1500.0,1.0,pending,-0.6168242331142861
Dave,34,2022-11-29 10:52:24,15964,Finance,,1000.0,1.0,,-1.2303116807690817
Carol,40,2022-01-15 23:21:52,18739,Sales,B,500.0,1.0,needs review,-1.2188547912699383
Dave,43,2022-09-26 14:59:16,8251,Finance,,1000.0,0.0,needs review,-0.2081592931712728
Frank,43,2021-11-12 20:05:26,5557,Operations,A,1500.0,1.0,needs review,1.797447419950049
Alice,62,2019-11-04 19:44:27,17432,IT,B,500.0,1.0,ok,0.5743961824523278
Frank,21,2019-01-29 14:42:02,17225,IT,B,1000.0,1.0,pending,-1.588160971312916
Alice,28,2018-02-17 21:14:31,14579,IT,C,1000.0,1.0,,1.6253307452076826
Alice,63,2021-06-29 02:11:31,10578,IT,B,0.0,1.0,,-0.5562503063303716
Frank,62,2019-12-24 13:49:11,14366,Sales,C,1500.0,1.0,excellent,0.5192066741106411
Alice,53,2019-11-13 19:49:08,4115,Sales,D,1500.0,0.0,excellent,0.3496261319871003
Eve,61,2021-08-22 12:36:21,11933,Operations,A,1000.0,1.0,,1.4474639877273157
Frank,58,2022-07-03 20:10:39,15256,Sales,B,0.0,1.0,ok,0.2983573688684207
Bob,55,2018-10-18 04:31:43,11375,Finance,C,1000.0,0.0,needs review,-0.0279988525038535
Bob,61,2019-03-05 12:38:57,13756,IT,A,1500.0,1.0,needs review,0.7724674092523376
Frank,25,2021-10-10 10:52:35,6656,Sales,C,1000.0,1.0,ok,0.6628133380237397
Eve,47,2022-07-19 23:52:43,11160,IT,D,1000.0,1.0,excellent,0.4111024074171065
Carol,68,2017-09-24 16:00:48,18812,IT,,500.0,0.0,excellent,1.802768194782224
Eve,53,2020-02-21 22:55:04,5356,Operations,A,1500.0,1.0,pending,0.7206054919047672
Alice,65,2018-05-22 12:33:56,6834,,C,1000.0,1.0,,1.2471267139168831
Carol,32,2019-12-15 11:03:41,11027,Sales,A,0.0,1.0,pending,-1.3680666799767822
Alice,40,2021-07-18 01:16:04,11758,Operations,B,1000.0,1.0,,0.9172801283401354
Alice,46,2019-02-10 00:33:19,8582,IT,D,1500.0,1.0,ok,-1.148636182650413
Alice,34,2019-09-09 05:49:54,17336,IT,D,1500.0,1.0,ok,-1.398526973710677
Alice,27,2023-04-02 14:17:12,17118,Operations,D,1000.0,1.0,ok,-1.71817884363636
Frank,50,2023-04-02 09:30:02,17220,Operations,A,1500.0,1.0,ok,0.6788016546792296
Alice,36,2019-07-04 08:05:21,13137,Sales,A,1000.0,1.0,pending,0.8325899177087486
Alice,61,2021-11-07 11:10:47,7179,HR,B,1500.0,1.0,,-0.8404457645826741
Alice,19,2020-05-23 07:46:45,10767,IT,C,1000.0,0.0,,1.1008209352816454
Bob,57,2023-02-04 04:02:27,3536,,,1500.0,1.0,excellent,-0.9118803322527574
Alice,32,2022-07-26 16:03:20,11690,Sales,,1000.0,1.0,pending,1.0554183335208307
Alice,42,2021-06-08 04:09:30,8405,Sales,D,1000.0,1.0,pending,-1.5430589867711482
Alice,40,2020-11-18 18:09:06,18972,Sales,A,1000.0,1.0,pending,-0.9487269171842568
Alice,56,2020-02-28 00:40:18,10163,Sales,A,1000.0,1.0,pending,0.3314801220182843
Eve,56,2020-05-17 04:02:33,18673,Sales,,1000.0,1.0,ok,0.3995143014380222
Bob,41,2019-04-27 14:56:27,14776,Finance,A,1500.0,0.0,pending,0.6234969227836507
Bob,24,2023-07-27 06:56:35,15483,Sales,,500.0,1.0,excellent,-0.537741215140797
Frank,43,2020-03-01 00:41:54,16851,HR,C,1000.0,1.0,pending,0.9261053619370546
Bob,51,2021-04-20 20:46:55,13349,HR,,500.0,1.0,pending,1.3799141474016818
Dave,46,2020-02-22 05:39:45,7392,HR,B,1500.0,1.0,excellent,0.4874621200737763
Alice,29,2018-10-03 16:45:16,18902,IT,C,1000.0,1.0,ok,-1.1831570206685522
Dave,25,2023-09-25 11:09:10,10159,HR,,1000.0,1.0,excellent,-0.5304263952403981
Eve,20,2022-05-20 15:59:47,12925,Sales,D,1500.0,0.0,pending,-0.0460699349312348
Eve,34,2023-04-10 19:16:19,4490,HR,,1000.0,1.0,ok,-0.6867565721182696
Frank,64,2021-07-08 10:22:33,15354,Finance,C,500.0,0.0,ok,-0.3706735473610484
Eve,53,2022-02-27 02:35:13,4454,,B,1500.0,0.0,pending,0.2115708368550461
Bob,26,2023-06-01 19:19:49,15448,,C,0.0,1.0,needs review,-0.8118650826891433
Carol,49,2021-07-21 09:41:24,13530,Operations,B,1500.0,1.0,excellent,3.0319655416023075
Dave,54,2021-07-14 15:43:37,15285,IT,C,500.0,1.0,pending,1.799063422021426
Dave,66,2023-06-28 00:47:38,5353,IT,A,500.0,1.0,needs review,-1.3346314218966058
Alice,33,2018-06-17 18:46:34,7042,Sales,C,1000.0,1.0,needs review,-0.2227086375245589
Carol,64,2022-03-12 16:56:31,9035,Operations,B,0.0,1.0,pending,-0.8302055894783585
Frank,42,2023-04-04 12:37:13,16497,Operations,C,0.0,0.0,excellent,-1.2333069837385682
Eve,67,2022-08-30 20:05:48,11795,Finance,D,500.0,1.0,,0.9764069489095556
Eve,37,2019-05-14 07:58:01,11748,Finance,C,500.0,0.0,ok,-0.6716707147065123
Frank,27,2018-03-09 16:41:47,15546,Finance,D,1500.0,1.0,pending,1.3895133813583591
Bob,67,2021-08-09 07:12:58,12443,Finance,A,500.0,0.0,ok,-0.7668198207135091
Bob,58,2019-03-24 16:12:19,9552,,B,1000.0,1.0,pending,-0.2511217324820549
Frank,22,2022-06-09 21:41:32,17575,,,500.0,1.0,excellent,-0.7829274057790991
Carol,57,2023-05-20 21:54:01,4821,IT,D,1000.0,0.0,needs review,0.4969182870781624
Eve,43,2021-06-30 11:46:21,12496,Sales,,1000.0,1.0,excellent,0.1660043160409935
Alice,21,2020-06-15 00:58:55,4326,Operations,C,1000.0,1.0,,0.5225989122379013
Bob,29,2019-08-02 08:06:33,17209,HR,D,500.0,1.0,pending,-1.689741323411909
Dave,34,2022-03-23 16:30:58,6300,Sales,D,1000.0,1.0,excellent,-0.1184859538505841
Carol,67,2019-09-22 22:47:22,19165,HR,A,1500.0,0.0,excellent,1.5629317913566938
Bob,45,2021-02-18 08:36:16,10711,HR,B,500.0,1.0,needs review,1.0774604245299204
Dave,69,2018-05-21 14:57:04,7353,Operations,,1500.0,1.0,needs review,-1.6842605068601346
Alice,67,2021-02-25 17:39:41,16445,Finance,C,1000.0,0.0,,0.3708654011559026
Eve,45,2018-04-01 20:40:18,4139,HR,,1500.0,0.0,excellent,-1.3410691026193364
Dave,43,2021-09-18 04:44:06,17465,Finance,C,1500.0,1.0,pending,-0.3928831698894579
Carol,18,2020-06-17 02:31:15,5072,IT,D,0.0,0.0,,0.6739816668302943
Frank,19,2019-06-04 14:15:59,9897,,A,1000.0,0.0,needs review,-1.346531876594146
Frank,23,2023-08-11 13:36:34,4225,Operations,A,1000.0,1.0,pending,-1.1169894660457995
Carol,58,2017-12-13 06:20:58,3869,Finance,,1000.0,0.0,needs review,-0.0172076425600617
Dave,56,2020-11-09 20:45:31,15744,IT,C,1000.0,1.0,pending,0.0245624415937226
Bob,58,2022-06-27 19:52:52,4412,,,0.0,0.0,needs review,1.821233323179452
Carol,22,2018-07-29 03:58:25,10919,HR,B,1000.0,0.0,,0.694065935131314
Frank,28,2022-11-16 20:21:20,11509,,,0.0,0.0,needs review,-0.2574765200227819
Dave,53,2023-05-04 22:31:22,13492,IT,A,1000.0,1.0,ok,-0.2913251104796099
Eve,31,2022-05-15 08:43:37,19816,HR,A,1500.0,0.0,excellent,0.4628046814739227
Eve,29,2018-11-20 13:09:19,14462,IT,,1000.0,1.0,,-0.4688373346817388
Alice,21,2022-10-12 03:52:26,6945,HR,C,1000.0,0.0,,-0.2950886397352922
Eve,38,2017-09-08 22:12:38,4487,IT,B,1000.0,1.0,,1.524227776505559
Carol,64,2019-03-02 07:41:34,6562,,D,1500.0,1.0,excellent,-1.4995759095575243
Dave,37,2018-04-05 20:52:39,17157,,D,1000.0,0.0,excellent,0.1947779708813569
Alice,63,2021-02-02 11:12:23,15620,Finance,C,1500.0,0.0,ok,0.6022000627965334
Alice,45,2023-06-11 10:06:25,4738,Finance,A,500.0,1.0,,0.3036360401254496
Frank,48,2017-12-24 16:36:30,17087,HR,B,1000.0,1.0,ok,-1.531388390907893
Alice,66,2020-06-17 02:04:14,12125,IT,C,0.0,0.0,pending,1.583908179386062
Dave,24,2023-09-23 19:41:28,3452,,B,1000.0,0.0,pending,-0.5602649708735364
Eve,46,2022-06-05 05:59:46,19269,IT,C,0.0,1.0,excellent,0.1847686016296724
Carol,69,2020-04-29 02:54:58,17049,HR,D,0.0,1.0,needs review,0.7343055846814495
Eve,32,2023-11-05 12:26:08,10279,Finance,A,0.0,0.0,excellent,0.8057601399470867
Carol,39,2020-11-16 17:28:16,10761,Finance,,1000.0,0.0,ok,0.008852702216406
Dave,19,2021-08-09 05:15:41,10207,IT,A,1000.0,1.0,needs review,0.0718133700530464
Frank,48,2020-03-05 07:12:26,5933,Operations,A,1000.0,1.0,excellent,-1.0648640658906772
Bob,39,2021-06-13 00:35:04,12741,HR,B,500.0,1.0,excellent,0.6718574069509744
Bob,18,2023-08-12 20:35:29,11774,HR,,0.0,1.0,ok,-0.2783504395392199
Alice,58,2018-11-21 21:55:47,5515,HR,C,0.0,0.0,needs review,-0.3085988412736102
Dave,43,2017-12-30 17:00:55,9522,HR,D,1000.0,1.0,needs review,-0.5380254453515163
Eve,18,2021-03-27 14:37:37,5361,HR,B,0.0,1.0,needs review,1.1789007207669138
Eve,27,2019-10-09 07:30:11,11388,Finance,A,1500.0,1.0,ok,1.3456189803409904
Carol,69,2023-08-19 02:47:12,8834,HR,A,500.0,1.0,pending,-0.3193328250666353
Bob,38,2021-11-02 07:53:26,5115,IT,A,0.0,1.0,excellent,0.1821842488433669
Carol,69,2018-11-28 16:42:26,14135,Operations,A,1000.0,1.0,pending,-0.2209809863047458
Carol,53,2021-01-15 16:21:41,6164,,A,1500.0,0.0,,0.3679214378260659
Dave,40,2020-12-20 09:20:22,19356,Finance,,1000.0,1.0,pending,-0.2583462629916968
Frank,39,2020-08-02 21:44:39,10154,Finance,,1000.0,1.0,pending,-0.754112906948794
Bob,53,2017-08-17 12:39:36,13610,,D,1500.0,1.0,pending,1.226521141995678
Alice,30,2022-09-11 13:33:28,8854,Sales,B,0.0,0.0,pending,0.8652564895043859
Bob,59,2021-07-04 15:57:56,19446,Finance,A,500.0,0.0,ok,-1.1528517946055865
Alice,68,2020-02-06 08:06:27,5646,Operations,C,1500.0,0.0,needs review,-1.0961909118728084
Dave,42,2021-01-11 23:22:31,10904,IT,B,500.0,1.0,needs review,-0.4075450623548435
Carol,66,2023-10-22 23:16:41,17426,Finance,C,1500.0,0.0,excellent,-0.1296535399883047
Bob,50,2022-11-21 03:32:43,8999,Sales,C,500.0,1.0,needs review,-0.1839636588543051
Frank,60,2017-09-29 12:27:13,19792,Finance,A,500.0,0.0,pending,0.1599507646420285
Carol,63,2017-11-05 14:48:03,16688,Operations,D,0.0,0.0,needs review,-0.5895851727238333
Carol,33,2021-11-02 23:38:17,11817,Finance,C,500.0,0.0,needs review,2.539483428150833
Alice,64,2022-06-01 06:24:22,4497,IT,C,0.0,1.0,,-0.9465709354262614
Dave,53,2021-07-31 12:27:18,5472,Finance,A,0.0,0.0,,-1.5086389705113843
Alice,46,2018-02-20 13:00:26,12778,Operations,B,500.0,0.0,needs review,1.2431203824950934
Bob,66,2019-03-11 18:45:35,13593,,D,0.0,1.0,needs review,-0.0418754088529489
Frank,28,2022-11-09 14:45:44,7285,HR,D,1000.0,1.0,ok,-0.4141062181332322
Alice,39,2017-08-30 08:40:39,18061,Finance,A,1000.0,1.0,pending,-1.268983116185331
Dave,22,2019-08-19 01:18:15,16970,IT,C,0.0,0.0,,0.3099071534412116
Bob,48,2021-06-09 02:59:35,16114,Sales,,500.0,1.0,excellent,-0.7907552126507634
Carol,44,2022-02-09 00:29:15,13299,IT,,1000.0,1.0,pending,0.0415740760905242
Carol,56,2020-05-25 08:17:00,9918,IT,C,1000.0,1.0,excellent,-1.2411984559378646
Carol,55,2019-12-19 01:49:36,5397,Sales,A,1000.0,0.0,pending,0.2312438701019733
Dave,67,2023-05-08 17:11:04,18791,,C,1000.0,0.0,ok,-1.0931862674024562
Alice,65,2021-06-17 05:41:19,13511,HR,,1000.0,1.0,ok,-0.7820832175468977
Eve,62,2020-05-24 15:04:11,9172,Operations,A,0.0,0.0,pending,-0.6041509240723849
Frank,20,2019-05-09 18:55:49,7124,Sales,C,1000.0,1.0,needs review,-0.077315145524011
Frank,40,2018-08-19 11:25:02,11591,Operations,C,1000.0,0.0,needs review,0.3229722232749333
Alice,48,2018-04-08 01:41:59,16422,Finance,C,500.0,1.0,,0.3110976815737667
Frank,68,2022-07-04 09:02:32,5365,Finance,B,1500.0,1.0,,-0.2808063165719371
Frank,54,2022-09-13 08:26:50,3170,Sales,C,1000.0,1.0,,1.3784280785488157
Eve,67,2020-08-21 04:30:08,11731,IT,C,500.0,1.0,ok,-1.4824471105146193
Bob,43,2023-02-06 16:21:30,9081,IT,C,1500.0,1.0,,0.2126876868840361
Alice,56,2021-09-17 01:35:27,12507,,,500.0,1.0,needs review,-0.112432579244551
Carol,58,2021-04-27 03:08:47,9539,Sales,,1000.0,0.0,pending,0.2421509159198689
Bob,57,2022-01-08 19:32:41,8269,,B,1000.0,1.0,ok,0.1064064127517555
Frank,65,2022-08-13 05:59:29,16728,Operations,D,500.0,1.0,pending,-0.4811468831392119
Dave,61,2017-10-29 17:55:14,7389,Sales,B,500.0,0.0,ok,0.655582581299584
Frank,27,2021-12-26 02:56:14,5515,,,500.0,0.0,excellent,1.0641114255294846
Dave,23,2019-05-30 03:53:57,9917,HR,,1500.0,1.0,ok,0.7207413148287559
Dave,40,2022-01-26 21:51:28,11534,IT,A,1000.0,0.0,,-0.2046503184738393
Frank,38,2021-04-02 01:32:00,8801,Finance,D,1000.0,1.0,pending,-0.717245120685922
Carol,67,2018-11-25 17:41:36,3790,HR,D,500.0,1.0,pending,-1.1256599414706772
Frank,61,2019-11-30 02:47:10,13312,,A,1000.0,0.0,ok,-0.0245182210763975
Eve,47,2021-08-18 03:03:19,16086,HR,,0.0,1.0,excellent,0.580581591825735
Carol,53,2022-08-06 07:27:58,11563,Sales,D,500.0,1.0,pending,1.068730165569047
Alice,58,2023-05-31 08:17:07,6770,Sales,D,500.0,1.0,needs review,-0.1607941231147462
Bob,47,2023-10-11 19:37:45,15974,Operations,C,0.0,1.0,excellent,0.6271425524262656
Bob,20,2021-11-22 00:15:44,3030,IT,D,1000.0,1.0,pending,-0.3729615714992834
Bob,57,2020-07-26 15:01:19,6844,Finance,D,0.0,1.0,ok,0.8728404538235425
Frank,45,2021-03-20 17:06:16,7386,,,0.0,1.0,ok,0.1193934195998026
Alice,53,2022-04-09 12:55:24,6780,Sales,C,0.0,0.0,pending,-0.7555416697893087
Eve,18,2022-10-06 13:43:44,8178,Operations,B,1000.0,1.0,,0.8096551859518092
Eve,39,2020-11-28 05:03:41,8448,IT,D,1000.0,0.0,pending,-1.693633778307583
Dave,22,2020-08-05 10:20:30,3345,Sales,,1500.0,0.0,pending,-0.4176139754084836
Dave,49,2018-08-05 14:45:33,15293,IT,D,0.0,1.0,needs review,1.2254543524160413
Dave,60,2022-09-04 13:54:39,8671,HR,B,1000.0,1.0,ok,-0.5409732450063306
Dave,29,2021-09-13 15:48:59,13085,,C,1500.0,1.0,excellent,0.5251567873149912
Carol,34,2021-11-07 10:17:34,14036,IT,,1500.0,1.0,needs review,-0.9328000866747465
Bob,53,2018-12-18 13:33:55,14892,IT,,1500.0,1.0,ok,0.9769854657320676
Frank,36,2019-08-11 14:53:17,4106,,B,500.0,1.0,pending,0.1928750073272549
Carol,60,2021-07-31 08:18:17,5622,IT,B,1000.0,0.0,,-0.2618930940628753
Dave,68,2021-03-25 05:01:20,19532,Operations,D,1000.0,1.0,,-0.6890681623442314
Bob,42,2021-08-16 10:53:29,16956,Finance,A,1500.0,1.0,ok,0.536855414433113
Carol,23,2019-10-10 03:32:40,8050,Sales,C,1000.0,0.0,ok,-1.3021228767528727
Frank,63,2020-07-07 11:33:29,15700,HR,,500.0,1.0,ok,1.3968532871135957
Eve,35,2020-11-27 00:26:33,6100,Sales,D,1000.0,0.0,excellent,0.3646483034361357
Eve,29,2019-08-20 17:13:49,11237,IT,,1000.0,1.0,pending,-0.1805856280699499
Bob,54,2017-12-09 15:02:46,10679,Operations,C,1500.0,1.0,,0.5016710671724988
Eve,42,2018-07-09 12:55:25,18021,Finance,,1000.0,0.0,,0.3914413848278695
Carol,22,2017-10-11 19:12:52,8165,IT,A,500.0,0.0,pending,1.006017626835173
Alice,43,2020-03-10 18:02:26,18783,,A,1000.0,1.0,,0.4677932414300128
Eve,62,2017-11-07 17:04:00,5305,IT,A,500.0,0.0,ok,-0.8209713760416713
Frank,19,2018-07-14 00:11:19,19805,Sales,D,1000.0,0.0,needs review,-2.041114122854468
Dave,61,2022-09-27 11:50:00,19342,Operations,A,0.0,0.0,,-0.2657589683112822
Alice,52,2017-10-27 22:59:25,16468,,B,1500.0,1.0,,-2.3463281804419114
Carol,34,2019-11-01 04:22:07,12854,Sales,C,1500.0,1.0,ok,0.7250750397557586
Alice,56,2018-10-03 08:27:55,5172,IT,A,1000.0,0.0,excellent,1.896816714542742
Frank,61,2021-04-23 11:04:18,8798,,,1000.0,0.0,ok,-0.1500357073226273
Frank,33,2019-05-18 17:04:30,18317,,B,0.0,0.0,ok,1.1732494087732497
Alice,57,2019-11-12 23:30:06,12123,IT,D,1000.0,1.0,excellent,-0.7116212763304767
Bob,53,2019-09-16 13:42:28,17865,IT,,500.0,1.0,,-0.962163865416484
Eve,61,2018-08-21 17:58:56,11489,HR,D,1000.0,1.0,ok,0.2733332877997115
Dave,60,2023-04-18 12:03:55,4197,Sales,,500.0,1.0,excellent,-0.3534133474880964
Dave,46,2023-03-12 20:34:43,17955,HR,A,500.0,1.0,pending,0.7780575586609595
Alice,45,2022-05-14 22:29:59,3367,,A,1500.0,1.0,pending,-0.4628544798525764
Alice,50,2021-03-09 16:10:51,18351,HR,D,1500.0,1.0,,-0.9684554311251088
Alice,54,2021-05-04 02:03:55,16749,HR,D,1500.0,1.0,ok,0.2977642207758105
Eve,34,2019-11-15 15:50:55,12528,HR,A,1000.0,1.0,,-1.8360591060246316
Frank,69,2018-09-19 13:53:09,3403,HR,C,1500.0,1.0,,0.419711904151291
Bob,62,2019-06-28 04:32:36,18161,Operations,D,500.0,1.0,needs review,-1.0697596385502115
Eve,42,2022-11-29 11:30:14,7181,HR,B,1500.0,1.0,pending,1.454196049020345
Carol,36,2021-05-06 15:58:18,9067,Finance,,1000.0,1.0,,0.412694180920825
Bob,60,2018-07-10 22:57:43,18151,Sales,,1500.0,1.0,,-2.2482520079791737
Carol,57,2018-04-18 11:50:27,16038,HR,,1000.0,1.0,,1.0580391108595182
Alice,55,2023-10-10 21:51:48,10009,Sales,,1000.0,0.0,,0.8756565928122836
Dave,29,2021-12-07 13:04:28,17167,HR,D,1000.0,0.0,needs review,-0.1651180404394319
Carol,64,2018-12-21 09:24:56,17585,Finance,C,1000.0,0.0,,0.9864295484729778
Alice,36,2018-09-10 20:33:02,9250,Sales,D,0.0,0.0,excellent,0.6868066184414411
Dave,33,2023-10-18 17:41:04,13054,IT,,1000.0,1.0,ok,-1.621495235385354
Dave,35,2022-06-07 01:05:39,17709,Sales,A,0.0,0.0,needs review,0.1971280803181431
Bob,57,2019-11-15 18:49:06,7134,,,1000.0,0.0,excellent,0.4145570852223882
Bob,46,2023-11-02 04:49:27,4096,Operations,D,0.0,1.0,pending,0.6458772384821764
Carol,66,2020-06-24 00:12:59,14604,Operations,,500.0,1.0,,-0.7099936254930838
Frank,37,2022-05-11 15:31:57,3793,Sales,D,1000.0,0.0,ok,0.7259334606900082
Frank,19,2022-02-11 01:18:06,9097,HR,D,1500.0,1.0,needs review,0.613393041482708
Alice,68,2019-08-16 00:49:41,14310,Finance,C,500.0,0.0,excellent,0.0386377074714003
Eve,57,2020-01-25 11:15:02,9090,Operations,A,1000.0,1.0,ok,-0.1705051465645372
Carol,32,2021-10-20 09:51:48,16163,HR,A,1000.0,0.0,excellent,-0.0049618332397489
Alice,38,2022-06-08 17:49:30,4209,Finance,A,1000.0,0.0,,-0.0848180327058548
Bob,57,2018-02-22 13:41:44,9549,Operations,C,500.0,0.0,needs review,1.3414381063194365
Dave,27,2020-04-24 16:25:02,5396,,C,0.0,0.0,,0.3892991170364354
Alice,37,2018-11-20 04:05:28,16607,Operations,B,1000.0,1.0,needs review,0.0089774576518549
Frank,38,2020-04-22 23:38:04,19443,Sales,A,1500.0,0.0,pending,-0.8453770928337
Bob,32,2018-11-07 05:50:19,5058,Sales,D,1000.0,0.0,pending,-0.1903702676892532
Carol,19,2020-01-02 16:01:27,17843,HR,C,1000.0,1.0,pending,-0.4926713057461204
Carol,23,2021-10-08 21:05:37,8861,IT,C,1000.0,0.0,pending,-1.1355850511642238
Bob,39,2020-03-13 10:15:59,8352,HR,C,0.0,0.0,ok,0.6580673546620088
Bob,31,2017-12-14 17:38:59,15110,Finance,C,1000.0,1.0,needs review,-0.215960388970156
Alice,23,2017-10-03 06:53:13,14930,Operations,D,1000.0,0.0,pending,0.5373035503263355
Carol,24,2022-04-01 21:37:22,19809,IT,D,500.0,1.0,,-0.1177697663212816
Bob,66,2020-05-13 18:11:03,7096,,A,1000.0,1.0,pending,0.0341718888072729
Carol,53,2018-02-10 07:22:05,11128,HR,C,0.0,1.0,needs review,0.4811781831331768
Frank,53,2019-01-01 10:27:24,15051,Sales,D,1000.0,0.0,ok,-0.4628353040064425
Alice,55,2022-06-14 16:49:38,15030,HR,C,1500.0,1.0,needs review,0.6354016972022666
Dave,20,2022-11-07 20:58:43,10453,IT,,1500.0,1.0,excellent,-0.4086999492750143
Dave,39,2018-12-04 08:49:36,17397,Finance,B,1500.0,0.0,needs review,1.230434182015646
Eve,20,2018-09-07 16:04:03,10629,Sales,,1000.0,0.0,ok,0.8506671543707582
Frank,66,2021-01-02 18:57:04,18860,IT,A,1500.0,0.0,excellent,-0.1495006952666215
Frank,45,2022-03-03 07:40:51,15452,Sales,D,0.0,1.0,,0.2246247650030794
Eve,65,2018-10-13 01:13:34,10129,Finance,B,0.0,1.0,pending,2.2474314587949373
Frank,33,2022-02-14 21:40:32,4294,IT,,1500.0,1.0,,0.0592879111942214
Dave,31,2021-03-17 04:06:48,3718,,C,1500.0,0.0,excellent,-0.3400767210315376
Carol,45,2021-06-14 00:52:19,10450,,C,1500.0,1.0,excellent,1.0628889941746678
Carol,64,2018-09-17 01:08:16,16014,Sales,B,1000.0,1.0,pending,-0.5073097151641187
Frank,26,2018-02-09 06:17:07,12312,Sales,,500.0,0.0,,-0.5081840590972799
Bob,44,2020-11-26 06:20:32,8851,Sales,D,1000.0,0.0,ok,-0.1703024279329866
Alice,51,2023-06-20 23:36:39,3769,Operations,C,1000.0,1.0,,-0.9530201399125892
Frank,51,2017-12-05 05:34:48,10761,Sales,,1000.0,0.0,needs review,-1.059285185865498
Frank,52,2020-11-28 02:05:19,17704,Finance,A,1500.0,0.0,ok,0.4428270840663776
Dave,29,2018-01-07 19:11:31,8157,Operations,C,1500.0,0.0,ok,2.3072969507616823
Frank,31,2022-04-16 04:02:07,8937,Sales,,0.0,0.0,needs review,-0.3899862561315476
Dave,22,2020-05-17 11:54:57,14468,Sales,B,1000.0,0.0,,0.5617065834170508
Bob,64,2018-01-16 02:10:56,3223,IT,A,0.0,1.0,pending,-1.5416585032739534
Alice,35,2021-07-19 03:26:31,4760,IT,C,1000.0,0.0,excellent,0.7293052240445451
Bob,40,2019-09-16 16:45:44,3358,Finance,A,0.0,0.0,excellent,0.2436506708731365
Eve,51,2019-07-14 12:48:38,3875,,B,1000.0,0.0,,-0.1546648171162614
Carol,48,2018-06-18 18:14:52,9293,Operations,C,1500.0,1.0,excellent,0.6766062022768835
Dave,48,2023-08-22 22:26:58,16810,Operations,D,1500.0,0.0,,-0.1639547464349037
Frank,63,2019-02-11 22:03:38,4704,,A,1000.0,1.0,pending,-1.3598471047746397
Bob,59,2022-04-05 05:24:18,14041,Finance,A,500.0,1.0,pending,-1.6324592362150867
Carol,55,2017-11-29 16:44:39,17405,HR,B,500.0,1.0,,0.0979110164491701
Alice,32,2021-04-02 17:24:14,15743,Finance,B,1000.0,0.0,needs review,-0.7627691901732513
Carol,19,2019-02-27 13:07:15,10368,IT,B,1000.0,1.0,pending,-0.0554985684003564
Dave,49,2019-06-26 07:44:27,3087,IT,B,1500.0,1.0,pending,-0.0523988173166099
Carol,34,2018-02-21 19:47:36,12743,IT,B,1000.0,0.0,,-0.1569071770911801
Carol,44,2021-09-19 15:38:50,6112,Operations,B,500.0,0.0,ok,-0.2621874320449236
Bob,69,2020-08-13 13:26:32,19155,Finance,B,1000.0,1.0,pending,-0.3349688613151051
Dave,37,2022-01-18 08:49:12,6301,Finance,,1000.0,1.0,needs review,-0.2653526531272426
Frank,35,2018-07-25 02:24:31,15649,Sales,A,1000.0,0.0,excellent,0.2107887463693728
Dave,59,2019-09-10 18:31:59,10694,Sales,A,0.0,0.0,excellent,-2.31335454341238
Alice,23,2019-09-27 21:23:15,18547,,D,0.0,0.0,pending,1.0015478538984497
Carol,33,2021-11-07 04:56:44,8532,Operations,D,1000.0,1.0,excellent,1.0313892801654287
Dave,28,2021-05-12 09:39:36,4166,Sales,C,0.0,0.0,needs review,0.6598038124789573
Carol,55,2023-03-22 12:52:19,9737,IT,,0.0,0.0,ok,-1.288939706385719
Eve,53,2018-01-31 04:38:57,7268,HR,D,1500.0,1.0,pending,0.5540205024475519
Carol,18,2019-03-13 11:21:43,9667,Sales,D,1000.0,1.0,needs review,-0.4881231853668717
Eve,62,2019-09-21 23:40:19,14020,Operations,A,1000.0,0.0,pending,-0.3051876998355575
Dave,32,2018-09-28 21:18:15,4847,Sales,B,1500.0,1.0,pending,-0.6401454259127699
Carol,22,2017-12-11 22:26:53,13996,,B,1000.0,0.0,,0.5035621057825196
Eve,63,2020-08-06 23:05:41,10754,Operations,,1000.0,1.0,,0.0424525122870148
Bob,45,2018-09-23 16:47:26,5639,Operations,,1500.0,0.0,needs review,0.7482829385578029
Dave,48,2019-10-02 20:10:49,8554,Sales,C,1000.0,1.0,,0.3416613493075212
Eve,66,2021-06-26 21:14:52,10767,IT,C,0.0,1.0,excellent,-1.2993714300999712
Eve,66,2022-02-19 22:58:22,13287,Operations,B,0.0,1.0,ok,-1.6727038501492597
Eve,57,2018-02-06 02:12:50,16994,IT,C,0.0,1.0,needs review,1.868924855957029
Carol,43,2019-08-08 23:48:08,14102,Sales,A,1000.0,1.0,needs review,-0.5171006928885927
Alice,20,2020-05-22 10:04:38,17965,Finance,B,500.0,0.0,excellent,-0.7164484359391718
Alice,60,2020-03-09 22:30:21,7445,HR,A,1000.0,1.0,ok,-1.9696163496521344
Bob,65,2021-12-04 11:23:03,9844,,,0.0,1.0,excellent,0.5377078822771293
Alice,39,2020-09-07 03:54:02,17342,IT,B,1000.0,1.0,excellent,-0.267145167088494
Carol,34,2022-08-25 07:19:02,15950,Operations,,0.0,1.0,ok,1.5336411384615063
Carol,48,2018-01-23 12:31:46,6832,HR,D,1000.0,0.0,,0.2756775890026108
Bob,50,2020-05-04 14:36:18,19851,Operations,,1500.0,1.0,pending,-0.3209066067432092
Frank,65,2017-11-29 21:21:12,18114,Operations,B,1000.0,0.0,ok,0.9932274592060568
Alice,37,2018-01-14 17:29:59,11765,HR,D,500.0,1.0,needs review,0.9483248551277472
Eve,64,2019-08-29 01:53:54,19880,Sales,,1000.0,0.0,,0.3578932591711771
Dave,40,2020-12-05 17:20:00,8005,Finance,D,1500.0,1.0,pending,0.6978678462657569
Dave,40,2023-05-12 10:51:17,5532,,A,1000.0,0.0,needs review,-1.0565857006683257
Eve,21,2021-01-13 18:38:12,4188,,C,1500.0,0.0,pending,-0.362480696154387
Bob,28,2022-01-28 13:22:45,12883,HR,C,1000.0,1.0,ok,-0.3343691160012286
Alice,56,2018-06-25 18:15:29,9543,,C,1500.0,1.0,needs review,-0.4682597619965117
Frank,60,2023-10-29 07:20:58,15382,Operations,,500.0,0.0,excellent,-0.0790138683935647
Frank,30,2018-06-09 21:18:08,11451,Sales,D,0.0,1.0,ok,-0.7783066611309499
Bob,18,2020-06-29 01:23:14,10895,HR,B,1000.0,1.0,needs review,0.558754421211339
Dave,50,2018-06-06 17:51:21,12470,Operations,D,1000.0,0.0,pending,0.744677428544146
Frank,26,2023-09-29 16:50:30,18811,Finance,C,1000.0,1.0,ok,0.5594348505117959
Alice,47,2021-06-04 04:05:52,13781,HR,C,500.0,1.0,needs review,-0.7105901219673524
Dave,39,2023-04-22 20:49:23,17939,HR,A,1500.0,1.0,excellent,-1.5383081309101685
Eve,22,2018-01-26 17:46:36,17741,HR,B,500.0,1.0,,-0.9616627612117384
Eve,61,2023-03-05 10:40:50,18738,Sales,B,1000.0,1.0,needs review,0.1004706883637733
Eve,50,2021-04-27 03:00:42,11217,IT,A,0.0,1.0,needs review,-0.5414426773188614
Eve,28,2019-06-02 04:45:02,11995,Operations,B,1500.0,1.0,ok,-1.8080286924221396
Bob,64,2020-12-15 11:41:10,6750,HR,C,1000.0,0.0,ok,-0.5233085885364264
Alice,49,2020-02-08 10:52:44,17147,HR,A,1500.0,1.0,,2.852910647680304
Frank,63,2023-06-23 01:00:53,10328,IT,B,1500.0,1.0,needs review,1.278572443594391
Frank,44,2020-06-29 16:42:15,8928,HR,B,1000.0,0.0,,-1.367353551308166
Dave,51,2019-05-05 04:41:29,8384,HR,C,1000.0,1.0,pending,0.2747709218708093
Eve,57,2020-12-25 20:20:33,13743,IT,C,1500.0,0.0,ok,-0.3746332507797983
Dave,55,2019-08-31 08:42:41,8807,Finance,C,1500.0,1.0,,0.5512907097997699
Frank,48,2021-09-15 13:44:49,9240,Finance,A,1000.0,0.0,excellent,0.5990658702504436
Bob,24,2021-10-24 22:18:11,4334,Operations,,1500.0,1.0,ok,-1.954637674010844
Alice,34,2021-05-24 07:59:07,16717,Finance,C,1000.0,1.0,needs review,0.1531632911422674
Eve,45,2020-03-25 08:40:35,11103,Operations,B,1500.0,1.0,pending,-0.4579293618649506
Dave,44,2021-10-10 01:19:34,4458,Operations,,1000.0,1.0,,-1.021285495892721
Frank,58,2023-08-29 01:19:58,16700,IT,A,1000.0,0.0,,-0.3369148510944089
Dave,51,2020-07-22 15:32:21,6436,Operations,B,0.0,1.0,pending,0.9407546366648932
Frank,36,2018-08-03 16:52:54,3460,Operations,A,1000.0,0.0,,0.3910422573692358
Carol,67,2018-09-14 17:29:13,13421,Operations,,1500.0,0.0,pending,-3.069380222076708
Carol,50,2018-02-05 22:35:35,19398,IT,C,0.0,0.0,,1.6197737802767904
Alice,28,2020-02-17 07:54:41,4764,IT,D,0.0,1.0,needs review,-0.2484623426029959
Alice,64,2023-07-15 10:49:23,15621,Sales,A,1000.0,1.0,needs review,-0.5890291173648923
Frank,58,2020-06-05 23:13:11,11649,Sales,B,500.0,1.0,,1.4399648454204566
Carol,44,2020-11-22 04:11:01,19538,Finance,C,1000.0,1.0,pending,-0.2322968232842123
Eve,38,2021-07-18 16:23:42,4694,HR,B,1000.0,1.0,excellent,0.820200069345295
Eve,46,2018-11-26 02:35:43,10932,Operations,A,1000.0,0.0,needs review,0.8152319705403707
Bob,48,2023-04-09 00:59:24,15304,HR,D,1000.0,0.0,,0.3695461078625675
Carol,37,2017-10-26 19:05:59,11944,Sales,D,0.0,1.0,pending,-1.0369925988198372
Frank,22,2022-12-11 06:27:12,8769,HR,C,1000.0,1.0,,0.966096457284652
Dave,45,2018-12-31 02:33:14,6668,HR,B,1000.0,0.0,pending,0.2601778863943651
Carol,35,2023-04-29 01:30:14,11242,,B,1500.0,0.0,needs review,-2.276396678810996
Carol,54,2021-10-18 08:04:55,9072,IT,,0.0,1.0,excellent,0.1375804339212852
Frank,62,2022-12-08 22:47:15,10807,Operations,C,500.0,0.0,pending,0.0271302663833997
Eve,59,2021-12-17 11:19:47,17865,,,0.0,1.0,needs review,-0.6169989321935732
Carol,60,2021-06-25 02:14:00,10756,Finance,D,1000.0,1.0,excellent,0.7225723165170721
Alice,33,2019-10-23 00:03:55,4076,,B,1000.0,1.0,,1.0199361366556243
Eve,61,2023-04-25 00:56:23,13827,Finance,B,1000.0,0.0,needs review,-1.4283735216950912
Bob,68,2022-07-15 20:38:20,11805,IT,,1000.0,1.0,,0.0847633817987797
Dave,61,2020-09-18 23:30:37,15121,Operations,A,1000.0,1.0,,-1.2880309041572304
Carol,43,2023-09-21 19:33:30,5127,Sales,C,0.0,0.0,ok,-1.2250023854988914
Dave,43,2020-01-27 00:47:02,12172,Finance,D,500.0,1.0,ok,-0.5045481997035508
Dave,62,2020-03-05 05:58:26,15356,Operations,C,1000.0,1.0,ok,0.6037071764394922
Alice,67,2022-11-06 01:02:28,8657,Sales,,1000.0,1.0,needs review,0.3374417544358492
Eve,39,2019-03-27 15:39:31,12390,,A,1000.0,1.0,needs review,0.1607578771370219
Frank,40,2021-04-29 04:49:25,15148,,C,1000.0,1.0,needs review,-1.5493564039120316
Frank,66,2021-02-16 21:29:05,17370,,A,1000.0,1.0,needs review,0.5993444135213105
Alice,39,2019-10-06 07:37:19,18470,Operations,,500.0,1.0,pending,0.1908794669688565
Frank,66,2023-02-01 09:53:19,17901,IT,,1000.0,1.0,excellent,-0.0476266779264518
Dave,20,2018-01-27 07:52:25,13320,Sales,D,1500.0,1.0,,-1.837727261276143
Frank,41,2020-08-28 19:45:00,4547,HR,C,500.0,0.0,excellent,-1.7615164889567347
Bob,42,2020-04-24 19:16:58,14462,Sales,D,1000.0,1.0,pending,1.1632850469520426
Eve,68,2018-11-19 11:49:24,19716,HR,A,1500.0,0.0,needs review,-0.0032479992003323
Alice,27,2017-11-19 11:08:51,3195,,C,1000.0,1.0,ok,-0.559522811043382
Dave,19,2019-08-17 09:10:55,3046,IT,,1000.0,0.0,pending,2.438374170163441
Alice,55,2021-01-06 07:02:22,4934,Operations,,0.0,1.0,excellent,-1.1824790694357823
Alice,35,2020-12-22 01:09:30,17389,Sales,C,500.0,1.0,excellent,1.0821012655300437
Frank,64,2018-09-23 05:12:03,4706,Operations,B,0.0,0.0,needs review,1.1962215808222445
Dave,59,2020-05-11 04:55:14,15833,Finance,,1000.0,1.0,needs review,0.8995874206188023
Alice,20,2018-08-07 15:20:31,10776,IT,,500.0,1.0,pending,0.3192643324758212
Eve,44,2023-10-24 14:56:45,10715,,A,1000.0,1.0,,1.1109511450845908
Bob,61,2021-03-07 08:40:07,4063,Finance,B,0.0,1.0,excellent,0.4817513799223759
Alice,59,2021-06-02 16:01:21,16357,IT,D,1500.0,0.0,needs review,1.4664077047017068
Bob,43,2021-06-29 21:55:45,8089,Finance,B,1500.0,1.0,ok,0.0304452480773978
Bob,26,2022-11-26 04:05:00,5639,Finance,A,1500.0,1.0,ok,0.9007508767305162
Dave,56,2021-04-21 05:59:04,14485,HR,D,500.0,0.0,needs review,0.0558449606891415
Dave,52,2017-08-03 04:44:18,4107,,C,500.0,1.0,ok,0.6195583579631089
Eve,60,2019-07-29 02:36:32,9347,Sales,A,1500.0,1.0,ok,-2.5814269965962566
Frank,69,2022-10-30 10:19:43,16679,Operations,B,1000.0,0.0,pending,0.9710352908973532
Eve,48,2022-08-21 18:20:01,18874,Finance,D,500.0,0.0,,-0.4278056667027461
Alice,19,2023-02-08 01:00:11,3408,,D,0.0,0.0,ok,-0.2276625758482549
Alice,25,2022-01-15 11:28:43,8238,HR,D,1500.0,0.0,pending,-0.5806268595951799
Dave,62,2018-12-03 12:23:27,11326,IT,,0.0,0.0,ok,0.2753919973354187
Dave,29,2022-01-03 08:29:04,13047,HR,,1500.0,1.0,pending,1.2715404032569209
Dave,38,2021-07-12 07:17:44,19990,IT,A,500.0,1.0,ok,0.7647079533718878
Carol,50,2019-12-07 04:28:02,12618,Operations,,1000.0,1.0,excellent,0.4220822409863379
Eve,47,2019-12-22 02:26:20,14016,Finance,,0.0,1.0,,-0.0943678458595066
Carol,47,2022-06-29 06:09:42,15604,IT,D,1000.0,1.0,,-1.0944489965634965
Alice,66,2018-03-29 03:53:40,14638,Finance,C,1500.0,1.0,,-0.4722639794945364
Frank,31,2017-08-03 17:50:50,18096,Finance,A,1500.0,0.0,needs review,-1.4083066791094807
Alice,62,2019-08-26 15:47:28,6249,IT,A,1500.0,1.0,ok,1.2496739898622922
Dave,42,2020-04-02 06:10:13,18939,Sales,C,0.0,1.0,,0.3067246504189725
Bob,45,2019-09-27 08:11:56,11859,Sales,A,1000.0,0.0,ok,-0.6580641085222156
Alice,66,2023-05-25 19:33:20,3679,Finance,D,500.0,1.0,excellent,0.0615876247323457
Bob,29,2021-12-16 13:29:53,16144,IT,A,500.0,1.0,needs review,0.4022751147804829
Eve,30,2019-07-05 08:44:35,5641,Finance,D,0.0,1.0,excellent,0.2559683706099501
Frank,36,2020-06-25 00:18:17,7781,HR,B,500.0,1.0,pending,0.3426929943895416
Carol,57,2022-01-09 04:49:39,10332,Operations,,1500.0,0.0,needs review,0.9825356090886008
Alice,28,2023-05-19 00:28:01,10152,,D,500.0,1.0,needs review,-0.0496933905066492
Carol,69,2018-04-19 18:55:11,9693,HR,B,500.0,1.0,pending,0.7191388608187801
Frank,51,2018-06-21 11:30:36,13630,Operations,C,0.0,1.0,pending,-1.3395247226249385
Dave,52,2022-06-02 18:36:23,11542,HR,D,1000.0,1.0,needs review,-1.7741689489667798
Bob,38,2020-09-09 11:48:27,18582,Finance,C,1000.0,1.0,ok,-0.6568383512449406
Alice,23,2017-12-27 22:31:15,17543,Finance,C,0.0,1.0,ok,-0.3818569501891068
Alice,64,2022-02-07 01:45:15,6221,HR,D,500.0,1.0,excellent,0.6720263628099996
Bob,33,2017-11-25 04:36:34,16161,Operations,,1000.0,1.0,pending,1.273860347040899
Dave,64,2020-04-29 06:27:02,19224,Sales,C,1000.0,1.0,pending,-0.2519892799964323
Frank,53,2019-01-26 05:14:22,12608,,B,0.0,0.0,ok,-0.3012885179936482
Alice,22,2022-06-23 03:07:43,14976,HR,B,1000.0,0.0,pending,-1.813883232601412
Eve,22,2022-11-16 02:54:46,7722,Operations,,0.0,1.0,pending,-0.1335561615414991
Bob,69,2022-12-10 00:06:48,16482,HR,,1000.0,1.0,,-0.6538789890013166
Alice,69,2020-01-19 09:46:06,14929,,,1000.0,1.0,needs review,1.7873733360085735
Frank,18,2020-02-26 11:31:10,12076,,D,0.0,0.0,,-1.19665951666481
Frank,18,2020-10-07 03:09:06,7132,,,1500.0,1.0,excellent,-0.1744106107317531
Carol,63,2018-07-25 16:00:13,12341,HR,C,0.0,0.0,excellent,-2.0382559501532573
Bob,40,2021-07-19 03:33:32,5540,Finance,C,1000.0,1.0,excellent,-1.5284754699266787
Frank,40,2023-08-02 16:38:12,17304,Finance,D,1500.0,1.0,,-0.5804527453607599
Frank,66,2018-02-25 06:22:22,12781,Finance,,1500.0,0.0,pending,-0.1944409244245227
Bob,61,2020-02-26 13:56:46,7652,Finance,A,1000.0,1.0,,-0.7705169611828562
Alice,18,2023-09-06 08:18:26,6757,HR,D,0.0,0.0,,0.0687410134755609
Dave,33,2020-09-26 23:29:46,12042,Sales,,1000.0,1.0,needs review,0.5033236927167125
Eve,29,2021-03-19 03:09:02,12507,Sales,A,1000.0,0.0,ok,-0.0768426437248117
Bob,23,2022-11-26 20:53:02,12903,HR,B,500.0,0.0,ok,-1.667035859266638
Eve,68,2020-09-29 09:22:58,11458,Finance,D,1000.0,1.0,ok,0.8487493529393895
Dave,33,2018-07-13 02:09:42,5319,,C,1000.0,0.0,pending,0.267510895893669
Eve,39,2019-06-30 20:51:07,8388,IT,B,1000.0,1.0,ok,0.4143508164315886
Bob,48,2020-12-07 23:30:37,18757,Operations,A,1000.0,0.0,pending,-0.0284491101650136
Bob,49,2023-09-28 21:38:27,5600,Operations,D,1000.0,1.0,ok,-1.5711028560816784
Alice,45,2017-08-28 20:59:02,6667,Sales,D,0.0,0.0,excellent,2.037728014927358
Frank,52,2020-10-30 04:55:14,10951,HR,B,0.0,1.0,,-0.4341569392465912
Alice,40,2021-09-24 03:55:44,10679,Finance,C,1500.0,0.0,,0.2439633103092049
Alice,41,2020-09-12 06:21:57,16746,,,0.0,0.0,excellent,0.8330560963320899
Alice,58,2019-01-02 19:59:57,8889,Operations,B,1500.0,1.0,needs review,-0.2233272962286419
Dave,19,2021-05-25 08:52:37,15625,Operations,,500.0,0.0,excellent,0.418487925765644
Carol,54,2020-11-18 19:28:10,13241,,D,1000.0,0.0,needs review,1.290013838101109
Frank,22,2021-03-17 08:46:12,16526,Finance,B,500.0,1.0,excellent,-0.1126243872896524
Carol,61,2021-02-25 12:05:19,8527,,A,1500.0,1.0,pending,-0.2500547403532244
Carol,59,2022-07-22 12:00:48,19349,,B,1000.0,1.0,,1.0050343418149612
Carol,51,2020-12-23 17:28:14,13300,Finance,A,1000.0,1.0,needs review,1.0060129468446437
Bob,66,2021-04-16 00:59:57,6387,Operations,B,1000.0,1.0,pending,-0.8170131562167167
Frank,62,2020-12-16 19:14:10,10820,HR,D,1500.0,1.0,pending,-0.6726372925733076
Dave,59,2021-08-04 13:47:09,5880,IT,D,0.0,0.0,pending,0.937336590540224
Alice,53,2019-03-12 05:03:39,3174,Finance,,1000.0,1.0,excellent,0.4839591007988001
Bob,46,2021-08-15 11:18:15,10943,IT,,0.0,0.0,ok,0.772881222162635
Alice,48,2018-01-08 07:21:10,10279,Finance,,0.0,0.0,ok,-0.0488235094876349
Carol,61,2017-09-26 11:06:44,18542,Operations,C,0.0,0.0,needs review,-1.544968544958483
Dave,22,2018-09-27 18:15:19,3329,Sales,D,500.0,0.0,pending,-0.302562136770294
Bob,43,2020-04-15 01:17:04,7512,Operations,B,1000.0,1.0,needs review,-1.5570621168885663
Carol,18,2019-05-29 00:00:19,8642,Finance,,0.0,1.0,pending,1.6588243583222493
Bob,53,2021-03-12 23:50:02,5740,IT,C,0.0,1.0,ok,0.0146430725045147
Carol,55,2018-08-11 23:05:22,6383,Operations,,1500.0,0.0,excellent,-0.8452895379516597
Bob,51,2022-11-08 12:18:27,17654,IT,D,1000.0,1.0,pending,0.2548284050596781
Dave,26,2022-10-27 16:02:07,11153,,B,0.0,0.0,pending,-0.763665405385227
Alice,36,2022-01-25 22:20:01,13932,Operations,B,500.0,1.0,needs review,-0.9224722715133886
Alice,41,2021-03-06 23:25:11,18536,,,1500.0,1.0,,0.0504411221533815
Alice,40,2017-09-01 23:05:33,12852,Finance,A,1000.0,1.0,needs review,-0.89648603588052
Bob,35,2019-09-04 16:11:43,4909,Operations,,500.0,0.0,excellent,0.7727678389183447
Alice,30,2022-04-12 10:46:04,16092,HR,B,500.0,1.0,pending,-0.1410771274625679
Dave,31,2020-09-12 08:00:50,11807,Operations,C,500.0,1.0,needs review,-0.1012092985107128
Dave,60,2022-07-26 23:55:09,19871,HR,D,1000.0,1.0,excellent,-1.1054110663642738
Dave,63,2019-11-24 00:31:25,13914,Sales,C,1500.0,1.0,excellent,0.7336424881163145
Bob,21,2019-12-01 16:18:29,8002,Sales,D,1000.0,0.0,,-0.8376121698233598
Bob,41,2023-08-05 03:05:58,7310,,C,500.0,0.0,,0.2914744992469832
Alice,54,2019-03-08 04:02:18,14442,IT,B,1000.0,1.0,,1.4995434865379338
Frank,25,2021-07-04 02:48:14,5519,,A,1000.0,1.0,,-1.3481380295468088
Carol,67,2023-06-11 17:58:09,12957,Finance,B,500.0,1.0,,0.5788287005175368
Frank,33,2019-05-28 01:13:38,5120,,A,1500.0,0.0,excellent,-0.9161311028276866
Frank,61,2022-06-12 18:23:59,9904,Sales,D,1000.0,1.0,needs review,0.6736117770805836
Dave,32,2017-12-05 03:45:24,5502,IT,C,0.0,1.0,excellent,-0.2048478696651331
Alice,34,2018-12-21 04:34:03,18607,HR,C,1500.0,0.0,pending,0.9835071227364331
Alice,20,2021-07-27 03:29:09,6352,IT,A,1000.0,1.0,ok,-1.0080980135287654
Eve,68,2019-03-14 07:01:58,13686,Sales,B,500.0,1.0,needs review,1.3556643659403849
Frank,33,2018-06-14 20:43:30,13485,IT,C,500.0,1.0,pending,-1.1117781363103212
Alice,31,2023-09-25 02:21:04,4512,Finance,,1000.0,1.0,ok,-0.836575844118493
Dave,60,2019-04-24 19:22:33,17689,HR,A,1500.0,0.0,pending,-1.6248703467533143
Alice,49,2022-12-10 05:22:52,5208,HR,C,1000.0,0.0,needs review,0.7575328486979562
Alice,31,2020-11-09 10:46:17,8405,Sales,D,1000.0,1.0,pending,-0.3430407924145279
Carol,46,2023-04-19 13:06:26,9816,IT,A,500.0,0.0,ok,1.185370584538582
Eve,66,2022-01-19 06:51:21,14903,Operations,,1000.0,1.0,,0.3370265061100753
Alice,46,2018-07-10 14:53:01,13182,HR,C,0.0,1.0,needs review,-1.9866511806517004
Bob,45,2019-03-02 09:35:10,3181,Operations,,1000.0,1.0,needs review,0.6239276792825682
Eve,51,2018-01-25 15:14:45,17587,,C,1500.0,0.0,excellent,1.0334052080981324
Bob,21,2021-11-14 23:17:12,4479,Operations,,500.0,0.0,ok,1.0947918875427625
Alice,27,2019-05-07 02:48:43,7426,,A,500.0,1.0,ok,0.6474163170474336
Frank,24,2021-12-09 16:00:34,17822,Sales,D,0.0,0.0,needs review,-0.1730487660003199
Frank,56,2020-03-23 11:44:10,5182,HR,C,1000.0,1.0,ok,-0.2649843467186678
Carol,32,2018-04-22 22:19:01,7350,Finance,A,0.0,1.0,pending,-0.974777351787858
Dave,62,2017-12-28 09:22:26,17372,HR,B,1000.0,1.0,,2.1486118246698416
Eve,26,2023-07-20 15:34:35,13310,,B,1500.0,1.0,needs review,0.6581424825736805
Frank,41,2021-04-28 01:51:26,14890,IT,A,0.0,1.0,pending,-0.0409332271627734
Eve,55,2021-11-06 00:11:58,11531,IT,C,1000.0,0.0,needs review,-0.1276012319508749
Dave,68,2022-03-15 04:05:48,6730,Operations,C,1000.0,1.0,ok,-1.258086120231981
Alice,20,2018-06-25 05:08:58,5477,IT,A,0.0,0.0,pending,-0.0054047535940146
Bob,62,2023-05-07 08:04:50,10369,IT,,0.0,1.0,excellent,0.98708063180582
Eve,35,2023-10-23 06:50:10,14723,Operations,A,1500.0,1.0,pending,-0.2278873155533005
Eve,46,2020-12-27 23:49:58,12786,Operations,A,1000.0,1.0,ok,0.7797007996850034
Bob,67,2018-03-19 16:04:02,5925,,D,1000.0,1.0,excellent,-1.1478856059232785
Eve,48,2023-06-03 23:42:10,12984,HR,C,1000.0,0.0,,0.5069959935436331
Eve,55,2022-08-17 07:33:24,7274,,C,0.0,0.0,needs review,-0.1184296954102139
Eve,27,2019-02-04 20:58:41,12863,IT,A,0.0,1.0,pending,-1.0220335805701657
Dave,29,2018-04-27 07:42:59,8010,IT,B,0.0,0.0,needs review,-0.5743183050292783
Bob,64,2021-08-20 21:10:53,16247,Finance,C,0.0,1.0,,-0.094563872637333
Eve,67,2020-02-23 03:37:54,15937,IT,D,1500.0,1.0,excellent,0.0263121967627824
Frank,55,2021-11-10 02:01:42,15107,Finance,C,500.0,1.0,pending,0.4418874322808057
Frank,22,2018-10-31 09:19:29,4690,Operations,A,500.0,0.0,pending,-0.3043314910504404
Bob,56,2019-05-02 18:08:58,17752,Finance,,1500.0,1.0,needs review,-0.4610979876701708
Dave,26,2022-07-06 16:36:17,12919,Operations,A,1000.0,0.0,excellent,-1.5354016436674542
Dave,36,2019-09-25 17:34:31,17482,IT,B,1000.0,1.0,pending,1.7919352395792276
Frank,68,2017-12-03 13:12:47,9054,,,500.0,0.0,ok,-0.7437378247735613
Carol,44,2021-12-26 06:22:39,12535,Finance,,1000.0,1.0,needs review,-1.4243878391955125
Bob,64,2020-06-19 19:50:07,19748,HR,D,500.0,1.0,,1.433303137486264
Bob,67,2023-08-06 17:04:13,14456,Sales,,0.0,1.0,,-0.5593748152328238
Frank,63,2021-07-14 22:04:12,17699,,,1500.0,1.0,ok,-0.7414865266642735
Alice,21,2022-07-28 21:12:34,16406,IT,B,500.0,1.0,ok,-1.2388182942613004
Alice,26,2019-07-07 14:23:48,4695,Operations,B,0.0,1.0,needs review,0.4472506373795064
Bob,49,2020-07-20 13:06:27,3273,Finance,C,0.0,1.0,excellent,0.4241797773949161
Alice,18,2022-10-28 07:35:46,5802,IT,A,500.0,1.0,ok,0.4417615704129924
Eve,48,2022-04-24 09:22:22,3857,Finance,,1000.0,0.0,needs review,-1.2289351427818858
Eve,51,2021-10-30 10:28:29,15847,IT,A,0.0,1.0,,-0.4391222607455182
Bob,69,2023-09-12 23:43:52,19983,IT,C,1000.0,0.0,ok,-1.4580093403714816
Alice,54,2023-10-19 09:43:32,17236,Operations,D,1500.0,1.0,needs review,-0.6948341334686197
Carol,61,2022-05-02 00:02:38,15778,Finance,,1500.0,0.0,ok,-0.0221150213004919
Dave,29,2019-03-11 17:47:07,14296,Finance,C,1000.0,0.0,pending,-0.9116885372800236
Bob,44,2021-01-07 17:33:40,10352,Sales,,500.0,1.0,ok,-0.978347495680032
Carol,40,2017-07-21 02:32:55,4465,IT,B,500.0,1.0,,-0.6859553138881258
Bob,31,2022-04-20 02:52:15,10620,IT,A,0.0,1.0,pending,-0.3559961815171328
Bob,34,2020-12-22 13:19:21,17937,Finance,D,1500.0,1.0,needs review,1.8378188009973453
Eve,29,2017-11-02 22:44:54,14199,Operations,A,1000.0,1.0,excellent,1.2472422253953426
Alice,58,2019-09-26 11:39:56,15555,,,500.0,1.0,needs review,1.297238582235931
Frank,66,2018-10-19 17:08:26,19027,HR,C,0.0,1.0,pending,-0.2555437217258025
Carol,57,2021-06-25 18:59:52,9630,Sales,D,1500.0,1.0,needs review,-0.2870572228872409
Bob,49,2021-11-15 15:41:37,11335,HR,D,1000.0,1.0,pending,0.9195450981207852
Frank,43,2021-11-28 14:46:41,3269,Sales,C,1500.0,1.0,pending,-0.9715287138060796
Carol,55,2019-12-02 12:37:29,18659,HR,D,500.0,1.0,excellent,0.1214916134150784
Carol,38,2018-03-29 16:32:11,6213,IT,C,0.0,1.0,excellent,0.0268371422472231
Dave,63,2019-11-19 06:05:31,13011,,C,1500.0,1.0,,-0.4506732873828377
Bob,41,2018-10-18 21:06:56,10610,,A,1500.0,1.0,pending,-0.9329049799081284
Alice,65,2020-04-16 03:08:18,16341,IT,A,1500.0,1.0,,-0.7042366281605233
Carol,30,2021-01-13 05:13:13,16243,IT,C,0.0,1.0,,0.3081267358475543
Alice,39,2021-10-24 02:21:18,4949,HR,C,0.0,0.0,ok,-1.1048676872267122
Alice,25,2021-01-11 06:58:02,5026,,C,1000.0,1.0,needs review,-0.0681521104166281
Dave,59,2021-07-27 09:39:21,6735,Sales,A,1000.0,1.0,ok,1.970025865105482
Alice,35,2021-11-25 14:39:50,13529,Operations,B,1500.0,0.0,ok,-0.3358607091836287
Alice,61,2018-09-19 07:14:05,4493,IT,B,0.0,1.0,pending,0.7600084212694117
Frank,47,2019-12-17 04:51:23,12537,Operations,D,1500.0,0.0,pending,-1.064369314908689
Carol,21,2020-08-15 04:29:53,11455,,B,1000.0,0.0,pending,0.1607759270653965
Eve,51,2021-06-14 05:30:55,9762,IT,,1000.0,1.0,pending,0.2840376571315047
Alice,26,2020-04-02 02:10:11,5452,Finance,A,1000.0,0.0,pending,1.1515425142208298
Eve,50,2022-06-18 02:01:36,6949,HR,D,0.0,1.0,excellent,-0.0724146997433817
Alice,60,2021-01-01 15:29:53,11326,,D,1000.0,1.0,pending,-0.859784820503352
Dave,39,2022-08-27 22:28:27,11255,IT,C,1000.0,1.0,needs review,-0.130103800032181
Dave,46,2023-11-11 16:24:35,11959,Finance,,1500.0,0.0,needs review,1.013637667496587
Bob,40,2023-05-01 20:59:34,18724,IT,D,0.0,1.0,needs review,-1.932931063291153
Carol,26,2022-09-07 04:49:50,6455,Finance,A,1000.0,1.0,ok,0.6195060692075492
Bob,23,2017-09-20 07:29:50,6771,HR,C,1500.0,0.0,,-1.562022680532466
Carol,21,2018-10-22 08:33:45,10378,Sales,C,500.0,1.0,excellent,-2.1520776635231864
Frank,64,2018-09-14 06:22:39,9273,Operations,A,500.0,1.0,ok,0.3662401500288099
Frank,43,2020-12-16 03:51:58,12589,Finance,C,1500.0,0.0,pending,-0.2155651468378465
Bob,37,2020-11-20 19:56:06,17543,Finance,,1500.0,1.0,pending,1.13178204363688
Eve,66,2022-02-19 11:00:17,3896,,,1000.0,1.0,excellent,0.935527428586559
Eve,48,2022-04-02 02:20:14,7141,Sales,D,1500.0,1.0,excellent,-0.1048268907241868
Frank,18,2020-11-23 05:16:37,17770,HR,C,0.0,0.0,pending,-0.1286012698205433
Frank,26,2023-03-04 04:34:35,17281,Operations,C,1000.0,0.0,excellent,0.1471233935807711
Eve,39,2022-10-14 23:51:05,7990,Finance,A,1000.0,1.0,needs review,0.6191559352606145
Eve,37,2020-09-09 11:08:55,4826,Operations,A,1000.0,0.0,,0.9413381317845824
Bob,44,2017-08-24 13:27:53,19955,Finance,A,1500.0,1.0,pending,-0.0161287522486154
Carol,61,2022-10-01 08:31:57,15747,,D,1500.0,1.0,,-1.0506701418193245
Dave,57,2022-01-14 05:22:35,3480,,D,500.0,0.0,pending,-0.4026117945877434
Alice,58,2020-03-20 20:15:54,12608,Sales,A,0.0,0.0,excellent,-1.3939829203995926
Bob,46,2020-05-27 03:23:15,16775,IT,D,1000.0,0.0,pending,-0.8725741538678549
Frank,47,2021-11-26 12:26:39,16721,Finance,C,1000.0,1.0,excellent,0.7182409259250122
Alice,64,2019-04-11 06:55:57,16404,Finance,,500.0,1.0,pending,-0.7377333431799566
Dave,55,2018-05-10 06:45:13,6123,IT,,1500.0,1.0,pending,-0.3098682541134369
Frank,19,2019-09-11 08:32:10,18586,Operations,A,500.0,0.0,needs review,-0.3215012145127599
Carol,33,2021-07-09 10:43:28,19238,,,1500.0,0.0,excellent,-0.0636524568221804
Eve,21,2021-06-15 00:05:50,14394,Operations,C,1500.0,1.0,,-0.4207838210001712
Carol,64,2023-11-04 21:37:13,17047,,A,1500.0,1.0,pending,1.0461874854178614
Eve,53,2023-07-29 21:13:43,5642,HR,,1500.0,1.0,,-2.0075672863217853
Alice,29,2017-09-09 19:08:33,12670,Sales,B,500.0,1.0,excellent,-2.4384501534175564
Frank,48,2023-05-30 10:34:09,5987,Finance,D,1500.0,1.0,pending,0.2106510370641724
Alice,62,2018-10-05 10:30:03,13177,Operations,C,1000.0,1.0,ok,-1.5644422743522983
Eve,21,2022-06-03 17:06:55,12538,IT,A,0.0,1.0,ok,0.8495658529481758
Carol,30,2022-07-07 10:48:49,14244,Sales,D,1500.0,1.0,pending,-1.0984456060976624
Alice,32,2022-04-14 18:21:17,6148,Operations,D,1000.0,1.0,excellent,0.7555679729745027
Carol,39,2018-07-01 18:48:01,6332,Operations,C,1500.0,1.0,needs review,-0.2036743663407624
Eve,39,2023-01-28 09:36:19,17436,Operations,D,1000.0,1.0,,0.0501976448111375
Eve,41,2019-12-17 12:11:50,18189,Finance,A,500.0,1.0,excellent,-0.176210416693687
Eve,57,2019-09-26 13:50:13,3795,,C,1500.0,1.0,,-1.478556225879727
Alice,25,2019-05-24 02:23:38,19350,Operations,B,1000.0,0.0,excellent,-0.2209364047267553
Carol,18,2022-01-20 22:12:35,19043,HR,,1500.0,0.0,ok,-1.42084178005574
Bob,34,2018-09-20 15:15:15,13312,HR,D,1000.0,1.0,,0.2402567780918799
Carol,28,2019-02-08 03:33:41,17715,Sales,B,1000.0,1.0,excellent,-0.2708705202732867
Alice,30,2022-12-16 06:29:42,13973,HR,A,0.0,0.0,needs review,0.9621069360043182
Dave,44,2021-10-11 05:37:15,16735,HR,A,1000.0,0.0,excellent,1.930926152647032
Bob,64,2020-01-07 01:12:55,11882,Finance,D,1500.0,0.0,pending,1.060951387620673
Alice,63,2018-01-20 10:29:41,18797,HR,C,0.0,1.0,ok,-0.1967970855824171
Bob,49,2020-12-15 16:59:43,12463,Sales,B,1000.0,1.0,excellent,0.3162113913164373
Carol,44,2020-12-10 22:56:42,16522,HR,C,0.0,1.0,needs review,-1.319378518578663
Eve,54,2020-12-27 02:55:31,16515,IT,A,1000.0,1.0,pending,-1.0155124127936477
Dave,68,2019-04-22 18:43:01,10902,HR,A,0.0,1.0,ok,-0.4724021564390716
Carol,69,2022-12-05 21:11:36,14921,Sales,D,0.0,0.0,needs review,0.4468013202058079
Eve,31,2022-12-16 02:56:39,16009,Operations,D,1000.0,0.0,pending,-0.4821660716640938
Bob,23,2020-08-11 03:04:20,19364,Sales,D,1500.0,0.0,ok,-0.6153254579694034
Frank,64,2023-05-07 01:11:15,10660,IT,,1500.0,1.0,ok,0.1950654193881788
Alice,46,2019-07-20 02:43:07,5505,Sales,B,0.0,0.0,needs review,1.7717217864042611
Frank,55,2017-08-03 04:26:47,4279,Operations,A,1500.0,1.0,pending,-0.5350001913030027
Eve,34,2022-12-28 06:17:09,8442,Finance,A,500.0,1.0,ok,-0.1851933660600409
Alice,44,2021-05-07 15:35:53,19225,Operations,B,500.0,1.0,needs review,0.0467215502940826
Dave,33,2023-10-26 09:28:24,3686,IT,B,500.0,0.0,ok,-0.451566965439811
Carol,61,2020-03-07 01:25:55,15245,HR,C,1500.0,1.0,excellent,-1.2628113986844247
Eve,62,2019-11-17 17:22:27,5588,Sales,,1000.0,1.0,excellent,-0.2152854159095382
Dave,32,2022-04-21 00:19:46,12142,IT,A,500.0,0.0,pending,-0.6407416472223159
Frank,30,2021-07-16 22:19:05,8476,Operations,C,0.0,0.0,needs review,0.4376926278147435
Alice,30,2019-06-19 01:02:29,4376,IT,B,1000.0,0.0,ok,-0.5531269900949607
Alice,45,2018-11-05 18:54:12,11967,HR,A,1000.0,1.0,needs review,-0.3089876194254845
Frank,54,2023-09-14 17:17:17,18564,HR,B,500.0,1.0,needs review,-0.1812610479361361
Dave,39,2019-02-10 03:29:34,9976,IT,B,0.0,0.0,needs review,-2.730840491218498
Carol,56,2023-07-01 12:35:19,4427,IT,A,0.0,0.0,ok,0.1725633590932863
Alice,34,2022-09-27 19:59:38,5970,,B,1500.0,1.0,excellent,-0.7286889838846937
Eve,63,2021-06-15 09:02:58,5710,Operations,A,1000.0,1.0,pending,-1.0704117234957005
Frank,61,2019-11-04 13:54:22,15205,Finance,C,0.0,1.0,pending,-0.140254148473557
Carol,46,2018-11-13 03:31:44,15287,Finance,,0.0,1.0,ok,0.0139636217969443
Frank,21,2018-10-02 08:55:50,12911,IT,C,500.0,0.0,excellent,0.9551459886130584
Dave,50,2019-06-24 12:53:13,8268,HR,C,1000.0,0.0,,2.0838563276332005
Dave,23,2019-01-16 07:53:21,7550,Operations,B,0.0,1.0,excellent,-1.1904928892387805
Bob,38,2022-05-04 23:51:21,11886,IT,B,0.0,1.0,ok,0.3760795712243784
Alice,54,2019-06-11 08:18:22,11006,HR,D,500.0,1.0,ok,2.060656706814759
Bob,59,2023-06-14 03:07:36,3372,HR,,1000.0,1.0,needs review,2.014445727185461
Carol,40,2017-10-02 20:46:51,3879,Finance,A,500.0,1.0,,0.6361799201057
Alice,46,2017-09-18 06:41:13,8474,,C,1500.0,1.0,pending,0.700856946571066
Carol,67,2021-06-27 17:54:16,18319,Sales,C,500.0,0.0,excellent,1.9427065147942075
Bob,64,2018-10-21 15:59:15,19936,Sales,C,1000.0,1.0,ok,1.5549963119371173
Alice,66,2019-05-26 23:44:55,17035,Operations,D,1000.0,0.0,needs review,-1.645970528055143
Frank,67,2019-06-29 09:14:59,16145,,D,1500.0,1.0,excellent,0.7436010683156182
Frank,53,2018-10-29 05:38:23,15634,Operations,A,0.0,1.0,excellent,-1.2545874958936876
Carol,66,2021-12-12 12:41:32,8059,,C,0.0,1.0,,-1.3131313397826123
Bob,51,2018-10-25 00:58:19,12686,Operations,C,500.0,1.0,,-0.2085203851380721
Dave,32,2022-10-19 07:15:59,9225,HR,D,1500.0,0.0,ok,0.7065057417367906
Alice,43,2022-10-14 19:35:48,18285,Sales,B,1000.0,0.0,pending,-0.3906770711179059
Carol,45,2023-03-27 07:08:38,8618,Operations,A,1000.0,1.0,pending,-1.465205532985446
Frank,26,2020-12-25 06:33:50,15731,HR,C,1000.0,1.0,excellent,2.802858580903857
Carol,27,2023-07-04 02:29:14,14694,,D,500.0,1.0,excellent,-0.0534199562599218
Bob,50,2022-08-26 02:15:10,11934,,,1500.0,0.0,ok,-1.3447666599816952
Eve,25,2022-01-05 23:06:49,17140,Finance,C,1000.0,1.0,needs review,0.288390515295919
Dave,28,2018-08-30 21:16:30,8671,Finance,D,0.0,1.0,pending,-1.2673430743238328
Alice,58,2019-06-25 16:21:04,11012,HR,B,0.0,1.0,needs review,1.7857008173964513
Frank,43,2022-05-03 04:57:50,4477,HR,D,1500.0,1.0,,-0.8426986521594917
Bob,54,2020-09-07 09:38:37,13337,Operations,D,1000.0,1.0,needs review,-1.587678932524829
Eve,59,2018-04-14 17:49:35,11776,Sales,D,1000.0,0.0,excellent,-0.8202072731300256
Carol,55,2017-12-03 03:35:12,10412,,A,1000.0,1.0,ok,-0.2914148607272832
Dave,45,2022-12-19 20:38:42,14391,,C,500.0,1.0,needs review,1.010716203681624
Bob,47,2022-05-31 10:40:51,5207,,B,500.0,1.0,needs review,0.2017670192589438
Dave,54,2022-01-30 19:32:26,11395,Operations,A,1000.0,0.0,ok,1.967640692031977
Dave,50,2022-12-04 20:05:09,8252,Operations,,1500.0,1.0,,0.4339125502441113
Carol,68,2022-04-08 22:15:27,15269,HR,C,500.0,1.0,ok,-0.2176775543828363
Eve,49,2023-04-10 09:08:14,10790,Sales,C,500.0,1.0,,-1.87315490794131
Bob,40,2021-09-21 09:04:02,9630,Sales,A,1000.0,0.0,excellent,-0.3635678482756891
Alice,67,2018-06-21 01:19:40,5840,Sales,A,0.0,1.0,ok,1.2801120536117776
Bob,27,2019-06-12 00:19:02,3876,Finance,C,1000.0,1.0,needs review,0.297234975747289
Eve,50,2020-10-04 18:37:06,9221,IT,D,0.0,1.0,,-1.044125796129792
Eve,64,2018-06-07 20:28:39,17945,Finance,D,1000.0,1.0,needs review,0.1295642528694012
Eve,31,2017-11-08 23:34:23,18472,HR,B,1500.0,1.0,excellent,0.5267050226345317
Bob,55,2021-06-17 02:35:02,4515,Operations,B,500.0,1.0,pending,0.9321361173130644
Dave,51,2021-10-08 06:58:22,18086,Sales,C,1000.0,0.0,pending,1.1372415349939555
Bob,62,2018-01-22 02:38:26,19216,IT,,1000.0,1.0,pending,0.1079820554913951
Alice,65,2018-09-19 06:54:15,12760,IT,D,1500.0,1.0,excellent,-0.5894517965901318
Bob,67,2019-10-07 01:06:47,14654,,B,1000.0,1.0,ok,0.7452430685712944
Carol,28,2021-05-22 14:41:42,18121,HR,B,1500.0,1.0,excellent,0.8781462077947572
Eve,47,2017-12-26 11:34:43,12939,Operations,A,500.0,1.0,ok,-0.818487377691866
Dave,30,2019-02-17 20:03:44,7088,,D,500.0,0.0,ok,-0.1094803928666151
Alice,23,2021-04-14 02:24:04,17284,Operations,B,0.0,1.0,ok,-1.0790670977607293
Frank,46,2021-03-04 21:57:48,19789,Sales,B,1000.0,0.0,ok,0.4215546783769409
Frank,50,2021-04-01 00:51:44,12365,Operations,D,0.0,0.0,ok,-0.2343180584379536
Bob,42,2021-05-24 07:44:39,8221,HR,A,1500.0,0.0,pending,-0.7972867450948712
Alice,37,2021-05-09 07:17:00,3198,Sales,B,500.0,1.0,pending,-0.2473268184036086
Carol,28,2022-08-21 23:22:08,10025,Sales,B,1000.0,1.0,needs review,-1.1851149340203495
Frank,58,2022-11-24 00:35:47,11558,,D,1500.0,1.0,ok,-0.1555788968026237
Alice,29,2021-05-14 18:47:03,19362,IT,,1000.0,1.0,needs review,-0.0322241336085116
Carol,36,2017-09-10 13:45:26,11831,IT,,1000.0,1.0,pending,-0.216773149020467
Dave,25,2019-05-06 21:23:58,7043,IT,A,500.0,1.0,needs review,-0.3112833208990594
Eve,43,2018-02-04 16:18:12,9198,Operations,D,1000.0,1.0,,-0.4972337915370082
Alice,29,2019-10-29 02:12:36,14381,,D,1000.0,1.0,pending,-0.1311314700565283
Carol,36,2018-12-16 20:56:34,3684,HR,D,500.0,1.0,,-0.0116474782129065
Frank,40,2020-03-25 17:44:06,5177,Sales,C,500.0,0.0,excellent,1.1127465815800617
Dave,54,2018-07-11 13:02:36,17778,HR,A,500.0,0.0,pending,-0.6341417518463399
Dave,21,2019-08-14 08:46:02,15942,IT,,0.0,0.0,excellent,0.8557670393232332
Frank,41,2017-12-08 15:30:45,19817,,B,1000.0,1.0,,-0.0646452986453403
Dave,58,2021-05-28 13:58:03,17909,Finance,B,1000.0,0.0,ok,1.6819435197222143
Frank,38,2020-04-01 02:30:53,10164,HR,B,500.0,1.0,pending,0.5543381242697655
Eve,39,2021-07-16 20:26:27,4019,,,1000.0,1.0,needs review,2.377922917434846
Alice,53,2019-07-17 08:08:08,9039,HR,C,1000.0,0.0,excellent,0.3077655312385671
Carol,41,2023-01-23 02:25:01,6630,IT,A,1500.0,1.0,needs review,-0.1030525703280132
Alice,20,2022-11-18 20:50:51,8117,Finance,,0.0,0.0,needs review,1.6593465874114453
Eve,65,2022-05-31 10:16:44,10453,Operations,B,1000.0,1.0,,-0.7264842019959944
Alice,50,2023-06-19 02:21:17,13126,IT,C,1000.0,0.0,ok,-1.1476200210794951
Frank,61,2017-07-25 06:28:41,11659,IT,,1500.0,1.0,pending,2.080054473647771
Frank,45,2021-10-26 19:49:44,5223,HR,,500.0,1.0,ok,1.5654768175864169
Bob,33,2022-04-27 11:15:58,5547,Sales,A,1000.0,1.0,ok,-0.1016686481911585
Bob,18,2018-07-03 23:51:44,9210,,D,0.0,1.0,ok,-0.1691821457934005
Frank,43,2018-10-07 22:30:57,10981,Sales,A,500.0,1.0,needs review,-0.5609325035996414
Dave,54,2019-12-05 12:46:00,18640,Operations,A,500.0,0.0,pending,1.6642236592444346
Frank,28,2020-01-07 04:21:02,4446,HR,D,0.0,1.0,needs review,0.6376695644730508
Carol,28,2020-07-21 16:16:43,11736,,C,0.0,1.0,,1.589397478709171
Carol,46,2022-02-08 14:21:23,13855,Operations,A,1000.0,1.0,,-1.2656633009628575
Dave,19,2018-07-22 19:34:42,15241,Sales,,1500.0,0.0,pending,0.6060628684495338
Dave,53,2022-04-01 10:21:06,3621,,B,1500.0,1.0,excellent,-0.5863351268571807
Bob,27,2020-10-10 22:07:39,18894,Sales,,1000.0,1.0,ok,-1.2128669112267043
Dave,69,2023-11-02 12:14:20,14207,HR,D,0.0,1.0,excellent,-1.1603944571952385
Carol,64,2018-06-13 07:40:13,9644,Operations,C,0.0,1.0,ok,0.859390561351226
Dave,26,2022-04-14 08:53:10,17536,HR,,1000.0,1.0,,1.016244912519748
Frank,21,2018-02-26 09:25:37,5600,,,1000.0,1.0,ok,-0.2401511635142983
Alice,60,2022-11-24 05:23:22,6904,Operations,A,500.0,1.0,needs review,-1.5212473199704653
Bob,33,2020-05-13 04:27:17,10285,,D,0.0,1.0,pending,1.3619087393878089
Dave,22,2021-10-26 21:32:18,9538,HR,A,1000.0,0.0,needs review,-0.9616559260661212
Bob,32,2019-10-13 18:16:54,8185,Finance,A,1000.0,1.0,pending,-0.8118172446722391
Bob,68,2020-03-12 21:23:27,18975,Finance,C,500.0,1.0,,0.9364570969191132
Alice,65,2018-09-18 06:57:10,8617,HR,B,0.0,0.0,excellent,0.6237252512040296
Eve,58,2020-08-01 12:01:41,17859,HR,,500.0,1.0,ok,-1.911456749447605
Alice,67,2023-10-08 07:05:21,13808,Operations,,500.0,0.0,,0.2734147887189452
Dave,29,2022-05-23 22:02:42,10321,Operations,,0.0,1.0,pending,-0.5865624064583008
Frank,25,2023-08-28 04:24:57,16828,Finance,B,1500.0,0.0,ok,-0.6184688472367773
Bob,30,2022-09-23 04:48:09,13037,Sales,B,1000.0,1.0,ok,0.4672776537995105
Eve,57,2022-01-10 00:11:55,10242,Finance,,1000.0,0.0,excellent,-0.0866077378476156
Dave,34,2018-08-12 08:57:15,14377,Sales,,0.0,1.0,ok,-0.957114464520869
Alice,31,2018-06-16 14:40:45,13520,Finance,D,1000.0,0.0,needs review,-0.4627833853441052
Carol,56,2022-02-08 12:35:57,13240,Sales,,1500.0,0.0,needs review,0.3594903824774938
Eve,55,2017-07-26 12:21:32,14857,IT,,1000.0,0.0,ok,-0.2297284888778447
Frank,38,2019-01-06 08:13:32,13326,IT,C,1000.0,1.0,excellent,-0.5380489105589077
Dave,64,2019-10-14 23:43:07,14496,IT,D,1000.0,1.0,excellent,-1.7309190972563746
Dave,56,2019-09-11 15:00:31,19447,Sales,A,500.0,1.0,needs review,0.176689617987609
Eve,46,2018-10-04 01:30:14,11305,Operations,C,0.0,0.0,excellent,0.3445948148957144
Bob,39,2020-06-30 16:30:19,4091,Finance,B,1000.0,1.0,excellent,-0.6417041785172013
Eve,40,2020-11-26 09:25:23,19568,Sales,,0.0,1.0,pending,1.1705702594673868
Frank,29,2018-02-28 23:57:34,17883,,A,0.0,1.0,,-0.8368352175048489
Alice,45,2023-04-11 15:21:06,17068,Operations,D,1000.0,0.0,,1.9532477177402547
Dave,34,2021-09-11 08:13:08,11317,,C,1000.0,0.0,,0.3665292492450707
Dave,36,2022-04-15 00:46:48,6400,Operations,A,1500.0,0.0,excellent,-1.620052618784248
Bob,60,2020-05-01 04:02:14,19138,Sales,B,1000.0,0.0,needs review,2.019892587797681
Eve,24,2022-05-20 21:27:42,5610,Operations,,0.0,1.0,needs review,-1.4686535290547875
Eve,39,2019-10-17 19:44:01,5873,HR,D,0.0,1.0,,-1.8043773128322025
Carol,47,2022-01-20 23:19:16,17878,Operations,C,1000.0,1.0,ok,-0.901603287675994
Alice,21,2019-09-18 07:15:45,13712,Sales,C,0.0,0.0,needs review,-0.2441964602351139
Bob,24,2019-05-20 14:15:32,15945,Sales,A,1000.0,0.0,needs review,-0.8098201455565093
Eve,37,2018-04-26 12:53:11,8234,IT,A,0.0,0.0,,1.5040724726975336
Eve,55,2019-01-17 09:51:14,9309,IT,D,1500.0,1.0,pending,0.5385256804350526
Eve,63,2019-05-10 02:35:35,19085,Sales,,1000.0,1.0,ok,1.3497807130761084
Alice,27,2021-02-08 17:50:31,7328,HR,D,0.0,1.0,,0.0362893570307109
Alice,22,2023-03-01 01:52:55,11528,IT,D,1000.0,1.0,,1.756022955273194
Eve,53,2023-01-02 09:47:13,8170,,,1000.0,1.0,pending,-0.4899870828000801
Eve,65,2017-10-18 23:11:45,17594,IT,,0.0,0.0,,-1.4774130130491017
Frank,60,2017-09-08 19:54:43,9439,IT,B,1000.0,1.0,needs review,0.6881375963145453
Alice,63,2018-01-03 19:22:51,15525,HR,D,1000.0,1.0,excellent,-0.3631810506192641
Dave,51,2019-03-19 03:12:02,13263,,,1500.0,1.0,ok,0.5918173102762908
Carol,38,2019-08-25 00:05:56,15953,Operations,D,1000.0,1.0,pending,0.2090425960892293
Bob,69,2020-06-29 01:36:26,6391,Finance,A,1000.0,1.0,ok,-0.254779870218386
Alice,38,2018-05-14 08:43:34,19839,,B,1000.0,1.0,needs review,0.4973587102537051
Bob,34,2023-03-26 00:39:16,10545,Operations,C,0.0,1.0,,-0.0029484671153873
Dave,66,2018-08-14 01:02:37,16581,HR,B,0.0,1.0,needs review,-0.7992388190344042
Alice,57,2023-01-11 05:59:30,19023,,A,500.0,0.0,,-0.4381096429259875
Frank,38,2023-01-31 11:45:32,3135,IT,C,500.0,1.0,ok,0.3157957045161169
Alice,37,2020-04-18 17:46:38,11851,,,1000.0,0.0,pending,0.1267827561098723
Frank,23,2018-08-24 04:04:23,6266,IT,C,1500.0,0.0,,-2.584606700395525
Alice,69,2021-06-01 21:54:59,8355,,,1500.0,0.0,ok,1.1419085265736744
Alice,43,2023-07-28 09:58:58,6490,IT,C,0.0,1.0,needs review,-0.8032244517736404
Dave,56,2017-08-10 20:34:44,7719,Sales,,500.0,1.0,needs review,-0.7275493299646535
Alice,20,2021-01-28 15:14:33,7536,Operations,A,1500.0,1.0,needs review,0.1466046791113411
Frank,54,2018-01-15 17:32:25,19805,HR,C,500.0,1.0,excellent,1.5097891709377642
Eve,48,2023-11-04 18:37:54,8686,Operations,C,1500.0,0.0,excellent,0.05039064654905
Alice,47,2021-07-09 11:41:17,7363,Finance,A,500.0,1.0,ok,0.4840107767863724
Dave,55,2020-06-17 11:42:53,7705,,A,500.0,1.0,,-0.3523346633954168
Dave,50,2020-04-10 07:01:02,11059,Sales,C,1000.0,1.0,ok,0.8882099489857113
Eve,19,2023-08-06 19:29:00,19077,Operations,C,1000.0,1.0,,-0.0008991487768482
Eve,67,2022-06-25 07:19:25,4367,HR,,1000.0,1.0,ok,0.0343350047583922
Alice,59,2022-04-18 23:49:56,13072,Sales,B,1500.0,1.0,,0.9149168746436208
Alice,31,2017-10-29 18:50:27,5597,Finance,B,500.0,0.0,ok,-0.4800126415350296
Dave,21,2023-03-16 04:43:36,15450,,D,1500.0,1.0,,0.9932458066223526
Bob,29,2023-07-04 00:07:30,14018,IT,D,1000.0,0.0,ok,-1.4638699065250738
Carol,66,2017-10-02 07:05:09,18972,,,1000.0,1.0,,1.3384380421405
Alice,52,2019-07-25 05:00:00,13571,HR,D,0.0,1.0,,-0.0386078987645049
Bob,22,2019-01-30 18:35:06,18980,Sales,C,1500.0,1.0,pending,-0.575781968455992
Bob,20,2023-08-29 13:15:59,11163,,,1000.0,0.0,needs review,0.8855311217223464
Eve,49,2021-10-06 03:24:47,19285,Sales,A,1500.0,0.0,ok,-0.7348021712721826
Dave,69,2020-01-23 04:42:41,14775,IT,A,1000.0,1.0,,-0.7433164803929632
Dave,68,2023-02-27 03:56:23,3251,Sales,A,1000.0,1.0,excellent,-0.7205391728607357
Bob,39,2021-04-08 10:05:17,8737,IT,C,1000.0,1.0,excellent,-0.8633859289089503
Eve,43,2020-06-10 23:05:10,4229,Sales,A,1000.0,1.0,pending,0.1151868690320712
Alice,61,2022-10-07 10:26:43,7563,,,1000.0,1.0,ok,-1.180908732000529
Bob,39,2019-12-27 07:39:54,7558,IT,C,0.0,0.0,excellent,0.919247447849994
Bob,59,2018-05-31 04:54:58,5764,HR,A,500.0,0.0,ok,0.4113469468598933
Alice,33,2017-09-17 04:30:12,6044,,,1000.0,0.0,ok,-0.6280962509427905
Eve,38,2022-10-20 08:43:08,7580,Sales,C,1000.0,1.0,pending,-1.075358626103289
Bob,68,2022-02-15 18:19:32,4633,HR,A,500.0,0.0,needs review,0.5492988440400494
Carol,66,2020-06-27 17:16:25,6964,HR,B,1000.0,0.0,ok,1.593176646024969
Dave,67,2019-03-07 20:20:22,8638,,D,1500.0,0.0,excellent,-0.1242435137225123
Carol,31,2022-09-30 17:55:48,3387,HR,A,0.0,1.0,excellent,0.5347475806484956
Frank,46,2019-08-14 23:58:11,11042,HR,B,0.0,1.0,excellent,-0.1907511018016994
Dave,50,2019-10-18 01:30:47,10166,Sales,B,0.0,1.0,ok,0.8139445618203806
Bob,61,2021-11-14 20:19:48,18833,Sales,B,500.0,0.0,ok,-0.8877335815634199
Eve,61,2023-04-06 16:31:22,19673,HR,,0.0,1.0,pending,0.2545294853023535
Frank,39,2019-05-13 19:57:06,10743,Finance,D,1000.0,0.0,needs review,0.2751414541191124
Frank,64,2019-12-19 14:29:59,13304,HR,A,1000.0,0.0,excellent,-1.842246076565623
Carol,47,2023-02-05 07:24:00,13791,IT,D,500.0,0.0,,-1.1366150408242708
Bob,32,2018-02-13 18:29:27,9663,Operations,A,1000.0,1.0,,-1.6388698008177829
Carol,53,2018-05-21 10:35:01,8620,HR,A,1500.0,0.0,needs review,-0.4676713723789552
Dave,30,2023-07-27 20:51:57,17327,IT,C,1500.0,1.0,needs review,0.7276234177809489
Carol,25,2022-03-09 07:42:10,3373,IT,A,0.0,0.0,,-1.2789687484349233
Dave,50,2019-04-08 19:28:52,3852,Operations,C,500.0,1.0,needs review,0.6999842202180567
Frank,36,2019-06-29 15:53:04,14352,IT,B,1500.0,1.0,ok,0.1315638153625962
Eve,19,2023-08-13 01:59:41,3213,,B,1000.0,0.0,pending,-0.4719191805535636
Alice,21,2019-10-13 12:21:32,3559,Sales,C,500.0,1.0,,0.3363874242454933
Eve,20,2021-02-05 05:00:20,14585,HR,,1000.0,1.0,,-0.1622234299714411
Alice,59,2020-08-10 00:17:46,5972,HR,D,1000.0,1.0,ok,0.6234984047489335
Eve,59,2019-10-27 21:16:52,7712,Finance,,1500.0,1.0,ok,1.539167891580676
Dave,47,2021-11-11 19:27:28,15625,IT,,1000.0,0.0,pending,-0.2259057619264336
Bob,46,2023-07-02 05:37:00,4951,IT,A,0.0,1.0,excellent,0.6766581339118611
Dave,57,2023-11-14 10:06:43,8823,Finance,,1000.0,0.0,pending,0.8215830868531353
Alice,54,2022-09-14 14:08:30,10255,,D,1000.0,1.0,excellent,-0.2021026643727244
Carol,40,2022-11-13 22:30:38,18731,,B,500.0,0.0,ok,-0.762513925025398
Bob,59,2020-11-01 13:00:47,19381,IT,B,1500.0,0.0,,1.378668269230372
Frank,30,2020-06-04 09:00:37,16586,,C,1000.0,0.0,needs review,-0.0487389954110968
Eve,45,2018-11-09 05:35:56,10987,,B,1000.0,0.0,needs review,-0.0217051733982768
Carol,35,2018-04-12 22:21:15,15397,IT,B,1500.0,0.0,excellent,-1.2481729340383283
Eve,55,2023-10-10 06:21:22,11844,Sales,D,1500.0,0.0,excellent,-1.379425237395633
Frank,59,2018-03-11 15:35:48,8545,IT,C,1000.0,1.0,needs review,-1.130933634848917
Eve,58,2019-04-22 17:03:07,19321,HR,B,1000.0,1.0,ok,-1.212538196998798
Frank,19,2018-09-14 13:48:22,5933,Sales,,1000.0,0.0,pending,-1.6684478259907918
Carol,32,2023-09-01 12:05:45,5407,HR,C,1000.0,0.0,excellent,1.408787218529859
Eve,30,2018-08-11 23:49:25,18687,,B,1000.0,1.0,needs review,-0.5119360292462739
Frank,26,2018-07-02 22:11:47,11524,HR,D,500.0,0.0,,0.4713599312935233
Eve,27,2021-09-15 08:42:36,12071,Operations,D,1500.0,1.0,excellent,-0.9598630350361524
Alice,64,2020-05-03 01:15:49,12930,HR,B,0.0,1.0,needs review,0.9196220129793722
Frank,35,2018-01-03 00:27:13,5404,Operations,A,1000.0,1.0,ok,-0.3372267960362672
Alice,32,2020-05-01 00:55:07,7767,IT,A,1500.0,1.0,excellent,1.3932848220415432
Eve,51,2022-01-25 20:19:08,14562,Operations,B,1500.0,1.0,excellent,0.7414417025139987
Alice,54,2022-05-24 11:53:44,8332,IT,,500.0,1.0,,0.0707507097897661
Dave,48,2019-06-11 00:07:45,11724,IT,B,1000.0,1.0,excellent,1.6368942559826374
Frank,44,2018-01-25 14:23:13,5076,Operations,D,1000.0,0.0,,-1.1521987816780137
Bob,30,2021-12-15 08:18:37,17867,HR,D,1500.0,0.0,needs review,-0.3223756682915931
Frank,44,2021-04-10 05:16:10,6972,HR,C,0.0,1.0,excellent,0.0894146370111421
Frank,56,2019-10-31 12:01:37,7783,Finance,B,1000.0,1.0,needs review,-1.0190064443535172
Alice,49,2018-01-03 20:54:48,19854,HR,C,1500.0,1.0,,1.7922849509487444
Dave,26,2022-10-09 12:02:13,16739,Operations,C,500.0,1.0,excellent,1.7328477673371865
Alice,41,2021-06-24 06:08:47,4586,Finance,A,1000.0,1.0,needs review,-0.3951569657426546
Frank,31,2017-11-16 13:16:54,4729,IT,,0.0,1.0,pending,0.2076233276338857
Bob,69,2020-02-22 17:25:05,5661,Operations,B,0.0,1.0,ok,0.4467543318042438
Dave,66,2018-01-29 11:06:34,6277,HR,D,500.0,1.0,,-2.1309159531040915
Dave,69,2019-12-11 09:35:53,9208,,,500.0,1.0,,-0.7804400784079868
Eve,68,2021-11-04 00:06:36,7717,Sales,B,1000.0,1.0,ok,-0.711390391763155
Bob,33,2019-08-26 20:02:12,12753,IT,D,1000.0,0.0,excellent,0.5796595322752514
Eve,19,2023-04-19 18:30:38,13528,Operations,C,1000.0,0.0,pending,-0.0249895939807888
Eve,59,2018-03-14 21:32:02,15434,IT,A,1000.0,0.0,,1.7861730091489023
Frank,59,2019-05-28 22:00:11,12205,Finance,,1000.0,1.0,excellent,1.249183605132402
Carol,30,2021-11-29 19:26:10,6572,Operations,B,0.0,1.0,needs review,-1.2248305013706564
Eve,55,2020-06-13 10:46:21,11499,IT,,0.0,1.0,needs review,-0.159009899567663
Frank,41,2020-09-16 02:21:20,12054,,B,1000.0,1.0,ok,-1.6571324297522054
Dave,28,2022-09-05 17:03:31,7361,Sales,,1000.0,0.0,,-0.6395301435998265
Dave,48,2019-02-09 15:16:19,19269,Finance,C,1000.0,0.0,ok,1.4108192937342685
Carol,69,2018-07-16 12:25:56,13026,Sales,B,0.0,1.0,ok,-1.5756958201457258
Frank,45,2018-01-04 13:59:44,4291,,C,0.0,0.0,,-1.1415432356356765
Carol,65,2017-09-02 02:58:53,12200,IT,D,1000.0,0.0,excellent,-0.7223698085220815
Alice,40,2018-02-06 12:00:52,4544,Sales,,1000.0,1.0,needs review,-0.829769355760124
Eve,23,2019-03-19 23:59:32,13051,,B,1000.0,1.0,ok,0.276789204460004
Eve,31,2022-02-13 10:46:46,18005,Sales,,0.0,1.0,,0.2619664488730456
Alice,58,2019-06-10 15:35:27,3712,Sales,A,1000.0,1.0,ok,1.7449614061970693
Carol,32,2018-04-10 19:03:42,9198,Sales,D,500.0,1.0,excellent,0.0748752115101289
Carol,56,2021-02-09 12:50:37,17393,IT,B,1500.0,1.0,ok,-0.7679323764610544
Dave,50,2020-10-11 15:41:37,8671,Operations,,1000.0,1.0,excellent,-1.141603723824082
Alice,56,2023-05-19 06:55:13,6419,Finance,,1000.0,1.0,excellent,-1.0511805000536396
Carol,63,2017-08-08 13:46:25,9171,Finance,C,1500.0,1.0,excellent,-0.8195356037792165
Eve,50,2022-03-07 06:28:54,6575,,C,1500.0,1.0,pending,0.929777876543421
Dave,28,2019-07-07 00:27:35,14833,Finance,,1500.0,0.0,,2.267386058590834
Bob,35,2021-09-27 14:03:02,12414,IT,B,500.0,1.0,needs review,0.8042124653965216
Bob,38,2019-12-11 16:11:42,8284,HR,,500.0,0.0,,-1.288408574176796
Bob,53,2018-10-11 12:31:42,12075,Sales,B,0.0,0.0,excellent,-0.574977672711155
Dave,41,2023-05-08 13:53:24,12172,,C,1500.0,1.0,excellent,0.0168452392964349
Bob,41,2017-10-19 12:11:16,15723,Finance,B,0.0,1.0,excellent,-1.2987802734680889
Carol,36,2018-05-30 04:41:37,4841,Sales,B,500.0,1.0,needs review,-0.4981914200222783
Eve,62,2020-06-01 23:49:45,8931,,C,500.0,1.0,excellent,-0.9450027253447592
Carol,32,2018-01-18 18:28:14,14307,,B,1500.0,1.0,ok,0.9631967322502872
Carol,26,2020-10-30 01:13:29,6836,Sales,A,1000.0,0.0,ok,1.8759676503232927
Bob,28,2022-01-10 21:55:27,9373,Sales,B,1500.0,1.0,pending,-1.1383337893625816
Eve,57,2018-09-27 05:22:16,8750,Sales,D,1500.0,1.0,needs review,-0.0775589355262824
Frank,33,2023-01-30 07:53:36,3648,Operations,,1000.0,1.0,excellent,-0.0060787764884055
Carol,51,2023-02-16 10:48:14,18909,IT,,1000.0,1.0,ok,-0.5722144794132125
Bob,49,2018-05-02 16:49:06,16305,Sales,C,500.0,1.0,ok,2.149291520922875
Carol,66,2018-11-13 11:10:57,4330,Sales,B,0.0,0.0,ok,-0.2980313320363518
Eve,50,2022-03-13 05:16:13,18327,HR,,1000.0,1.0,excellent,1.3704647760954125
Dave,52,2019-12-13 01:36:00,3410,Operations,,500.0,1.0,pending,-1.1233705448542135
Dave,40,2021-01-24 21:56:40,7120,Operations,C,1000.0,1.0,ok,-0.4769848608104296
Eve,64,2019-05-23 11:26:31,5003,Finance,B,1000.0,1.0,pending,0.186713409894858
Eve,56,2023-09-08 06:22:42,11199,HR,C,1000.0,0.0,pending,-0.1891915321800055
Frank,53,2020-03-29 04:12:29,7339,Finance,C,0.0,1.0,,2.587063104104646
Alice,38,2022-12-09 17:49:19,5512,Finance,C,500.0,1.0,,-2.605803042652968
Eve,54,2021-05-08 01:38:28,18292,,C,1500.0,1.0,pending,-1.2606711690665369
Frank,18,2023-11-06 11:31:15,7238,Finance,A,1000.0,1.0,needs review,-0.2996100036295294
Alice,44,2018-01-09 09:39:47,19585,Finance,A,1000.0,1.0,needs review,-0.3854575903779104
Alice,40,2022-06-07 14:46:18,8074,,,1500.0,1.0,excellent,0.4808852796088065
Eve,24,2021-05-23 02:12:29,8492,IT,B,1000.0,0.0,excellent,1.9399149124191537
Bob,38,2023-03-16 01:09:47,5385,,C,1000.0,1.0,ok,0.272630306664522
Eve,64,2021-06-02 20:29:36,3336,Operations,C,1500.0,1.0,pending,1.701054628557472
Frank,61,2018-05-27 23:01:22,6671,IT,D,1000.0,1.0,pending,-0.4802065046361197
Frank,21,2020-06-28 06:11:07,11846,IT,B,1000.0,1.0,pending,-0.4298084612166811
Frank,33,2019-02-21 01:07:33,8041,Sales,C,0.0,1.0,pending,-0.3403359459193482
Bob,57,2017-11-14 02:06:27,11620,Sales,B,0.0,0.0,excellent,-0.6859770375164292
Eve,65,2019-07-30 17:48:46,15677,Finance,,1500.0,1.0,needs review,0.9099164170757952
Alice,42,2021-03-31 19:39:34,13718,Sales,D,0.0,1.0,,0.8350161879489946
Dave,65,2021-08-27 16:11:27,4442,,C,1000.0,1.0,excellent,-0.5330139815505084
Bob,53,2019-08-17 10:49:55,14441,,A,1000.0,0.0,pending,0.0887525943993573
Alice,62,2020-07-23 20:59:47,10066,HR,D,0.0,1.0,,-1.937293966528542
Bob,31,2022-11-29 08:40:20,17023,HR,,500.0,1.0,,-0.7049774503373497
Dave,21,2017-12-31 17:08:53,4467,,C,0.0,1.0,needs review,1.0730506513626816
Bob,66,2018-10-14 17:50:24,10094,Sales,B,500.0,1.0,pending,1.0648782987537786
Eve,58,2019-09-05 13:00:20,8861,Sales,B,1000.0,0.0,excellent,0.5608158713462701
Dave,49,2022-12-09 12:09:13,12820,Finance,A,1000.0,1.0,,0.3062063234183018
Carol,18,2023-08-07 18:47:43,14474,Sales,B,1500.0,0.0,needs review,0.6799404146106918
Carol,47,2017-08-04 20:58:34,6974,Finance,D,1000.0,1.0,ok,1.7896056317362494
Frank,40,2017-08-20 23:37:20,10528,Finance,B,0.0,0.0,excellent,-0.9149065267939488
Dave,54,2018-03-29 20:56:12,9653,Sales,C,500.0,1.0,,-0.3364318699651847
Bob,20,2023-06-25 00:04:18,11944,IT,A,0.0,0.0,excellent,0.6448401959393182
Alice,62,2018-07-02 06:57:50,19258,Finance,C,1500.0,1.0,excellent,0.7288909548129995
Bob,40,2023-10-25 20:33:30,7493,HR,D,1000.0,1.0,pending,0.6166572850153655
Bob,59,2019-12-01 23:50:28,16821,IT,B,1000.0,1.0,needs review,0.1730864315921246
Eve,64,2019-09-01 14:46:49,14888,IT,A,500.0,0.0,needs review,1.7415807007656017
Dave,48,2019-11-14 20:07:55,15106,IT,B,500.0,1.0,ok,-1.0045336780255338
Frank,66,2021-05-12 18:29:56,17238,HR,A,1500.0,0.0,pending,0.8088407098624002
Eve,29,2021-09-24 15:04:43,9098,IT,D,1000.0,1.0,ok,-1.0681715367532074
Dave,59,2017-11-19 18:58:21,14548,,D,500.0,1.0,,1.2597435217778798
Bob,44,2018-11-15 06:03:05,16445,,A,1000.0,0.0,pending,0.8746314409869214
Bob,38,2017-11-11 01:33:44,13681,IT,A,0.0,0.0,pending,0.2414390851755212
Alice,68,2019-11-03 20:03:59,11575,HR,A,1000.0,1.0,pending,2.541549926686567
Eve,53,2021-07-09 14:56:53,3857,Sales,B,1000.0,1.0,pending,1.5569516736537925
Bob,26,2021-12-11 21:11:53,19168,Finance,D,500.0,1.0,pending,-1.8084513354932272
Frank,19,2019-12-03 05:51:40,14102,HR,D,1000.0,1.0,excellent,-0.1193447710477826
Dave,59,2019-11-24 21:17:19,18907,IT,A,1000.0,0.0,ok,0.354768190376052
Carol,67,2018-12-06 05:42:44,11703,Operations,B,1500.0,0.0,pending,0.0993988498268795
Eve,33,2021-09-17 08:38:16,13193,,D,1000.0,0.0,,0.4494126138691189
Carol,33,2017-09-20 17:18:24,16229,Sales,B,0.0,1.0,needs review,-0.8405025832387829
Frank,42,2021-12-31 05:52:52,14710,Operations,B,0.0,0.0,pending,1.4846054291566022
Alice,25,2023-11-03 02:31:20,12204,HR,D,1000.0,1.0,needs review,-0.2708658048350437
Alice,31,2018-12-16 15:22:22,4068,IT,D,0.0,1.0,pending,1.2991786359963668
Alice,61,2021-04-25 16:12:09,13309,IT,B,1000.0,1.0,excellent,-0.9677945867566334
Eve,24,2018-12-20 15:30:51,16522,Finance,C,0.0,1.0,ok,1.2853137580723943
Alice,66,2021-10-12 16:13:21,14278,HR,,1000.0,1.0,excellent,1.0956209504025871
Bob,32,2019-09-18 18:14:01,17691,HR,,1000.0,1.0,,-0.8695562805622483
Dave,22,2020-04-01 11:11:56,8474,Finance,D,500.0,0.0,,2.138520115039749
Eve,38,2019-09-25 02:30:41,16997,HR,A,1000.0,0.0,excellent,0.5580158446639805
Dave,48,2017-10-13 16:50:27,12215,,B,500.0,1.0,ok,-0.0172905331482958
Alice,38,2021-10-05 17:16:47,10533,Operations,A,1000.0,0.0,,0.5457451274543438
Dave,25,2020-01-08 20:02:07,19061,Operations,B,1500.0,1.0,pending,0.1652070696559292
Frank,45,2022-05-13 17:14:16,4185,Sales,,1000.0,1.0,ok,1.134252155943554
Alice,60,2022-11-11 07:38:26,9673,Sales,A,500.0,0.0,pending,-0.0104867293417699
Carol,36,2023-06-09 02:26:16,19955,Operations,C,0.0,1.0,,0.3106078603111354
Eve,68,2020-03-03 23:31:35,16099,Operations,A,1000.0,0.0,needs review,-0.8236217212903322
Bob,52,2020-08-18 03:53:08,4604,Finance,B,1000.0,1.0,excellent,0.404814385061199
Alice,66,2021-02-17 23:20:31,19539,Operations,B,1000.0,1.0,needs review,-1.012470498899277
Carol,18,2022-06-17 23:45:31,17380,Operations,,1000.0,1.0,,1.5507069962549482
Carol,54,2019-05-04 21:55:20,9348,Operations,C,1000.0,1.0,ok,-1.813918509103959
Alice,66,2023-11-04 08:13:38,5245,Sales,D,1000.0,0.0,ok,0.8453178213235847
Frank,56,2020-04-20 08:54:40,9740,HR,B,500.0,0.0,ok,0.2567167270788426
Dave,23,2020-08-26 00:15:23,9303,HR,C,0.0,1.0,pending,-2.12364748252278
Eve,33,2022-07-27 23:53:32,18529,IT,,1500.0,1.0,pending,0.5770705492103433
Dave,60,2017-07-30 00:21:15,14559,Sales,C,1000.0,1.0,excellent,0.211148909429614
Carol,28,2017-09-10 22:17:15,18180,Finance,A,1000.0,1.0,needs review,0.275004175101935
Carol,41,2017-09-14 00:03:11,18535,,C,500.0,1.0,excellent,0.7886091853384146
Bob,68,2022-09-22 07:33:32,13792,HR,C,1000.0,1.0,excellent,0.6914079605499422
Alice,63,2022-07-17 07:01:08,9884,IT,B,1500.0,0.0,excellent,-1.1887092943730082
Frank,52,2021-09-23 06:47:23,9694,,C,1000.0,1.0,,2.126221430810893
Carol,39,2020-06-17 12:22:16,19287,,,1500.0,1.0,excellent,-0.2794479225035486
Dave,63,2019-08-17 05:22:30,3835,HR,,500.0,1.0,,-2.96402214849784
Carol,50,2018-04-07 13:12:45,14042,Operations,A,1500.0,1.0,excellent,-0.2947164816380325
Carol,26,2019-03-04 03:34:12,11767,IT,D,1000.0,1.0,needs review,0.3694240985614549
Alice,61,2022-06-18 23:48:23,10428,HR,D,500.0,1.0,needs review,0.6284794520296313
Frank,58,2021-01-13 02:02:56,16373,HR,B,0.0,1.0,needs review,0.225297831633376
Frank,23,2018-04-29 01:39:23,13749,,,1500.0,1.0,pending,-0.8731106962271405
Bob,46,2020-02-21 23:41:35,8050,Operations,C,1000.0,1.0,,-1.4126436881043756
Eve,27,2022-06-22 15:14:51,8471,Operations,B,1000.0,1.0,needs review,-0.0953830296168178
Eve,29,2023-10-16 06:29:53,19991,,A,1500.0,1.0,,-1.218492550458545
Frank,51,2017-10-16 01:40:26,17704,IT,,1000.0,1.0,pending,-0.065779684224833
Eve,25,2017-12-27 10:04:33,4962,Finance,A,500.0,1.0,excellent,-0.3863263424302915
Frank,37,2018-06-11 23:52:57,19980,Sales,B,1000.0,1.0,ok,1.4679343438990342
Eve,20,2018-08-21 20:34:40,10071,HR,C,1000.0,1.0,excellent,-1.2718502754638965
Dave,41,2023-06-12 06:28:41,12776,,D,1000.0,1.0,pending,-0.010428779331333
Eve,43,2020-06-16 21:16:34,10279,IT,C,1000.0,1.0,pending,2.8520598152990213
Alice,42,2023-10-30 01:41:44,17874,Operations,B,0.0,0.0,pending,0.6021283991999896
Bob,55,2022-11-12 00:31:07,7371,HR,D,500.0,1.0,ok,3.1904291245368337
Alice,50,2018-03-13 23:07:57,9466,Finance,B,1000.0,0.0,pending,-0.6772918128373584
Carol,67,2022-05-03 05:06:59,9297,HR,B,0.0,1.0,,0.4255414757339837
Carol,57,2020-07-13 00:24:09,13213,IT,C,0.0,0.0,ok,-0.1297974924818316
Frank,61,2021-11-30 09:38:31,10073,HR,,0.0,1.0,pending,-0.0128814046109826
Eve,25,2018-10-01 13:10:44,3595,Operations,C,500.0,1.0,ok,0.6376155997191579
Carol,32,2019-01-28 01:08:38,6959,Sales,C,500.0,0.0,needs review,0.990091508801166
Frank,47,2022-12-09 23:57:30,5896,,B,500.0,1.0,ok,-1.0000994369026952
Bob,37,2021-05-28 06:23:38,12154,Finance,C,1000.0,1.0,excellent,-0.1076695742789435
Bob,49,2019-08-22 04:37:33,18314,IT,A,0.0,0.0,excellent,-0.5821723804075883
Alice,34,2018-10-21 06:11:53,12346,Sales,,1000.0,1.0,ok,1.0723702144141278
Alice,44,2019-05-08 05:12:55,9664,Operations,,1500.0,0.0,ok,-0.2385061353134853
Carol,20,2021-10-01 23:59:36,7942,HR,,1000.0,1.0,excellent,0.1441639363880619
Dave,36,2018-05-15 07:10:55,9296,Sales,B,500.0,1.0,,-0.1719540227698701
Alice,57,2021-07-02 12:09:29,3123,Sales,A,1500.0,1.0,pending,-0.222238440091764
Eve,44,2023-03-21 01:31:08,10136,HR,A,1500.0,1.0,excellent,0.4652782527311911
Carol,37,2021-02-26 13:59:17,9764,Operations,,1500.0,0.0,ok,-0.0425592533135558
Eve,49,2020-06-28 19:22:18,5721,Sales,B,0.0,1.0,ok,1.4672481781210378
Eve,56,2022-04-11 10:34:47,4935,,,500.0,1.0,,0.2677963123407265
Dave,56,2022-02-03 01:04:44,17604,IT,D,1000.0,1.0,needs review,-0.185293146060844
Eve,36,2020-08-07 10:48:41,9092,Operations,A,0.0,0.0,needs review,-0.2187996869614492
Frank,46,2019-01-02 00:33:24,5370,Operations,D,1000.0,1.0,pending,-0.8969641030232453
Eve,21,2022-12-20 14:56:33,18915,IT,D,1000.0,1.0,,-1.3241831155721169
Dave,65,2017-09-17 03:14:38,19989,Finance,B,500.0,0.0,ok,-0.5704149173670683
Carol,26,2017-11-23 03:43:27,15107,HR,,0.0,0.0,excellent,-1.4511896911618498
Bob,21,2018-05-11 18:45:31,4160,,A,1000.0,1.0,needs review,1.7172297316682643
Alice,22,2018-04-08 22:11:07,13136,Sales,B,1000.0,0.0,needs review,-1.3923325542467868
Dave,46,2019-04-28 07:44:04,6552,Sales,D,500.0,1.0,,-0.2040287790920034
Alice,52,2021-12-09 04:22:48,6171,HR,B,500.0,0.0,pending,2.1092328420467368
Alice,46,2019-04-11 05:18:25,4122,Sales,A,1000.0,1.0,needs review,-0.3235455930108988
Frank,22,2018-11-24 05:40:50,10245,Finance,A,500.0,0.0,ok,-1.4101866715273312
Frank,18,2020-10-25 21:50:54,18704,Operations,D,1000.0,1.0,,1.6721782567179888
Bob,24,2018-04-04 08:03:07,11392,Sales,D,0.0,1.0,pending,-1.4665487660351024
Bob,63,2020-10-06 03:19:20,17774,Sales,C,1000.0,1.0,excellent,-1.1826723844305775
Alice,49,2019-02-08 00:38:13,16198,,C,500.0,0.0,pending,0.3990531958450433
Carol,52,2022-12-18 09:11:46,14991,,D,1500.0,1.0,excellent,-0.6995678311361941
Carol,65,2022-05-09 05:08:09,13739,HR,,500.0,0.0,needs review,0.677912211629941
Dave,59,2022-04-02 05:36:00,10110,Operations,D,500.0,1.0,ok,0.9397333014453776
Dave,28,2022-04-05 10:06:50,12232,IT,A,1000.0,1.0,,0.6979075714377636
Dave,50,2022-12-01 23:37:15,10441,Finance,A,1000.0,1.0,,-0.8763912984211198
Eve,18,2018-07-29 09:13:24,13464,HR,A,1000.0,1.0,pending,1.54761153690167
Carol,36,2019-07-18 14:53:15,8237,,C,500.0,1.0,ok,1.7165779557919667
Frank,63,2020-01-14 12:20:51,10873,IT,C,0.0,1.0,ok,0.7410484499449502
Carol,40,2023-11-02 21:50:52,10198,Finance,C,500.0,1.0,excellent,1.3759170378405432
Alice,30,2021-07-25 16:39:48,3007,Operations,B,1000.0,1.0,,0.4087503671374389
Carol,41,2021-05-05 10:53:13,17524,HR,D,1000.0,0.0,needs review,0.5285503743917326
Carol,49,2019-01-01 17:07:46,10195,Finance,A,1000.0,1.0,excellent,0.5882695586911205
Carol,54,2018-06-10 01:51:07,15458,IT,C,0.0,0.0,,1.340957707553969
Dave,49,2018-11-16 20:09:09,16191,Operations,,1500.0,1.0,needs review,-0.5061934215880146
Carol,64,2023-11-07 20:14:16,15937,Sales,C,500.0,1.0,needs review,-0.535607263740079
Dave,52,2018-07-05 10:31:07,6681,HR,C,1500.0,0.0,ok,-1.541761579237623
Dave,60,2020-03-03 17:57:41,15299,Sales,C,0.0,1.0,pending,0.5302932301885598
Dave,34,2020-05-21 10:24:57,17971,IT,A,0.0,1.0,excellent,0.1631655364975163
Frank,34,2020-02-25 09:13:26,11978,,,0.0,0.0,needs review,-0.8020130532973967
Alice,65,2023-08-28 01:45:14,15109,HR,C,1000.0,1.0,needs review,-1.1296698949534925
Alice,65,2021-08-15 12:31:37,11013,IT,D,1000.0,0.0,needs review,-0.3672178260893325
Carol,25,2022-01-24 05:17:36,16338,Operations,B,1000.0,1.0,needs review,-0.0164327189387805
Alice,54,2023-03-30 01:19:03,13406,,D,1500.0,1.0,,-0.1427178009876202
Eve,35,2018-01-28 04:17:28,13154,,A,1000.0,1.0,excellent,0.0934096978885175
Eve,63,2023-09-02 16:32:58,8803,Sales,,0.0,0.0,ok,-1.4430912931029858
Alice,31,2022-01-25 21:27:01,4156,,,500.0,0.0,pending,-0.4245402205911436
Frank,59,2020-12-17 15:19:31,10804,,B,1000.0,1.0,pending,1.152939796627049
Alice,36,2020-08-29 12:57:39,19422,,C,0.0,1.0,,-0.4295476198458861
Eve,40,2021-05-09 09:39:15,5536,Operations,A,500.0,1.0,ok,-0.6309399579790167
Alice,51,2017-08-08 19:02:49,3087,Finance,,1000.0,1.0,excellent,1.5705442977044692
Carol,25,2021-01-18 12:20:13,6317,,C,500.0,0.0,excellent,0.7292867249022958
Bob,35,2022-10-04 06:56:51,8266,HR,A,500.0,0.0,,0.7036613264468169
Dave,23,2019-12-16 11:14:51,3529,Finance,D,1000.0,1.0,excellent,-0.5191013458793287
Dave,58,2021-02-21 03:19:56,18970,Finance,A,0.0,0.0,excellent,-1.5412833649601456
Bob,34,2023-09-02 12:25:57,7444,Finance,D,0.0,0.0,pending,-1.0264778667000003
Bob,42,2018-07-16 23:54:26,3906,Operations,A,1000.0,1.0,needs review,-0.0534153354228245
Eve,35,2019-06-15 17:01:53,8017,Finance,B,0.0,0.0,ok,-0.8098011756683762
Alice,65,2018-08-18 08:27:44,10868,Finance,A,1000.0,0.0,pending,0.8580055059598379
Frank,39,2018-04-11 15:42:56,7093,IT,C,0.0,0.0,ok,-0.4760710446543242
Eve,57,2023-02-18 03:53:19,13006,IT,D,1000.0,1.0,ok,-0.1704450651215887
Eve,49,2018-09-12 11:09:56,10901,IT,D,500.0,1.0,pending,0.1436067664125001
Alice,35,2020-05-06 10:11:37,15679,Sales,B,0.0,1.0,excellent,-0.9599367995183692
Alice,22,2020-02-05 10:08:40,17730,IT,C,0.0,0.0,needs review,1.0323742338251576
Alice,42,2018-08-11 21:32:12,15142,Operations,,1000.0,0.0,excellent,-0.3424633050635002
Bob,33,2017-07-27 05:45:56,18796,HR,,1000.0,0.0,excellent,0.0196189939485021
Dave,66,2020-02-02 21:48:22,9262,,B,1500.0,1.0,,0.2882115140085936
Eve,20,2017-08-10 18:52:19,14153,HR,C,1000.0,1.0,ok,-1.3103857643022996
Bob,51,2022-12-27 13:13:25,16005,IT,C,1500.0,1.0,,0.3115246513213222
Carol,24,2018-08-16 04:53:06,14221,IT,C,1000.0,0.0,pending,0.0670741295523568
Carol,35,2018-10-28 09:05:01,7266,Finance,B,1000.0,1.0,pending,-0.100911997465198
Bob,39,2018-02-04 04:48:58,10469,HR,C,0.0,0.0,,-0.0971429658272774
Alice,32,2020-01-10 19:38:03,19916,HR,C,0.0,1.0,excellent,-0.510548265659367
Eve,68,2022-12-28 01:40:05,12567,Sales,,1000.0,1.0,excellent,-2.592132820055413
Alice,32,2019-09-26 01:41:00,9657,Finance,D,1000.0,1.0,excellent,-0.706291886684171
Eve,59,2023-09-05 19:09:05,18892,Operations,C,0.0,1.0,needs review,-1.09913616884836
Alice,18,2021-07-28 21:09:49,5922,Finance,D,0.0,1.0,excellent,-0.7647047652757444
Bob,61,2017-10-02 20:48:24,12927,Sales,B,1000.0,1.0,pending,0.997798578331876
Dave,42,2021-11-29 04:21:21,8736,IT,A,0.0,0.0,excellent,-1.82795631185446
Bob,34,2021-03-10 01:56:13,5473,IT,D,1000.0,0.0,ok,0.191375941467537
Dave,55,2021-06-07 12:43:24,4886,Finance,C,1000.0,1.0,ok,0.3094938036253498
Eve,63,2020-03-21 16:33:26,10114,HR,D,1000.0,0.0,,-1.7794297699419086
Eve,27,2020-10-14 16:06:14,13868,HR,,500.0,1.0,ok,0.9821516998553396
Dave,34,2022-07-18 03:48:59,15233,Operations,C,0.0,1.0,,0.8474206764385193
Eve,62,2020-12-25 22:22:45,6624,,D,500.0,0.0,pending,-0.4269728834357913
Bob,26,2021-12-21 20:21:28,19667,,,1000.0,1.0,needs review,1.4798467849148025
Frank,27,2021-10-30 02:04:48,7820,IT,D,0.0,1.0,pending,-0.3973167052271932
Dave,48,2020-03-17 20:07:44,11416,Sales,C,0.0,0.0,,0.0574423531964751
Carol,67,2019-06-11 11:10:57,17601,Sales,D,1500.0,1.0,ok,1.4088574770374045
Frank,67,2019-04-19 15:39:04,18246,Sales,A,1000.0,0.0,pending,0.7897583515525662
Carol,48,2021-09-20 16:31:03,8939,Sales,,1500.0,1.0,ok,0.8144909900686398
Eve,28,2018-07-27 18:34:31,16297,HR,D,0.0,0.0,ok,-0.2267831166388045
Carol,27,2017-09-22 20:33:26,3035,Operations,C,0.0,1.0,ok,-1.38295383616419
Frank,37,2018-09-02 02:10:37,10921,HR,,1500.0,1.0,,-1.079524109535424
Dave,62,2021-05-05 09:27:48,5861,,B,500.0,0.0,,1.818277139567834
Dave,26,2019-09-19 14:19:10,18934,Finance,A,1500.0,0.0,excellent,0.335402366488818
Eve,36,2023-07-06 23:55:33,11407,Operations,C,500.0,1.0,pending,-0.7997305622189699
Bob,32,2023-07-21 23:26:54,13658,IT,B,1000.0,1.0,ok,0.5340685007800003
Carol,23,2020-04-18 16:05:21,8148,Sales,B,1500.0,1.0,needs review,-1.3779362610231105
Frank,30,2017-08-31 07:00:27,11913,Operations,A,1500.0,0.0,pending,-0.3512544018451598
Eve,51,2018-08-04 21:22:31,11530,Operations,D,1000.0,0.0,needs review,-0.0490935688399919
Eve,21,2019-11-11 15:20:02,16991,HR,C,1000.0,1.0,needs review,0.8808316440284797
Eve,56,2022-09-14 00:46:48,6825,Finance,D,1000.0,1.0,ok,0.3606829657428805
Frank,28,2018-01-21 07:15:59,16229,,,1000.0,1.0,,-0.5349065042389642
Eve,24,2021-12-08 04:29:45,4683,,A,1500.0,1.0,needs review,-1.710697262000081
Frank,54,2023-07-14 16:53:34,7394,Finance,D,1000.0,1.0,pending,0.2245244587489921
Carol,35,2022-08-20 04:09:33,5610,Operations,B,1000.0,1.0,excellent,-1.201755856551906
Bob,65,2019-12-15 03:38:39,15397,,D,0.0,1.0,needs review,-0.2047816926127272
Bob,23,2022-09-30 23:36:49,19263,Operations,D,1000.0,1.0,,-1.2070251109998984
Eve,43,2017-08-13 03:28:28,18001,,,0.0,1.0,,0.139619025224939
Dave,54,2023-03-08 17:53:09,3625,Finance,B,1000.0,1.0,ok,-0.23674402631185
Alice,24,2019-04-11 17:24:48,15283,HR,,1500.0,1.0,excellent,0.1010568909157815
Eve,30,2022-09-12 08:55:01,19393,Operations,,500.0,1.0,,-1.0309546464145898
Bob,29,2019-12-14 17:44:04,7496,,B,1000.0,1.0,needs review,1.7486526255577362
Dave,20,2020-06-04 00:59:36,8941,Operations,,1000.0,1.0,,0.2398153397067315
Dave,42,2023-06-06 12:01:48,16082,Finance,,1500.0,1.0,,0.8896861735132164
Dave,39,2018-04-07 18:43:54,14616,Operations,A,1500.0,0.0,needs review,0.0018654246117168
Carol,66,2018-08-24 00:00:28,13045,Operations,D,500.0,0.0,,0.6126163198038863
Frank,29,2021-02-20 06:55:10,17975,Finance,D,500.0,0.0,,-0.65843091856666
Dave,42,2019-05-04 03:10:49,15656,Sales,D,0.0,1.0,ok,0.1977727053739517
Dave,63,2023-04-21 09:36:48,18254,HR,B,1000.0,0.0,,0.1426277597448952
Alice,52,2018-02-27 05:00:51,19582,IT,,1000.0,0.0,excellent,0.9368334440058856
Bob,65,2023-05-09 08:49:16,12307,Sales,C,1000.0,1.0,,-0.571359652547183
Carol,44,2019-07-23 16:13:56,17133,Finance,C,1000.0,1.0,pending,-0.3777498943702513
Frank,62,2023-06-01 22:13:12,9935,Finance,C,500.0,1.0,pending,-1.024553389260067
Carol,31,2022-11-09 00:41:36,3062,Finance,C,1000.0,0.0,excellent,-0.6031577487684205
Alice,18,2020-05-15 17:21:00,3629,HR,C,500.0,0.0,,1.2883916051035686
Eve,50,2018-08-04 06:08:53,7422,Finance,B,0.0,0.0,pending,0.0986870621451972
Eve,66,2021-09-25 14:55:09,13894,,D,1000.0,1.0,pending,0.6951362593079309
Frank,26,2020-12-25 19:43:55,15856,Finance,B,500.0,1.0,ok,1.137495895516763
Alice,60,2022-06-29 02:01:13,18022,IT,B,500.0,0.0,ok,1.2044914928953403
Dave,59,2021-11-16 07:31:45,15913,Finance,B,1500.0,1.0,needs review,1.3156952587811366
Dave,69,2022-10-20 02:06:51,4582,HR,A,500.0,1.0,needs review,0.9104752948857266
Alice,48,2018-01-27 04:05:08,14117,Sales,,1000.0,0.0,excellent,-0.1928446010894671
Alice,38,2022-06-12 15:43:54,13832,Operations,D,0.0,1.0,ok,-0.151806175007661
Carol,29,2017-08-01 21:04:29,10339,Operations,B,0.0,1.0,ok,-1.3616286551126588
Eve,18,2021-01-18 05:43:12,7995,IT,B,1500.0,1.0,needs review,0.6429421755645547
Eve,45,2023-09-03 12:17:13,3530,Sales,B,0.0,0.0,excellent,-1.405525531341718
Alice,53,2018-06-27 15:49:17,13547,Sales,,1000.0,0.0,needs review,-1.2152861844496847
Carol,31,2020-07-01 02:07:46,6811,HR,A,1000.0,0.0,excellent,-0.5836958251632579
Eve,40,2019-02-06 18:10:22,8154,Operations,,1000.0,1.0,excellent,3.040134710864079
Bob,68,2020-03-20 20:50:16,8405,Operations,,500.0,1.0,needs review,0.3099333590112939
Carol,25,2019-10-22 18:35:15,7338,Operations,C,1000.0,1.0,,1.6672687284127496
Alice,31,2022-01-02 11:01:47,9672,Operations,C,1000.0,0.0,ok,1.3823890989489327
Alice,33,2022-09-13 08:17:20,18789,Sales,C,1000.0,0.0,ok,-0.5311668667169563
Dave,57,2018-05-06 20:39:56,17326,Sales,C,0.0,1.0,,0.077833754651461
Alice,41,2019-09-08 10:16:38,6730,Finance,C,1000.0,0.0,ok,-1.1337856006046911
Dave,60,2023-03-18 19:28:58,19992,Sales,B,1000.0,1.0,,0.4630754601525072
Eve,57,2018-11-09 09:58:33,12944,HR,,0.0,1.0,pending,0.494720324643801
Bob,55,2023-01-11 17:26:30,7471,Finance,B,1000.0,1.0,excellent,-1.501299537574798
Dave,24,2022-03-20 09:49:33,13002,IT,A,0.0,0.0,pending,0.1745262765647603
Eve,36,2017-08-15 11:15:17,3849,Finance,,500.0,1.0,ok,-0.0362654539588893
Frank,24,2018-08-04 22:01:16,19607,Sales,C,1500.0,1.0,ok,1.1560199296886051
Alice,37,2020-10-24 09:44:31,11897,IT,A,1000.0,1.0,needs review,-0.7398746541825209
Dave,41,2022-05-10 02:27:30,5946,,C,1000.0,1.0,,1.116116263921759
Carol,51,2022-05-06 21:36:26,19162,IT,D,1500.0,0.0,excellent,1.7373614909182826
Alice,54,2022-12-19 15:11:03,9308,HR,C,0.0,1.0,ok,0.2322232479047762
Bob,30,2023-10-10 02:53:00,12308,,D,1000.0,1.0,pending,-1.8012488280229113
Frank,34,2019-05-23 04:29:49,5806,Sales,C,1000.0,1.0,,0.1949148297226555
Frank,52,2022-08-21 01:25:40,14062,HR,B,1000.0,1.0,pending,-0.5474124002158305
Carol,63,2017-08-12 06:24:07,12658,,A,500.0,0.0,,0.5832975648450608
Bob,27,2019-08-27 18:39:42,17059,IT,A,500.0,1.0,excellent,1.387131793705638
Alice,36,2017-08-07 10:52:35,7146,Sales,C,1000.0,1.0,,0.8113825832656915
Frank,53,2019-03-19 03:49:19,5043,Finance,A,500.0,1.0,ok,-0.7302196533535341
Eve,58,2020-05-30 18:17:12,19143,,A,500.0,1.0,pending,0.2560014991266698
Alice,55,2022-01-05 03:30:56,17709,IT,D,1500.0,1.0,,-0.1840563573315563
Eve,23,2021-08-28 10:40:24,8819,HR,C,1500.0,1.0,pending,-1.4075070167350812
Eve,43,2023-05-22 14:30:58,6410,Sales,,1000.0,1.0,excellent,0.292946418868336
Alice,53,2021-04-30 01:43:27,17832,Sales,C,1000.0,0.0,ok,1.5986853113739816
Bob,51,2020-06-01 03:33:49,9447,HR,A,500.0,1.0,ok,0.5615232972994961
Bob,50,2022-05-15 08:59:40,18031,,B,1000.0,1.0,pending,-0.315898801001083
Carol,67,2018-08-23 03:30:26,15106,Finance,B,0.0,1.0,,-0.7786108463425462
Dave,23,2023-03-29 23:24:10,16521,Finance,A,0.0,0.0,excellent,0.7822357525824315
Frank,65,2023-06-15 19:36:16,10122,Finance,C,1000.0,1.0,pending,-1.3489824081879354
Bob,47,2022-11-20 23:16:48,18648,HR,B,500.0,0.0,excellent,0.002097919142144
Alice,28,2023-07-04 16:47:50,7201,,,1000.0,1.0,,0.5112104369395729
Dave,59,2020-10-12 12:21:48,18899,IT,C,0.0,1.0,needs review,-1.4353802492131869
Eve,56,2020-07-27 22:33:21,3164,Sales,,0.0,1.0,pending,0.0771340429512968
Alice,21,2019-11-01 17:50:15,18304,,A,0.0,0.0,pending,-0.4168531460141306
Carol,52,2020-01-10 02:33:57,17310,HR,C,1500.0,1.0,ok,0.5287896191172412
Carol,60,2020-10-21 21:36:37,18662,Operations,,1000.0,0.0,,0.8524300174693448
Bob,38,2019-06-27 15:41:48,7221,HR,B,0.0,0.0,needs review,0.4526287178379674
Alice,47,2018-02-11 04:16:58,6766,HR,C,1500.0,1.0,,-0.020695624676061
Bob,67,2021-06-29 07:56:34,17357,Sales,C,1000.0,1.0,needs review,-0.6361378418473139
Frank,37,2022-06-11 16:10:20,6740,Finance,B,1000.0,0.0,,1.416866886855773
Frank,51,2023-01-04 10:19:16,15792,HR,A,1000.0,0.0,excellent,-0.2052811618857846
Bob,25,2022-10-01 11:24:14,17130,,,1000.0,1.0,pending,-1.0520314351051574
Alice,18,2017-09-25 18:09:17,16645,HR,C,1500.0,1.0,excellent,-1.0225179026526137
Dave,36,2021-09-23 07:50:33,3034,Sales,,1000.0,1.0,needs review,-1.4816022440899634
Frank,51,2017-09-25 13:45:39,15690,Operations,B,1000.0,1.0,needs review,0.3069263378125592
Alice,24,2021-07-04 08:18:41,13735,Operations,C,1500.0,1.0,excellent,0.5982053603746955
Alice,46,2019-11-04 08:09:19,16694,Sales,B,1000.0,1.0,pending,-0.2986158344321117
Dave,47,2019-07-11 03:22:24,17560,Operations,B,1000.0,1.0,,0.8901148853003213
Frank,58,2020-06-23 03:42:44,13713,Sales,D,1000.0,0.0,needs review,0.0089070671765343
Frank,27,2020-11-17 16:59:05,13101,IT,C,500.0,1.0,needs review,1.3831942796870915
Bob,19,2019-10-09 02:54:44,14826,Operations,A,0.0,1.0,,-0.0322266816518376
Bob,20,2020-12-07 14:27:11,17986,Finance,C,0.0,0.0,needs review,-1.2628358591188855
Alice,30,2020-12-23 18:33:31,8087,Finance,,500.0,1.0,ok,0.1220909370726333
Alice,35,2022-06-02 18:36:52,19834,,D,0.0,1.0,excellent,0.8702054510590074
Alice,54,2017-07-19 18:31:52,12488,Operations,B,1500.0,1.0,excellent,0.09350872828539
Bob,68,2020-12-22 06:21:20,15258,Sales,,0.0,0.0,pending,0.7998112091967241
Dave,68,2018-07-19 13:19:17,7287,Operations,,1000.0,0.0,ok,-0.4987619307467308
Dave,31,2018-04-29 02:32:02,16197,,A,1000.0,1.0,ok,-1.0771708689803374
Dave,55,2019-03-20 07:08:08,12908,,,0.0,0.0,pending,-0.2057582694107051
Frank,24,2019-11-08 08:03:34,12025,Operations,D,1000.0,1.0,needs review,0.1372635833916878
Alice,69,2020-04-14 16:22:35,9093,Finance,A,500.0,0.0,,1.7741270118609334
Carol,48,2019-12-27 08:22:05,8058,Finance,D,1000.0,0.0,pending,-0.6838796382039942
Carol,38,2021-10-17 08:07:41,12107,Sales,C,1000.0,0.0,excellent,1.3396372637851113
Frank,40,2021-10-01 04:06:49,13244,IT,A,1000.0,1.0,,-0.253640841902783
Frank,66,2019-12-22 20:44:33,7462,Finance,,1500.0,1.0,,1.7900986420871017
Dave,38,2019-05-09 06:55:06,14597,HR,,0.0,1.0,ok,0.9020329155483762
Alice,56,2019-04-14 23:16:00,18780,Sales,B,1000.0,1.0,pending,0.3791784798818323
Eve,42,2023-08-11 19:49:36,14372,Sales,D,1000.0,1.0,needs review,-1.1115208933293508
Bob,64,2022-01-14 04:25:52,3231,,C,500.0,0.0,needs review,0.5486801319526123
Bob,29,2020-02-18 01:42:51,17209,IT,A,1000.0,1.0,pending,-0.6075136159137842
Bob,22,2019-12-24 22:05:20,11568,IT,A,1000.0,1.0,pending,-1.2466761209630792
Frank,36,2017-10-28 14:06:19,5473,,,500.0,1.0,ok,-0.6265489580103495
Frank,27,2020-03-12 16:01:12,5304,Sales,B,1500.0,0.0,,1.1537213354464804
Bob,33,2019-08-07 06:25:34,12178,HR,C,500.0,1.0,,0.6512041812934888
Carol,35,2018-11-03 13:05:09,4720,Finance,C,0.0,1.0,needs review,-1.8413359642837888
Alice,58,2021-10-28 07:07:55,19778,Operations,,1000.0,1.0,excellent,1.8384511586953571
Dave,22,2021-02-13 19:55:20,8159,Finance,C,0.0,0.0,needs review,-0.39926149078702
Eve,35,2022-01-10 03:58:50,19496,HR,A,500.0,1.0,pending,-0.9593349376347567
Carol,61,2018-12-03 04:14:19,18080,Finance,B,0.0,1.0,excellent,-0.685653849738791
Bob,29,2020-11-23 12:22:21,10306,Finance,,1000.0,0.0,pending,-3.0959965841484216
Eve,35,2022-06-08 22:40:08,10939,Operations,D,0.0,1.0,,0.2588381963298014
Dave,28,2020-04-10 16:39:23,11039,IT,A,1500.0,0.0,,0.8931109694379039
Alice,35,2019-12-23 18:38:37,12900,Sales,,1500.0,1.0,pending,-0.8313063485202786
Frank,59,2019-08-11 20:25:29,9564,Operations,B,1000.0,1.0,excellent,-1.2810961682989708
Frank,42,2017-12-17 11:04:57,10414,Sales,B,1000.0,1.0,excellent,-0.7354513625318151
Eve,46,2017-10-15 00:09:52,16781,Finance,D,1000.0,0.0,ok,-0.2512378064917671
Frank,38,2019-05-25 16:59:45,15928,Finance,B,1500.0,0.0,excellent,-0.2735647687241457
Dave,22,2023-02-17 12:29:31,3759,HR,C,1000.0,0.0,needs review,0.0263201670812605
Alice,40,2018-07-26 13:19:54,15336,Operations,A,1000.0,1.0,pending,0.3739121344689587
Bob,38,2020-06-18 15:44:04,11368,Finance,B,1000.0,0.0,needs review,-0.5358384459854801
Carol,60,2020-05-23 16:22:21,12823,Sales,D,500.0,1.0,ok,-1.7997789083991182
Bob,34,2023-04-21 16:47:39,15736,IT,A,1000.0,0.0,pending,0.4516314827793665
Carol,49,2018-08-20 00:12:46,8456,Operations,D,1000.0,0.0,excellent,0.5918810882370364
Carol,32,2023-05-27 20:12:20,10614,Finance,,0.0,1.0,pending,-0.8287701096679934
Frank,36,2023-07-24 08:44:08,8173,Operations,C,1000.0,1.0,pending,-0.5173324776989426
Carol,25,2023-02-02 01:24:32,7800,Operations,C,1000.0,0.0,pending,0.395918588144002
Alice,51,2021-05-24 23:10:52,18493,Operations,B,1000.0,1.0,,-0.2935463524009155
Frank,44,2019-04-15 11:02:34,7406,Operations,D,1500.0,1.0,ok,-0.6747012344446189
Eve,18,2019-04-16 08:58:56,7023,,B,1000.0,1.0,ok,1.846089531639382
Bob,57,2018-10-26 04:22:07,13305,Sales,D,0.0,1.0,excellent,-1.6316146394657451
Carol,69,2019-07-19 22:37:55,3451,,A,0.0,1.0,excellent,0.1023927804587781
Carol,40,2022-10-23 04:05:25,9035,Sales,B,1000.0,1.0,,0.2782400178453639
Alice,46,2023-10-31 10:43:38,5494,Operations,A,1500.0,1.0,,0.3582730275315043
Alice,55,2023-04-13 06:40:18,16442,IT,C,0.0,0.0,excellent,-0.8090704117574754
Dave,56,2021-03-05 19:50:51,13357,Sales,,500.0,1.0,needs review,1.0944857999193696
Bob,51,2018-07-13 02:39:03,13833,HR,C,1000.0,1.0,,0.6376815284910293
Alice,38,2022-06-12 14:56:59,4060,Finance,C,0.0,1.0,needs review,-2.1740430965448985
Frank,63,2021-04-14 19:17:47,12294,Sales,B,500.0,1.0,,0.7924756488677899
Eve,27,2017-10-24 04:29:35,14819,Finance,,1500.0,1.0,needs review,0.539470813612331
Carol,33,2019-07-30 06:12:09,13757,Operations,,1000.0,0.0,ok,-0.3875220874348576
Bob,21,2019-05-25 07:13:38,11765,HR,A,500.0,0.0,needs review,0.4866957066509357
Dave,19,2023-09-06 22:54:42,17604,Operations,D,0.0,1.0,,-0.4571343199597842
Dave,32,2021-09-19 19:39:14,8517,Finance,,1000.0,0.0,,0.6110216463689816
Bob,35,2021-01-27 20:56:38,12653,Operations,,1500.0,0.0,pending,1.17829782678886
Alice,27,2020-05-07 06:03:15,9799,Finance,C,1000.0,0.0,needs review,-0.1401297656462417
Eve,39,2021-03-28 08:44:52,12137,Finance,D,1000.0,1.0,,-0.6536837279241152
Carol,29,2019-02-26 10:32:19,7754,,A,500.0,1.0,needs review,0.1027577412184368
Eve,32,2018-01-15 11:59:55,18169,HR,B,1000.0,1.0,excellent,-0.4761939984552262
Bob,63,2023-09-06 22:39:53,19281,Finance,B,1000.0,1.0,pending,-0.9228397287607996
Eve,41,2021-11-12 19:32:00,15887,IT,C,1500.0,0.0,pending,1.0071953373626013
Carol,46,2020-02-12 11:11:02,11766,Operations,D,0.0,1.0,,0.6693638551945863
Dave,41,2017-12-06 12:23:03,18068,IT,B,500.0,1.0,ok,-1.3380338530550804
Eve,64,2018-06-02 17:44:12,17389,Finance,A,1500.0,1.0,needs review,-0.2766417268558226
Dave,53,2023-07-15 21:10:46,9188,Operations,C,0.0,1.0,ok,-0.166762868895159
Carol,57,2020-02-28 05:24:49,15626,Finance,B,500.0,1.0,needs review,0.5382026592565231
Bob,44,2018-10-23 13:24:02,8523,Sales,D,500.0,0.0,excellent,0.0296234869274858
Alice,69,2023-06-08 06:58:46,18695,IT,D,500.0,1.0,,-0.094867926091714
Dave,22,2020-03-10 19:56:32,18859,IT,A,1000.0,1.0,excellent,0.4714435903697743
Carol,48,2019-11-24 23:05:55,11051,,B,1000.0,0.0,pending,0.769299178453491
Frank,38,2022-09-21 19:30:00,9510,,D,1000.0,0.0,,-0.1540859781313687
Frank,67,2021-11-13 10:39:49,16595,Operations,C,1500.0,0.0,pending,1.4014659869916204
Dave,35,2023-09-14 01:37:29,15243,HR,B,1000.0,1.0,,-1.4090146447597227
Bob,46,2020-05-16 03:52:42,10351,Sales,A,1500.0,1.0,needs review,-2.6297752571791864
Alice,63,2017-12-23 12:35:52,19779,IT,A,1000.0,1.0,excellent,-2.3702930658700785
Alice,33,2023-05-07 05:35:50,10281,Operations,B,1000.0,1.0,,0.6448678652225917
Frank,36,2023-05-26 15:59:29,13748,Sales,B,1500.0,1.0,,-1.1774304441488752
Alice,28,2022-04-10 11:21:42,10167,HR,,1000.0,1.0,,-1.5644315186409423
Dave,47,2021-06-11 01:22:51,17042,Sales,,1000.0,0.0,ok,-0.9067111422371892
Dave,25,2023-07-20 11:38:53,9353,HR,,1000.0,1.0,,0.2326974089496939
Bob,37,2023-05-16 05:36:42,10985,IT,C,500.0,0.0,excellent,1.334387062521714
Dave,52,2022-07-26 21:44:02,19493,Sales,,1000.0,1.0,pending,-1.1085418194796328
Carol,67,2023-01-21 01:49:44,6762,Finance,D,1500.0,1.0,pending,-0.5817677787278057
Eve,57,2019-05-12 13:53:07,8746,Sales,,1500.0,1.0,needs review,1.6967910512620608
Eve,27,2022-02-25 18:01:48,5842,Finance,C,0.0,0.0,ok,0.1043754067746495
Eve,28,2021-04-02 17:02:46,3116,HR,,1000.0,1.0,pending,-0.0353129830513278
Frank,42,2020-08-03 01:38:29,13401,Sales,D,1000.0,1.0,needs review,-0.6511654832421647
Carol,63,2021-11-25 10:00:17,13060,HR,D,1500.0,1.0,ok,1.7368747185493107
Dave,27,2019-10-28 22:19:39,8621,HR,A,0.0,1.0,excellent,0.5986227710995113
Frank,36,2018-01-05 04:16:30,12957,IT,B,0.0,1.0,needs review,0.0035683196034828
Frank,49,2021-01-29 02:50:51,12209,,,1000.0,1.0,ok,1.3327756005727152
Frank,38,2018-07-19 20:34:17,19036,IT,B,1500.0,1.0,excellent,-0.919292055653513
Dave,25,2021-08-06 10:19:57,19615,HR,D,1000.0,1.0,pending,-1.5985226372890895
Alice,24,2019-06-29 23:13:20,15862,,B,1000.0,1.0,excellent,-0.1975884416025543
Eve,26,2020-08-05 20:20:59,15187,IT,,1000.0,1.0,ok,-1.7312372370665676
Carol,42,2021-01-05 04:18:49,15070,IT,C,1000.0,0.0,excellent,-0.7711948226981674
Frank,24,2018-08-17 11:07:41,17286,HR,,0.0,1.0,,0.1967007027493685
Carol,64,2022-01-31 15:01:13,8075,Operations,,1000.0,1.0,,-1.8959027304673264
Dave,18,2022-10-18 01:26:33,6121,,A,1500.0,0.0,,-1.6294842954257711
Alice,67,2020-11-03 23:22:45,10035,Operations,A,1500.0,1.0,ok,1.05652913763485
Dave,62,2020-11-28 09:33:09,13981,Finance,C,1000.0,1.0,ok,-0.4852333455304853
Alice,45,2023-08-17 19:04:33,17790,,C,0.0,1.0,needs review,0.264182177461134
Eve,25,2021-09-10 20:18:44,15280,HR,,0.0,0.0,needs review,-0.8111817979042323
Alice,66,2021-10-09 08:55:41,8667,Sales,A,1000.0,1.0,pending,0.4322227854334772
Dave,39,2018-02-07 18:23:02,16115,IT,A,1500.0,0.0,ok,-0.446226293593761
Alice,31,2019-07-16 20:06:58,19337,Operations,D,1000.0,0.0,excellent,1.0949417410647992
Carol,39,2020-02-09 01:12:52,3864,HR,,1000.0,1.0,excellent,-0.4811356537241141
Carol,32,2018-09-16 01:52:43,10572,,C,500.0,0.0,ok,-1.580450565238945
Frank,32,2019-08-15 03:54:02,3079,IT,B,1000.0,0.0,ok,-0.7850941372299417
Carol,46,2023-05-06 03:34:47,5780,Operations,D,0.0,1.0,pending,0.2631290042037429
Frank,30,2022-07-08 17:32:14,5992,IT,D,1500.0,1.0,,-0.5151661202829773
Dave,64,2022-02-18 22:26:33,10920,Finance,B,500.0,1.0,ok,0.0764495164447656
Eve,36,2018-07-20 04:49:43,17379,Finance,A,1500.0,0.0,pending,0.7814148687930892
Eve,57,2022-08-08 20:05:00,14314,Operations,D,1000.0,0.0,excellent,-0.417225309298271
Dave,33,2022-09-08 04:31:11,19426,,D,500.0,1.0,pending,-1.103191004297791
Bob,66,2023-06-05 21:03:47,18001,HR,A,1500.0,1.0,ok,-0.3934812730670479
Carol,19,2017-12-23 00:30:15,10280,IT,A,1500.0,0.0,ok,1.50586048250637
Carol,37,2019-05-24 20:49:23,4243,Finance,C,1000.0,0.0,ok,-1.8972323043237307
Bob,58,2018-08-14 04:09:22,4188,IT,,1000.0,1.0,,-1.526014780858493
Alice,61,2019-11-19 11:15:16,12225,IT,B,1500.0,0.0,excellent,0.1878421992380549
Bob,43,2017-07-18 11:32:01,3850,Finance,B,1500.0,0.0,needs review,0.1016232926959344
Bob,43,2019-12-25 13:58:54,6062,Operations,A,1500.0,1.0,ok,0.263875920904245
Bob,39,2023-05-02 16:24:44,9302,HR,D,1500.0,1.0,needs review,1.3077681991535102
Dave,61,2023-06-27 22:24:03,12020,IT,C,1000.0,1.0,,-1.7028620788767932
Bob,65,2019-05-01 16:58:30,12332,IT,A,1500.0,1.0,excellent,0.438915405673335
Alice,53,2020-03-24 14:01:39,6744,,A,1000.0,1.0,,0.948402339588072
Dave,18,2022-06-13 10:26:09,17953,Sales,A,0.0,1.0,,0.0182795865206155
Eve,48,2023-05-28 02:33:35,18797,Operations,B,500.0,1.0,pending,0.2353852815746782
Eve,55,2019-11-11 10:24:27,3606,Finance,B,1500.0,0.0,needs review,-1.0034738154930427
Eve,53,2018-12-29 00:30:48,10938,Finance,D,1000.0,0.0,excellent,-1.4551762601575429
Eve,36,2019-01-16 03:38:19,17835,Finance,B,1000.0,1.0,ok,-0.1909855566910203
Bob,60,2020-11-04 05:23:45,16352,HR,D,1000.0,1.0,needs review,-0.0875428364058606
Frank,57,2020-02-05 20:44:28,10233,,A,1500.0,0.0,pending,1.407594859372472
Bob,60,2019-06-08 01:12:42,18152,Finance,C,0.0,1.0,,-0.458045834782296
Carol,50,2017-08-06 09:10:07,7205,HR,D,1000.0,0.0,,-0.9253333106086016
Alice,68,2021-02-25 18:33:43,17637,Finance,A,0.0,0.0,,0.6502554718312492
Bob,55,2017-12-15 16:28:08,7934,Operations,D,1500.0,1.0,excellent,-0.2196327458394472
Carol,23,2020-09-22 07:26:03,8493,Finance,D,0.0,1.0,ok,-1.9826129125559653
Bob,41,2018-11-13 06:43:16,9829,,B,1000.0,1.0,pending,2.8398802010359665
Alice,24,2020-09-21 22:10:03,7305,IT,C,1000.0,1.0,needs review,0.9193112168125316
Alice,44,2018-06-14 15:01:34,17605,,D,500.0,0.0,,-0.1467392021418249
Carol,21,2019-01-02 10:35:45,6846,IT,,1000.0,1.0,pending,-1.2398539207866988
Dave,40,2020-04-16 12:31:10,19066,HR,D,500.0,0.0,needs review,0.5497558050464678
Bob,45,2022-09-09 03:48:18,18759,Sales,D,0.0,1.0,ok,-1.4166830471993013
Bob,23,2023-06-09 05:37:07,14777,,,1000.0,1.0,pending,0.2383326103149539
Eve,42,2020-08-27 05:41:29,17363,HR,A,1000.0,1.0,ok,0.0464799212392561
Bob,28,2020-08-06 01:18:52,15722,Finance,A,1000.0,0.0,pending,-1.7893524123729574
Frank,26,2022-10-17 21:04:04,17882,IT,B,1500.0,1.0,ok,-2.1631724182497427
Bob,68,2020-11-25 20:28:09,18478,Operations,C,1000.0,0.0,needs review,-0.2436076183357957
Frank,44,2020-07-21 03:39:49,13560,IT,A,1500.0,1.0,pending,-0.2361714516092539
Alice,21,2020-05-11 02:59:27,5904,,D,0.0,1.0,excellent,-0.2364273920474127
Dave,36,2021-04-21 10:25:47,5073,Finance,,1000.0,1.0,ok,1.4723313315265552
Carol,47,2020-08-20 09:53:38,4406,IT,A,500.0,1.0,needs review,0.2489731620702817
Eve,41,2023-09-07 14:52:55,3077,HR,,0.0,1.0,needs review,1.2709943488317192
Dave,28,2022-07-04 15:54:36,12912,,B,1000.0,0.0,needs review,-2.205996986034826
Dave,61,2023-07-23 18:31:05,11387,,,1000.0,1.0,pending,1.2860948150457028
Dave,26,2023-02-27 12:30:49,6498,IT,D,1500.0,1.0,needs review,-0.4104441643636524
Bob,47,2020-11-03 00:03:41,4012,Finance,A,1500.0,1.0,,-0.8921131627763598
Eve,69,2018-01-13 13:19:04,17000,,,1000.0,0.0,needs review,1.1516034695082815
Frank,48,2017-10-26 12:57:20,11839,IT,B,500.0,0.0,needs review,-0.4903403430312504
Dave,58,2020-07-29 15:23:05,12385,Sales,A,1000.0,1.0,needs review,-0.5878453635828165
Bob,67,2022-01-12 16:55:13,7843,IT,B,1000.0,1.0,,0.362640721021039
Carol,62,2018-10-23 12:16:19,12134,,C,0.0,1.0,excellent,0.8180966497930249
Bob,47,2020-09-13 11:34:50,9852,Operations,D,1000.0,1.0,ok,1.46605053862589
Frank,34,2020-11-22 19:29:29,12639,Operations,C,1500.0,0.0,pending,-0.2591058857661082
Alice,34,2018-09-17 12:06:42,8385,Sales,C,1000.0,1.0,ok,-1.1337303353779702
Carol,58,2020-05-04 14:51:17,4232,,,1500.0,1.0,needs review,-0.8134351551994496
Carol,46,2019-05-28 13:10:20,17233,,A,1000.0,0.0,,0.5173815710336579
Frank,44,2022-08-30 23:29:51,3736,HR,D,1000.0,1.0,pending,0.0999418911251094
Eve,62,2018-05-21 04:06:03,9870,,C,1000.0,0.0,pending,-1.2540277127984911
Dave,57,2023-06-03 10:30:18,10466,Sales,B,0.0,1.0,needs review,0.4275858229812969
Alice,45,2020-04-21 04:12:46,3387,HR,A,1000.0,1.0,ok,-1.6340505876915736
Frank,37,2023-07-24 01:16:04,17120,,B,1000.0,1.0,needs review,0.496631136757086
Carol,62,2023-05-02 12:46:03,10416,Operations,,0.0,0.0,ok,0.9696685390369096
Carol,18,2020-09-26 02:35:45,3213,IT,D,1000.0,0.0,ok,0.0271927806109521
Frank,33,2019-05-05 06:13:14,19476,Finance,B,1000.0,1.0,needs review,0.3467670815527908
Eve,26,2023-06-24 07:02:48,15029,Operations,C,1500.0,0.0,pending,-1.115652804281806
Dave,26,2023-01-26 17:43:00,6347,Sales,C,1000.0,1.0,pending,-1.1198998258222108
Alice,56,2023-03-31 16:41:35,10972,Operations,D,1000.0,0.0,needs review,-0.0061296840828664
Carol,25,2019-01-16 01:18:58,7593,Sales,A,1000.0,0.0,needs review,0.252040588670032
Bob,58,2018-10-13 05:54:23,3643,Finance,B,0.0,1.0,needs review,-1.5981445859310344
Alice,24,2023-04-18 11:54:23,12740,IT,A,1000.0,1.0,pending,0.35182042326407
Eve,42,2019-12-06 04:56:30,18129,IT,A,500.0,0.0,,-2.223430812029757
Eve,67,2023-03-14 14:43:36,19847,HR,,1000.0,0.0,excellent,-0.0589143686743173
Bob,46,2023-07-01 10:37:42,16441,Operations,,1000.0,1.0,needs review,-1.2973173048625235
Carol,19,2022-08-12 13:13:25,9568,Sales,D,1500.0,1.0,excellent,-1.111667980780411
Alice,64,2017-09-20 13:12:02,10550,Finance,B,1500.0,1.0,,1.3795846580186508
Eve,36,2022-10-31 17:10:01,3565,Operations,B,0.0,1.0,needs review,-1.1216660943621448
Carol,25,2023-01-06 16:38:44,19397,Operations,,0.0,0.0,,0.4482239564079419
Dave,19,2022-01-05 12:50:55,6918,,,1000.0,1.0,,0.7114484447965826
Carol,41,2021-11-11 03:59:04,4170,Finance,,1500.0,1.0,,-1.1896160494485266
Dave,59,2017-10-09 20:26:24,5890,Operations,,0.0,1.0,,0.0002981351324093
Bob,23,2018-02-20 07:44:47,6450,Operations,D,1000.0,1.0,,0.0151254975201274
Dave,35,2019-07-23 19:21:56,17828,Finance,,1000.0,1.0,excellent,1.030031064660013
Bob,19,2020-11-12 19:48:42,12883,Sales,,0.0,0.0,needs review,0.6500863864774711
Bob,38,2022-10-20 02:15:00,14516,HR,B,1500.0,0.0,excellent,-0.817885214992011
Carol,30,2017-12-15 10:06:09,8632,Finance,,0.0,1.0,pending,-0.4693387986295916
Dave,40,2023-10-10 00:29:33,16213,Sales,B,0.0,1.0,pending,-0.3363492794371434
Alice,56,2019-04-06 11:37:34,9133,,C,1000.0,1.0,excellent,0.1526103582083394
Dave,62,2021-05-09 13:23:31,16633,Operations,,1500.0,1.0,needs review,-0.1102644124425526
Eve,64,2018-10-12 02:07:29,4553,IT,C,0.0,1.0,excellent,-1.6946674826125794
Dave,29,2023-04-05 21:13:40,11446,HR,A,1000.0,1.0,needs review,-0.7045206333119163
Carol,36,2019-10-27 21:51:42,17155,HR,B,0.0,1.0,pending,-0.2286169281280762
Bob,22,2019-04-24 16:22:02,3708,Sales,C,1000.0,1.0,needs review,1.266852941372543
Carol,38,2022-09-27 14:17:40,18980,IT,D,1000.0,1.0,needs review,0.5595115862369833
Bob,30,2019-10-04 17:36:47,15839,IT,C,0.0,1.0,pending,2.4341859808718365
Bob,21,2019-01-23 13:53:31,15733,,A,1000.0,1.0,needs review,-0.0602005638901229
Dave,34,2021-11-30 19:44:00,12792,Sales,D,1500.0,1.0,ok,0.7162706105437495
Eve,27,2022-02-21 19:02:14,12461,HR,D,1000.0,1.0,ok,1.114123353003473
Frank,32,2019-06-14 21:40:36,13834,Sales,D,1000.0,1.0,ok,0.2080206808750747
Alice,33,2022-10-03 12:09:14,15536,Finance,C,0.0,1.0,excellent,0.0222030247288222
Frank,38,2019-01-27 14:48:34,13803,Operations,D,500.0,1.0,needs review,2.52218248646098
Bob,68,2021-06-29 22:43:09,19799,,C,500.0,0.0,ok,0.0051294459157329
Dave,21,2018-06-02 00:09:28,14338,HR,C,0.0,1.0,ok,0.0874344009081598
Frank,52,2020-04-19 06:09:08,9434,,D,1500.0,1.0,needs review,-0.0788174858860041
Dave,67,2021-11-14 12:49:17,12830,Finance,C,500.0,1.0,needs review,0.8647194558717425
Dave,54,2019-04-23 07:27:34,16138,Finance,C,1500.0,1.0,needs review,1.1379074987750288
Eve,21,2020-04-09 16:36:32,6969,IT,B,500.0,1.0,excellent,1.1894648849825666
Carol,22,2021-02-17 02:36:08,5587,IT,,500.0,1.0,needs review,-0.4911877623582595
Eve,32,2018-10-15 07:32:26,8837,Finance,B,1000.0,1.0,ok,-2.121782160011673
Alice,56,2023-04-03 06:11:20,15329,,C,1000.0,1.0,needs review,-0.9286100106124308
Frank,54,2017-12-13 04:02:34,19005,IT,B,1500.0,1.0,pending,-0.7259680438740524
Alice,33,2020-06-17 03:07:51,5672,IT,C,1000.0,0.0,pending,-1.82700197222658
Eve,29,2018-04-26 02:54:45,6136,IT,A,1000.0,1.0,excellent,0.4388350433051697
Carol,43,2019-08-15 08:05:05,18491,IT,D,1000.0,1.0,pending,-2.9766201401880097
Dave,46,2017-12-01 17:20:04,13789,IT,A,1000.0,1.0,,1.5183901894220158
Frank,20,2021-03-27 03:28:12,17252,IT,C,500.0,1.0,pending,0.5431231867975264
Dave,26,2017-12-25 16:41:32,9553,Operations,B,1500.0,1.0,pending,-0.2495468996694111
Eve,24,2023-08-20 17:45:12,12888,HR,C,0.0,1.0,pending,-0.0550117952294301
Alice,46,2021-11-12 03:46:57,8870,Finance,C,1000.0,1.0,needs review,-0.0755934979017244
Bob,42,2022-06-30 08:41:17,14593,Finance,B,1000.0,1.0,pending,-0.0947493574223718
Eve,39,2017-11-13 02:52:19,14151,,A,1500.0,0.0,pending,-1.5908366003034358
Frank,39,2023-02-26 23:13:44,13278,IT,B,0.0,1.0,pending,-0.4901194924533534
Eve,68,2019-10-02 14:43:33,14953,HR,D,1000.0,1.0,needs review,-0.7773561242707205
Alice,40,2023-03-29 05:06:28,8775,IT,B,1000.0,1.0,excellent,0.5422343382544554
Alice,65,2020-01-31 00:38:53,12306,IT,C,0.0,0.0,needs review,0.9531489793482142
Eve,54,2020-07-18 23:58:31,6549,Finance,D,500.0,1.0,,-2.594919271232269
Frank,51,2019-03-31 14:10:31,13947,HR,,0.0,0.0,ok,-0.3366864421047288
Bob,62,2019-03-02 16:25:13,10897,HR,C,1000.0,1.0,pending,-1.33165937236177
Eve,38,2017-11-18 17:54:32,17457,Operations,D,1500.0,1.0,needs review,0.5609534702616497
Dave,49,2018-01-17 13:19:57,13947,,D,500.0,1.0,excellent,-0.0241029555382922
Alice,56,2020-05-23 16:46:56,15574,,B,1000.0,1.0,,0.965767123717994
Dave,38,2017-12-01 02:48:32,7247,IT,C,0.0,1.0,,1.1621781186763944
Bob,26,2020-09-25 00:53:16,8023,Operations,C,0.0,0.0,,-0.6708115456563398
Eve,24,2020-12-07 00:53:41,4926,Finance,,1000.0,0.0,ok,-0.4426544593858739
Alice,30,2021-09-14 22:52:35,5341,,B,0.0,0.0,ok,-0.7257317613292923
Eve,35,2017-07-23 12:10:23,9986,Sales,C,500.0,1.0,excellent,0.3439009640013031
Dave,20,2020-05-14 21:53:47,3761,HR,A,1000.0,0.0,ok,1.873782072245674
Dave,56,2022-01-04 02:06:35,16805,HR,,0.0,0.0,needs review,1.2859003913546492
Carol,47,2021-12-20 06:50:56,9568,Finance,A,0.0,1.0,,-1.3805896973757348
Frank,50,2022-12-15 15:08:19,16579,IT,D,1500.0,0.0,pending,0.5521359245059472
Eve,53,2019-04-25 09:07:43,8506,HR,,0.0,0.0,pending,0.3653480420987198
Carol,26,2023-06-07 04:35:07,8632,HR,A,0.0,1.0,ok,0.6045130321982553
Frank,50,2023-06-17 23:12:14,18008,Sales,D,500.0,1.0,,-0.039204774648591
Frank,41,2023-11-10 00:21:58,7182,,D,1500.0,1.0,excellent,-2.055355978589944
Alice,55,2018-11-07 19:30:42,13669,IT,A,1000.0,1.0,ok,-0.1141950284795394
Dave,37,2017-11-19 01:48:09,15771,Finance,,1000.0,1.0,,0.5273166891717415
Carol,30,2022-06-14 05:22:52,11512,HR,C,500.0,1.0,ok,-2.5014948240424264
Eve,25,2021-09-22 06:59:00,19329,Operations,C,1000.0,0.0,,0.989656556979346
Frank,61,2018-05-30 09:27:27,6174,Finance,A,0.0,1.0,excellent,-0.3955857953392389
Alice,33,2021-03-05 16:15:44,4401,Sales,A,1000.0,0.0,pending,-1.267849537218085
Alice,43,2021-02-12 18:35:42,12890,Sales,C,500.0,0.0,excellent,0.3605282256785211
Eve,36,2022-03-28 23:52:27,13607,,,500.0,1.0,pending,1.6219568840440033
Eve,45,2020-05-01 01:39:53,4993,Operations,A,0.0,0.0,excellent,-2.237774940816818
Alice,29,2022-01-18 15:09:53,15055,Operations,B,1000.0,0.0,ok,-1.0421230588961972
Alice,29,2020-11-30 17:11:22,13928,,D,1000.0,1.0,excellent,-0.420254432051101
Dave,68,2023-09-17 21:44:11,10183,,D,1000.0,1.0,,-1.1216778443478423
Eve,51,2019-07-04 01:43:18,14165,HR,A,0.0,1.0,ok,0.1994979950318903
Frank,21,2021-09-04 06:41:09,7974,,C,1500.0,1.0,,1.4911632544104867
Alice,44,2023-06-28 23:04:50,10309,IT,D,1500.0,0.0,ok,-0.961485808489261
Eve,60,2019-07-26 21:17:00,7127,Finance,D,1000.0,1.0,needs review,1.0190607403184984
Alice,33,2020-12-27 02:36:54,11104,Sales,,0.0,1.0,needs review,1.1100936348557429
Carol,54,2020-05-06 13:52:55,7114,Operations,A,1000.0,1.0,,-0.5405151173858839
Frank,29,2020-11-04 19:05:36,19236,Operations,B,1500.0,0.0,pending,0.6571078990988916
Carol,21,2018-04-01 14:30:28,16977,HR,C,0.0,0.0,ok,0.0720897504039878
Frank,42,2019-09-11 00:08:35,15955,Operations,D,500.0,1.0,,1.2373492727002564
Alice,33,2022-02-14 17:48:51,15819,IT,D,500.0,1.0,pending,-2.611025197101028
Frank,30,2022-02-05 12:52:05,11553,Sales,D,1000.0,1.0,,0.0402490145556188
Alice,29,2022-03-13 07:22:12,12703,Sales,C,1500.0,1.0,ok,1.961523729395872
Bob,51,2021-09-05 01:13:17,18785,Operations,D,1000.0,0.0,,0.7156780036269718
Carol,51,2020-11-06 12:26:27,7198,Sales,,1000.0,1.0,ok,1.3932290284721258
Dave,37,2021-09-02 13:08:42,7218,IT,B,1000.0,1.0,ok,-1.654442010747234
Eve,65,2019-06-18 23:03:11,10953,Operations,,500.0,1.0,excellent,0.8045895443960938
Frank,53,2022-04-21 18:26:54,3498,Sales,B,500.0,1.0,excellent,1.1112075428810295
Bob,23,2021-05-11 23:46:13,4889,Operations,D,1500.0,1.0,pending,-0.3768381843388836
Dave,65,2023-02-16 08:27:15,6601,IT,D,1000.0,1.0,needs review,0.4377175144816818
Carol,32,2018-05-12 11:20:30,18699,Sales,,500.0,0.0,,0.9203724566679692
Bob,36,2017-12-17 00:47:01,4037,Operations,B,1000.0,0.0,needs review,-0.5163332648325661
Bob,57,2020-09-26 20:05:04,9299,HR,,0.0,1.0,needs review,0.4168064550431531
Frank,52,2017-12-02 10:00:36,19252,Finance,,0.0,1.0,needs review,1.7088751293398792
Eve,50,2020-08-11 22:11:45,7884,Sales,,1000.0,0.0,needs review,-0.6339938513047954
Bob,40,2023-10-21 22:48:43,15335,Operations,C,1000.0,0.0,,-1.8467856494489292
Eve,52,2022-10-31 02:59:51,11255,Finance,C,1000.0,1.0,ok,0.1413617154498064
Bob,55,2021-08-08 19:29:15,9487,Finance,A,1000.0,1.0,excellent,-1.186564994007276
Bob,36,2021-09-28 22:47:09,9638,IT,,1500.0,0.0,pending,0.99609174837253
Frank,45,2019-08-09 15:47:46,7823,Finance,,0.0,1.0,pending,0.0936749461156889
Eve,27,2019-09-05 08:29:07,6455,Operations,C,500.0,0.0,needs review,0.294530225734035
Frank,25,2017-10-10 22:37:20,4694,Sales,B,1000.0,0.0,ok,-0.6772796255923244
Dave,61,2017-11-03 17:37:11,14318,HR,D,1500.0,1.0,needs review,0.1145576469253356
Eve,49,2018-01-31 09:50:49,19295,Operations,,1000.0,1.0,ok,3.038210433027704
Dave,69,2018-01-29 05:55:26,15631,Sales,B,500.0,1.0,,-0.6403904167150053
Dave,30,2022-06-07 14:51:45,11639,HR,,500.0,1.0,,0.2265740534657199
Alice,51,2019-09-08 04:29:04,6677,Operations,C,1500.0,1.0,needs review,-0.6903070201581986
Dave,35,2019-10-01 17:28:23,18721,Finance,C,1000.0,1.0,needs review,0.292077595779733
Eve,47,2019-09-01 15:18:12,10709,,B,500.0,1.0,ok,0.6313949945980353
Eve,49,2021-01-08 17:35:20,8867,Operations,A,1500.0,0.0,pending,0.5913777007147
Alice,69,2018-04-13 05:52:23,11208,HR,D,1500.0,1.0,excellent,-1.2978725171509
Dave,44,2018-06-03 07:53:18,10381,Finance,A,1000.0,0.0,excellent,0.8595994722104094
Frank,46,2017-07-17 08:49:55,11294,HR,,500.0,0.0,excellent,1.1747579616549957
Alice,43,2018-12-19 21:27:51,11062,HR,C,0.0,0.0,excellent,1.4788546478607734
Bob,57,2022-05-24 12:01:50,17652,IT,C,1000.0,1.0,ok,0.6139051418468865
Frank,33,2019-01-03 14:11:36,11356,HR,C,0.0,1.0,needs review,0.4339852479082855
Dave,35,2022-09-19 07:08:22,15493,HR,,500.0,1.0,excellent,-1.7655392097069362
Frank,60,2019-11-03 21:54:11,8661,Sales,D,1000.0,1.0,excellent,0.9014655967351528
Bob,18,2019-01-08 17:01:07,8242,IT,B,1500.0,1.0,needs review,-0.6810607562059136
Frank,64,2022-05-09 13:56:43,19665,,C,1500.0,1.0,needs review,-2.153660550018642
Bob,36,2019-11-24 21:25:47,4127,,,500.0,1.0,,1.751580492695736
Carol,33,2022-11-15 18:37:49,9904,Operations,B,1500.0,1.0,excellent,0.5279006164441984
Frank,68,2023-10-02 12:03:29,5820,Sales,D,500.0,1.0,ok,-0.2694940497715438
Alice,63,2017-10-01 02:16:15,15543,Finance,C,1000.0,1.0,excellent,-0.6437134469720581
Carol,53,2019-03-24 07:24:28,18740,HR,B,500.0,1.0,,0.1164299402548434
Dave,39,2021-08-05 21:55:17,16697,HR,B,0.0,1.0,pending,-0.1436986154486908
Bob,50,2022-01-27 07:11:52,18682,,,1000.0,1.0,pending,0.6533991532202816
Carol,56,2019-07-27 17:16:50,14221,,D,1500.0,1.0,excellent,-1.1743499475719297
Alice,48,2022-08-13 12:52:28,17851,Sales,C,1000.0,0.0,pending,-0.2920044550294839
Dave,22,2017-07-24 12:46:33,15278,Operations,A,0.0,0.0,ok,-0.774141146585154
Frank,49,2021-01-26 05:22:06,13432,Finance,C,500.0,1.0,excellent,-0.778711610194528
Carol,47,2018-05-21 14:55:13,3739,Sales,D,0.0,1.0,needs review,0.3437529570178217
Eve,39,2018-02-01 00:32:55,6016,Sales,A,500.0,0.0,ok,0.8686283321412163
Eve,63,2019-07-01 05:13:43,15896,,A,1000.0,0.0,ok,0.5363714993644265
Frank,22,2020-09-23 18:55:10,19086,,A,1000.0,0.0,,0.9215714754974854
Bob,23,2023-06-19 16:57:19,15350,Sales,,1000.0,0.0,pending,1.1543097817506511
Bob,49,2021-02-03 07:06:41,11566,Finance,A,500.0,1.0,needs review,-1.321043503887554
Alice,61,2019-05-13 18:21:46,8930,HR,D,1000.0,0.0,needs review,-0.4443840286190699
Carol,62,2018-04-18 16:13:14,5573,HR,A,1000.0,1.0,pending,-0.9115122299516832
Eve,37,2021-07-09 00:12:31,16685,,C,500.0,0.0,needs review,0.7830736408738485
Frank,38,2019-05-25 04:55:06,10007,Sales,C,500.0,1.0,excellent,-0.6643057065489412
Eve,29,2021-01-07 13:22:20,18477,,D,0.0,1.0,ok,-0.401507817492882
Bob,56,2022-06-06 00:14:51,17839,,D,0.0,1.0,needs review,0.788251543555882
Dave,33,2018-04-12 10:07:29,12266,Finance,,0.0,0.0,needs review,-0.6224223110614547
Alice,52,2021-04-06 13:50:17,17825,HR,,1000.0,0.0,needs review,0.0570077852521231
Alice,44,2018-06-20 01:19:01,15155,IT,A,0.0,1.0,pending,-0.6929050550433057
Dave,69,2018-06-09 21:27:17,5529,,,1000.0,0.0,,-0.4970545827323585
Frank,54,2020-11-24 17:07:53,16574,Finance,,1500.0,1.0,ok,0.0514806049526559
Eve,67,2020-01-22 02:32:08,12890,Operations,,1000.0,1.0,,-0.9705583698570556
Bob,55,2018-02-05 02:37:50,12768,IT,A,1000.0,1.0,ok,1.089173126880576
Carol,41,2022-01-26 20:01:31,19595,IT,B,1000.0,1.0,,1.1274840696752322
Eve,20,2018-11-13 17:33:18,10546,HR,A,1000.0,1.0,pending,-0.4844452740548189
Carol,25,2023-08-20 19:31:59,9281,IT,A,1000.0,1.0,pending,0.1861393259992225
Frank,61,2017-11-26 19:50:16,11790,Finance,D,1000.0,1.0,pending,2.4095258571058453
Carol,30,2019-07-11 23:58:18,4441,,,1000.0,1.0,,-0.3419177223538097
Eve,26,2023-10-01 20:05:01,18633,,,1000.0,1.0,,-0.1012705876256432
Bob,35,2020-09-05 18:43:32,7058,,B,500.0,1.0,excellent,1.651582841406527
Frank,24,2018-04-01 02:26:54,5045,,D,1000.0,0.0,pending,0.6307580994111778
Eve,22,2019-01-30 16:15:45,16463,Sales,,1000.0,1.0,needs review,1.2087331627505715
Eve,65,2020-05-25 09:45:01,15080,Sales,,1000.0,1.0,pending,0.0464432837981749
Eve,51,2023-09-05 22:22:38,13169,Finance,A,1500.0,1.0,excellent,0.4230299465536636
Dave,53,2021-05-17 02:18:30,19525,HR,,0.0,0.0,needs review,0.6403891855611076
Bob,50,2022-02-15 08:19:59,4214,Finance,D,1500.0,1.0,,-0.0920218855954766
Frank,37,2018-02-24 19:26:49,13724,,,500.0,0.0,excellent,0.139225223864247
Eve,48,2023-06-10 09:16:56,6534,Sales,C,1000.0,1.0,ok,-0.7487281261281795
Carol,67,2021-08-31 07:10:04,9283,Sales,D,1000.0,1.0,ok,1.416321263745578
Eve,35,2023-04-30 07:46:09,7181,Sales,D,1500.0,1.0,needs review,0.5512516643968143
Dave,63,2021-05-09 21:10:11,5679,Sales,D,0.0,1.0,,0.0133260667022223
Alice,29,2021-07-07 05:31:21,17908,HR,C,1000.0,0.0,,0.8548910199941779
Eve,31,2022-09-09 19:38:23,16485,Operations,C,500.0,1.0,excellent,0.3021841489039865
Bob,22,2017-12-19 04:26:32,3493,HR,A,1500.0,1.0,needs review,-0.6035322216917434
Bob,26,2020-08-23 07:12:08,14543,Finance,A,1500.0,1.0,excellent,-0.4154724565823898
Frank,61,2023-09-23 11:31:23,15229,,B,0.0,0.0,needs review,-1.3256391364764082
Eve,24,2021-08-21 22:41:07,11989,Sales,,500.0,0.0,ok,0.5002088638012321
Eve,69,2017-12-08 06:34:05,9655,Finance,A,0.0,0.0,excellent,0.7163752203451093
Alice,38,2023-06-01 04:33:52,16055,Sales,C,0.0,1.0,,0.3928974533240617
Dave,63,2019-08-21 17:21:06,11072,Operations,,1000.0,0.0,ok,0.3679322336107165
Alice,32,2022-05-25 03:02:32,12384,IT,B,0.0,1.0,ok,1.5668268820741922
Carol,51,2022-07-17 02:58:49,8790,,A,1000.0,1.0,ok,-0.907089229586279
Frank,44,2023-09-19 18:49:47,11336,Sales,A,1000.0,0.0,,-0.3445927281670252
Alice,42,2019-09-29 15:52:46,16581,,A,0.0,1.0,ok,-0.0567313961228641
Eve,28,2021-10-11 05:05:46,10201,IT,C,1000.0,1.0,excellent,-0.7953317446793806
Dave,29,2019-01-11 21:39:28,13470,Finance,D,0.0,0.0,pending,-1.2632317388660412
Alice,67,2019-02-21 21:49:23,4196,IT,C,1000.0,1.0,pending,-0.2109009689607315
Dave,44,2019-12-27 13:06:10,18280,Operations,D,1000.0,1.0,pending,-2.3023998952796814
Dave,37,2020-06-19 00:15:38,5932,,,1000.0,1.0,ok,0.2282683022311466
Carol,36,2019-05-23 18:02:47,5218,HR,B,1000.0,1.0,ok,0.0373481235202538
Frank,33,2020-08-24 00:08:06,9455,Finance,C,1500.0,0.0,needs review,0.9126370659281248
Carol,42,2020-08-31 06:07:02,15564,IT,A,1000.0,1.0,,-0.8062023971277812
Frank,56,2023-08-05 08:07:52,9529,,D,1000.0,0.0,,0.1403669758839741
Dave,51,2018-10-04 17:22:26,19757,Finance,A,500.0,0.0,,-0.6547302888941317
Dave,28,2023-05-13 09:46:27,19769,Finance,C,0.0,0.0,needs review,1.0431823656436043
Carol,67,2022-08-07 11:47:17,4472,Sales,D,1000.0,1.0,needs review,-1.537687629515332
Frank,29,2021-06-26 07:35:36,8505,Operations,D,1000.0,1.0,,1.2599858452316202
Dave,64,2021-11-18 07:38:24,11044,HR,,1000.0,0.0,ok,1.1145029465620775
Alice,19,2021-10-04 00:17:17,16688,Operations,D,1000.0,1.0,needs review,-1.8098004144707511
Bob,61,2023-11-03 06:34:26,7979,Finance,,500.0,1.0,pending,-0.8242909172948549
Carol,32,2018-10-23 16:17:42,3490,IT,C,1000.0,1.0,pending,0.5956782489878237
Bob,37,2020-02-03 08:02:20,6372,Operations,C,500.0,1.0,excellent,-0.1652100866808967
Eve,24,2022-03-29 13:57:31,19839,,C,500.0,1.0,excellent,2.1570484981396394
Bob,19,2021-11-06 20:54:45,6312,,D,1500.0,1.0,needs review,0.8358797100540145
Carol,39,2023-08-18 07:01:08,9599,IT,,1000.0,0.0,excellent,-1.1415897654081897
Carol,43,2018-07-20 09:55:17,13130,Operations,D,500.0,1.0,needs review,-0.6165715219067482
Carol,24,2019-12-09 20:52:00,3953,Finance,B,0.0,1.0,ok,0.0215173064520787
Dave,58,2021-09-13 19:29:57,3538,Operations,C,0.0,1.0,ok,-0.6711938870632809
Dave,46,2023-06-12 18:43:27,8678,Sales,B,500.0,1.0,,0.2907384920713511
Bob,32,2021-08-05 18:46:28,17009,HR,A,1500.0,0.0,ok,0.3519571776309408
Dave,49,2023-06-25 02:54:48,3248,Finance,C,0.0,1.0,ok,0.6009975475237516
Bob,40,2022-07-22 17:20:39,8540,HR,,1500.0,1.0,ok,-1.889464034854884
Dave,24,2019-06-24 14:35:55,7577,Sales,B,500.0,0.0,ok,-0.6073215089996811
Carol,48,2022-05-17 14:49:08,8733,Finance,D,1000.0,0.0,,-0.5357348412192479
Frank,43,2022-05-05 13:50:56,13497,HR,B,0.0,0.0,ok,0.2749203819531357
Alice,25,2023-05-20 09:12:19,8335,Operations,A,1000.0,0.0,ok,-0.0761408447485096
Eve,23,2017-08-29 09:15:52,12107,Sales,C,0.0,1.0,excellent,-0.6241681356088903
Frank,56,2021-10-25 08:05:46,19355,Finance,B,1000.0,1.0,needs review,0.2893386428895093
Carol,18,2023-10-29 21:53:00,7980,IT,B,1000.0,1.0,ok,0.2867072782522401
Dave,22,2017-09-23 21:03:33,14488,HR,B,1500.0,1.0,,1.5290952659388262
Frank,68,2021-10-28 17:21:56,11356,Operations,C,1000.0,1.0,ok,1.3298840196217865
Carol,63,2022-12-14 11:52:39,8505,HR,A,0.0,1.0,excellent,0.886625345488198
Bob,28,2019-07-01 09:46:17,10424,HR,,1000.0,1.0,excellent,0.879008117949989
Alice,67,2018-04-15 09:21:08,12516,Operations,,500.0,1.0,,-1.1700300341479482
Frank,33,2018-11-19 07:19:53,13059,Operations,A,0.0,0.0,excellent,0.2818657694395757
Bob,56,2019-10-30 00:56:25,6674,HR,C,1000.0,1.0,needs review,-1.516369023073602
Eve,28,2019-07-20 23:25:10,7856,Finance,C,0.0,0.0,,0.7761741937238781
Alice,28,2019-03-30 16:01:19,7711,Sales,D,1500.0,0.0,ok,0.2322094164904132
Eve,65,2018-05-13 01:57:00,15221,HR,D,1500.0,1.0,pending,-0.3002736354037264
Eve,36,2020-04-04 06:36:29,12016,Operations,A,1000.0,1.0,,-0.2071833394166571
Alice,67,2019-09-14 00:49:51,4732,Operations,C,1000.0,0.0,,1.6458531150935596
Eve,32,2020-12-26 04:06:25,7880,Finance,,1500.0,0.0,pending,0.9638885767057686
Carol,20,2021-09-22 19:17:28,7487,Sales,,1000.0,1.0,needs review,1.0543660385213005
Eve,25,2023-04-12 17:17:55,13921,,D,500.0,0.0,excellent,0.3987016495644076
Alice,41,2022-11-27 16:10:22,8650,Operations,B,1000.0,1.0,,-0.7465863222724552
Frank,27,2023-05-24 10:19:23,4678,IT,D,1000.0,1.0,,-1.9414671051098
Bob,61,2022-10-09 02:37:05,10952,Sales,A,1500.0,0.0,pending,-0.5246416667541841
Eve,39,2023-09-26 11:22:18,7008,Sales,,0.0,0.0,,-2.3063117439185903
Carol,52,2020-12-11 00:39:27,5578,IT,A,1500.0,0.0,needs review,1.15555456864421
Dave,38,2019-04-17 21:42:47,13836,Finance,D,0.0,0.0,,-1.0529781722527063
Bob,38,2019-04-07 09:25:55,14768,Operations,,500.0,0.0,needs review,0.8004744920873764
Eve,30,2021-05-13 02:46:05,4137,HR,B,1000.0,0.0,pending,-0.536706550390939
Alice,36,2018-06-04 12:08:13,13911,,,1500.0,1.0,ok,-0.971061469537707
Carol,20,2019-07-06 11:21:45,16046,Operations,A,0.0,1.0,pending,0.3804106473308311
Alice,53,2023-08-06 13:38:30,15979,Operations,A,0.0,1.0,ok,-0.0996292846356624
Alice,42,2023-03-24 18:32:42,11927,Sales,,1000.0,1.0,ok,0.1782959961526592
Frank,18,2020-01-07 07:31:57,4577,,D,1000.0,1.0,needs review,-1.8010118680227336
Carol,50,2020-07-23 10:39:29,4464,,C,1500.0,1.0,pending,0.2326162014959605
Alice,69,2019-02-04 10:39:29,16066,,,0.0,1.0,ok,0.1803178881339191
Bob,25,2022-11-23 07:06:16,19729,HR,,0.0,0.0,excellent,-0.6710140295617691
Carol,57,2019-06-07 13:51:18,5484,IT,A,500.0,0.0,needs review,1.1337750383518153
Eve,69,2021-04-09 05:31:08,7151,Operations,,1000.0,0.0,pending,-1.3836160389450538
Alice,19,2022-12-22 18:12:05,19822,,C,1500.0,0.0,pending,-0.5872744949808469
Bob,44,2022-04-03 01:56:26,5223,Sales,,1000.0,1.0,ok,1.1191997927827722
Eve,27,2023-03-29 09:48:16,8052,Finance,D,1000.0,1.0,needs review,-0.6157323605143522
Frank,61,2023-05-15 15:55:03,3935,Operations,A,1500.0,1.0,excellent,-1.286777522198843
Carol,62,2018-02-10 15:26:51,19648,Finance,A,1000.0,0.0,needs review,-0.6488936040320095
Carol,57,2021-05-10 21:30:03,5189,HR,D,1500.0,1.0,ok,-0.555655725217416
Eve,32,2021-05-19 19:10:33,11074,Finance,,500.0,1.0,,0.1540761580581095
Carol,64,2020-10-15 15:42:23,10762,HR,D,1000.0,1.0,,-0.954923332988492
Eve,22,2018-02-21 01:00:37,14615,Operations,,0.0,1.0,ok,0.3614738200360601
Eve,25,2017-10-17 17:06:19,5482,HR,D,1500.0,1.0,ok,-0.3179821932981041
Dave,19,2020-11-25 18:42:18,6429,HR,B,1000.0,0.0,needs review,-0.5943274420447526
Eve,41,2019-10-26 03:48:30,11645,Finance,B,1000.0,1.0,pending,-0.6007418043018595
Frank,46,2020-02-29 12:59:27,4474,Sales,C,0.0,0.0,ok,-0.0032829317334563
Bob,35,2020-12-17 04:55:00,6841,Finance,D,1500.0,1.0,needs review,-0.2531837350451231
Dave,23,2023-08-20 23:42:54,7640,HR,C,500.0,1.0,ok,-0.5047756074825985
Eve,23,2021-08-18 16:52:51,6481,Sales,C,0.0,1.0,pending,0.1895130136886661
Carol,55,2022-01-16 05:17:24,10266,IT,C,0.0,1.0,ok,-1.2894250615498932
Alice,55,2021-04-01 05:11:23,13581,,C,1000.0,1.0,excellent,-1.9590467734833483
Alice,38,2023-06-26 23:21:01,4810,HR,C,0.0,0.0,ok,1.071749219546971
Dave,51,2022-11-27 13:51:27,19920,HR,,500.0,1.0,excellent,1.7355035635155114
Eve,42,2020-11-22 11:27:56,7779,Sales,C,1000.0,1.0,needs review,1.1035237287195374
Dave,42,2021-04-03 23:47:24,18912,Finance,,0.0,1.0,needs review,-0.3468267680541707
Carol,63,2019-10-18 09:04:51,3206,Operations,A,1500.0,1.0,needs review,0.384364291183897
Frank,53,2021-09-29 06:08:13,12244,Sales,B,1500.0,0.0,,-0.2423031102953161
Carol,69,2021-04-14 05:07:38,14804,HR,C,1000.0,0.0,pending,-0.4972901891449325
Frank,38,2023-09-24 00:45:43,14720,HR,A,1500.0,1.0,excellent,2.062017541247941
Bob,46,2019-02-26 03:54:45,11695,Sales,D,1500.0,1.0,needs review,-0.1644073535520754
Dave,63,2018-02-09 07:52:29,16804,,B,1500.0,1.0,excellent,1.5566434384783778
Dave,49,2019-08-05 12:40:05,11961,,D,1000.0,1.0,needs review,-0.7531806767991218
Dave,62,2017-08-10 12:43:43,9158,HR,,500.0,1.0,,-0.1581631004914388
Alice,59,2018-04-07 14:51:55,3796,Finance,D,0.0,1.0,needs review,1.2098513727361244
Frank,40,2019-10-13 16:37:49,4327,Operations,B,1000.0,1.0,,-0.4770744251313042
Dave,47,2019-06-17 07:22:01,18334,Operations,C,1000.0,1.0,excellent,0.984872519769503
Dave,23,2017-07-30 18:43:32,12228,IT,,1000.0,1.0,,1.5687843438990143
Dave,26,2023-01-15 20:08:26,3007,HR,A,0.0,1.0,ok,-0.9769524914263492
Carol,52,2018-03-11 02:46:15,18973,Sales,C,1000.0,1.0,,-2.689852832381387
Eve,66,2017-09-09 20:54:14,17717,Finance,,500.0,1.0,ok,-1.050832426966802
Carol,48,2019-09-07 20:24:10,11410,,,1000.0,1.0,excellent,2.0745362104104577
Dave,37,2020-02-13 00:39:15,9681,IT,D,1000.0,1.0,,-0.0074881194847671
Frank,51,2021-10-04 02:03:11,14550,,A,1000.0,1.0,pending,1.6316060668382866
Bob,39,2020-10-17 10:13:35,14732,Operations,A,1000.0,1.0,excellent,0.896003643741622
Bob,34,2018-04-26 04:01:04,15917,HR,D,0.0,1.0,,-0.0338678014380643
Bob,64,2020-04-15 00:01:39,15479,IT,A,1000.0,0.0,excellent,0.3329470561727948
Frank,54,2020-03-08 11:36:30,15482,IT,D,500.0,0.0,pending,1.197372573954337
Eve,19,2020-05-07 15:23:38,16243,Operations,D,1000.0,1.0,ok,-1.0276694074041297
Carol,68,2017-10-22 00:45:34,18077,Sales,D,1000.0,0.0,needs review,1.0033404647740791
Alice,38,2019-12-25 07:59:59,18563,Sales,B,500.0,1.0,needs review,1.7258800027127883
Carol,19,2020-07-11 22:03:43,18015,Finance,B,1000.0,1.0,,1.012897723139127
Dave,20,2023-06-18 13:50:49,17477,IT,C,1000.0,0.0,excellent,0.8737710766809703
Bob,55,2022-06-05 08:56:29,3584,Sales,,1000.0,1.0,,0.366718032677601
Eve,35,2023-05-25 14:36:50,5780,Sales,A,500.0,0.0,excellent,-0.384372224120717
Alice,39,2018-07-17 21:02:33,5440,Finance,,500.0,1.0,pending,0.8985183951934332
Dave,39,2018-01-25 14:24:37,3032,IT,,0.0,0.0,needs review,0.5378697993464984
Bob,66,2020-03-15 06:20:37,9043,Finance,,0.0,0.0,,1.2084415069663423
Dave,50,2020-03-08 06:54:39,4226,Operations,D,0.0,0.0,excellent,0.3192677414339425
Carol,20,2023-09-11 12:41:47,13667,,C,0.0,1.0,excellent,0.1565370686227169
Frank,28,2017-08-02 11:04:59,5134,IT,B,1500.0,0.0,excellent,-0.5342085106539215
Alice,42,2019-05-05 14:04:37,7409,IT,B,1000.0,0.0,pending,0.11395096406385
Dave,33,2019-03-22 08:49:22,19230,Operations,D,1000.0,0.0,excellent,-0.4310979984329324
Frank,58,2022-10-10 18:02:32,6908,Operations,C,1500.0,0.0,needs review,0.1003735177761568
Alice,35,2022-04-22 20:30:05,16525,HR,A,1000.0,0.0,excellent,-0.0646000835788767
Carol,61,2022-10-02 11:33:40,13612,Finance,,1000.0,0.0,ok,0.5487342569361807
Carol,27,2022-01-07 05:40:49,9898,,B,1500.0,1.0,excellent,0.0308993273610113
Bob,24,2019-04-19 04:41:21,14723,Finance,D,500.0,1.0,needs review,0.0411517372309118
Bob,45,2023-04-09 16:37:31,18976,,C,500.0,1.0,ok,-0.1142516417121834
Frank,68,2017-08-16 16:53:40,17377,HR,,0.0,0.0,pending,0.841299947096183
Bob,38,2019-09-15 11:37:03,4339,Sales,B,0.0,1.0,excellent,-0.8064426554664376
Frank,45,2021-08-21 01:13:37,5517,Operations,D,1000.0,1.0,,-1.23504668769078
Carol,35,2017-09-30 22:16:57,10129,Operations,C,0.0,1.0,excellent,0.7854554696579858
Carol,59,2019-06-20 21:40:34,10543,Finance,B,0.0,1.0,,0.8822628345999599
Eve,38,2023-05-11 14:20:02,19456,Sales,D,0.0,0.0,needs review,-0.258739601925303
Bob,63,2019-06-12 22:20:16,3552,Sales,C,1500.0,1.0,needs review,-1.2899171756448264
Eve,29,2021-07-05 01:14:26,12097,HR,C,1000.0,1.0,needs review,-1.398597955577866
Frank,58,2019-09-05 06:53:34,10056,IT,,1000.0,0.0,pending,0.8596881869986394
Eve,44,2021-05-23 20:39:44,15872,IT,C,1000.0,1.0,excellent,0.4761438137972331
Alice,61,2021-04-10 12:48:39,8951,Operations,C,500.0,1.0,,1.352577386532016
Bob,50,2018-12-06 22:18:08,8645,,C,1500.0,1.0,excellent,0.5628754858614708
Dave,61,2023-06-01 00:46:40,5744,Sales,B,500.0,1.0,excellent,-0.9919981231912964
Frank,25,2018-08-29 10:25:12,4843,,,0.0,1.0,,0.4317752212707477
Bob,50,2020-02-14 00:22:56,8900,IT,D,1000.0,1.0,,1.6736521069139805
Dave,39,2021-05-21 02:16:41,6570,,A,1000.0,1.0,needs review,-0.0423556400879788
Dave,44,2022-07-15 15:32:25,17249,,B,1000.0,1.0,needs review,1.90205389164993
Eve,44,2020-11-18 06:21:25,4018,IT,,500.0,1.0,ok,1.0986174068629453
Eve,46,2020-06-10 01:36:44,8887,Finance,B,500.0,1.0,needs review,-1.5494742335121907
Alice,43,2018-05-07 01:10:58,7279,Operations,B,0.0,1.0,excellent,-1.3613052286060772
Bob,51,2018-02-21 10:46:00,3386,Sales,D,0.0,0.0,pending,0.5430114503280845
Carol,27,2021-02-09 09:27:25,18987,Finance,C,1000.0,1.0,pending,3.522035526627256
Alice,44,2023-02-22 16:53:19,12578,IT,D,500.0,0.0,,0.3326931543532354
Eve,67,2020-03-24 03:48:28,3382,Sales,B,500.0,1.0,,0.924705664515141
Alice,44,2023-10-30 00:02:15,6535,,A,1000.0,0.0,,-0.0239341404226993
Dave,53,2020-12-14 11:12:50,19963,Sales,C,1000.0,1.0,excellent,-0.587375204729985
Alice,18,2021-06-23 21:55:52,9466,Sales,A,0.0,1.0,pending,0.0643580092759102
Alice,25,2023-08-14 20:11:27,5957,Finance,C,1500.0,1.0,,-1.4374408761565858
Dave,39,2021-08-11 01:11:55,7414,Sales,C,0.0,0.0,pending,-0.9642304618267412
Frank,18,2017-10-03 04:45:29,13460,,D,1000.0,1.0,pending,1.7810361344357617
Bob,45,2023-07-13 08:28:27,14122,Operations,B,0.0,0.0,,-0.3685196646009983
Bob,65,2019-09-15 16:12:35,7999,,B,1000.0,0.0,pending,-0.7896170945935413
Dave,33,2019-06-14 07:21:51,9797,Sales,,0.0,1.0,pending,0.1886212957385428
Dave,51,2022-06-18 21:37:20,15339,HR,C,1500.0,1.0,,0.1521105703395978
Alice,33,2017-09-13 06:36:27,16165,Finance,,0.0,1.0,ok,-0.684741053340774
Alice,56,2019-12-12 04:23:32,5966,Sales,C,1000.0,0.0,excellent,-0.0620374049243151
Dave,40,2020-02-07 20:28:55,10841,,C,1500.0,0.0,pending,1.0228041542675417
Dave,67,2022-01-25 21:24:12,7395,Operations,A,1500.0,1.0,pending,0.1123580127994945
Carol,53,2021-10-27 03:17:17,16886,,D,1000.0,1.0,ok,-2.726855726185883
Bob,28,2021-10-11 21:18:41,11602,Sales,C,500.0,0.0,pending,0.260369354780278
Bob,49,2017-11-15 22:45:38,12494,HR,A,500.0,0.0,needs review,0.9352525210625396
Carol,53,2022-10-16 05:46:46,19742,,D,1000.0,0.0,ok,0.6585727328993108
Carol,26,2018-09-11 16:21:09,5951,IT,D,1000.0,0.0,,1.239120394634189
Frank,29,2021-03-07 05:55:23,3594,Operations,A,500.0,1.0,ok,1.555807053768257
Bob,65,2017-08-27 19:49:25,18008,,D,1500.0,0.0,excellent,0.2698596247971037
Bob,40,2018-10-28 04:23:42,6368,Operations,,1000.0,1.0,,1.7895138780013014
Dave,33,2020-03-20 04:55:31,4203,,D,1500.0,1.0,pending,-0.2117952684637396
Frank,67,2022-05-17 13:04:37,14245,Sales,,1500.0,1.0,,-1.3509350350737872
Bob,56,2021-07-29 07:06:08,19528,Finance,D,1000.0,1.0,ok,0.9794086512920264
Frank,65,2021-09-13 19:50:25,5930,Operations,C,1000.0,1.0,excellent,1.039193926481996
Frank,61,2023-06-08 13:12:09,13200,HR,C,1000.0,0.0,ok,-0.3950356637764262
Frank,50,2020-02-05 01:41:07,13078,,A,1500.0,1.0,excellent,-1.188290094680205
Alice,45,2022-09-09 06:37:24,5085,Finance,A,1000.0,1.0,ok,-0.0332098643283497
Eve,68,2019-04-03 01:48:46,17777,Finance,A,1000.0,1.0,pending,0.9781573272248576
Dave,49,2020-09-10 23:30:05,18640,Operations,C,0.0,1.0,needs review,-1.492189766343525
Bob,46,2021-03-26 18:36:43,18245,,C,1500.0,1.0,excellent,-1.630079693304268
Alice,68,2021-01-01 02:04:47,5652,HR,D,1000.0,1.0,pending,-0.4652692677208742
Dave,53,2020-05-27 16:32:45,12577,,,1500.0,0.0,excellent,-2.208340846933535
Alice,61,2017-12-30 06:27:01,19243,Sales,C,1000.0,0.0,excellent,-0.4705585989894543
Alice,50,2020-05-26 02:45:14,8624,Sales,A,0.0,0.0,excellent,1.1188204828336712
Eve,21,2018-02-11 01:40:05,4591,Operations,,1000.0,1.0,pending,-0.1090239718109106
Eve,34,2021-08-24 01:21:42,14761,Sales,C,1000.0,1.0,pending,-0.8085594801160256
Bob,61,2019-10-05 16:44:04,3069,Finance,B,1000.0,1.0,pending,1.182508129740901
Frank,23,2023-10-22 06:21:41,4815,Sales,C,1000.0,0.0,ok,0.3779180148592282
Eve,48,2021-04-27 22:25:07,10017,,A,500.0,1.0,ok,0.1095553405551288
Carol,66,2020-04-15 15:58:12,12171,Finance,,500.0,0.0,ok,-1.991789165363899
Bob,40,2020-08-16 06:17:03,7356,Operations,B,1000.0,0.0,ok,2.059481376963092
Eve,21,2020-12-15 03:42:51,10457,Finance,B,1000.0,1.0,ok,0.0030406869636824
Frank,37,2018-05-06 12:42:46,6679,,C,500.0,1.0,pending,0.2634804374746232
Dave,62,2023-06-06 17:53:58,18764,Finance,B,500.0,0.0,needs review,-0.5544401334952018
Eve,35,2019-01-23 19:54:12,7624,HR,D,1500.0,1.0,excellent,-0.9500557619070348
Eve,25,2023-05-22 13:07:25,6061,,B,1500.0,1.0,,-1.2212135032675395
Bob,28,2022-05-31 13:29:15,18958,,B,1500.0,0.0,pending,-1.3317294104204094
Frank,29,2021-05-30 04:33:45,18114,Finance,A,500.0,1.0,ok,-0.611403643828901
Frank,28,2022-12-20 10:45:42,3589,Finance,C,1500.0,1.0,excellent,-1.016708918226431
Eve,26,2019-07-20 00:30:08,7485,Sales,A,1500.0,1.0,needs review,-0.7076155706968973
Frank,20,2020-01-21 19:18:02,3995,IT,C,1000.0,1.0,needs review,2.549975735952742
Frank,41,2020-03-05 04:02:03,16425,Sales,D,1500.0,1.0,ok,-0.8325137570168831
Dave,22,2018-08-18 08:41:44,5192,Finance,C,0.0,1.0,excellent,0.4199302120016721
Frank,58,2020-08-22 06:08:44,3642,HR,D,0.0,1.0,,0.2127023975360786
Dave,33,2023-07-25 08:30:50,12832,Operations,D,1500.0,1.0,ok,0.6688063805117325
Bob,19,2017-07-20 19:39:48,13083,IT,A,1000.0,0.0,pending,0.2170143445495984
Frank,58,2020-07-12 08:53:04,7468,Sales,B,1000.0,1.0,needs review,-1.555711044123586
Eve,66,2023-04-05 20:00:59,12555,HR,B,0.0,0.0,pending,-0.1688665672779341
Carol,57,2021-03-20 16:50:57,16804,Sales,B,1000.0,0.0,needs review,-0.3644020420207766
Carol,49,2021-12-09 07:19:07,11662,,D,1500.0,1.0,ok,-2.092102947801103
Bob,48,2023-04-26 15:14:59,8546,HR,C,1500.0,1.0,pending,1.015312918695127
Alice,41,2022-11-17 18:29:19,11683,,C,1000.0,0.0,ok,1.1018253607131192
Bob,25,2019-06-18 15:54:45,8303,Operations,,500.0,1.0,pending,1.57829885723528
Carol,61,2020-12-01 20:34:55,11776,Finance,B,0.0,1.0,needs review,-0.9640175030424512
Alice,34,2018-10-07 21:02:58,13826,IT,B,0.0,1.0,excellent,-1.6506238934519546
Dave,37,2020-03-17 00:05:41,11260,HR,,500.0,1.0,excellent,0.3506512893255747
Dave,22,2020-06-26 11:09:03,12297,IT,,1000.0,1.0,ok,0.7896050644563761
Dave,46,2021-02-14 12:45:08,6896,Sales,A,1000.0,1.0,ok,1.0752088417030994
Bob,59,2019-07-12 22:39:36,12793,Finance,D,1000.0,1.0,ok,1.5953843416228422
Frank,38,2019-07-12 09:03:50,19973,Sales,,1000.0,1.0,needs review,1.8019342899372328
Eve,43,2023-05-31 14:17:12,4470,Finance,B,0.0,1.0,,-0.3715184972068214
Frank,19,2017-10-29 21:08:53,5298,Operations,C,1500.0,1.0,excellent,1.26330915462574
Dave,19,2020-04-02 08:56:31,9086,HR,B,1000.0,1.0,,0.6469963208626756
Alice,24,2022-11-29 21:31:46,18049,Sales,A,1500.0,1.0,pending,-0.0373301625788263
Alice,18,2020-06-18 10:09:02,15561,HR,C,1000.0,1.0,,0.2915565661742243
Bob,23,2018-01-08 12:33:05,7370,Sales,A,500.0,1.0,,1.5424243138858142
Dave,22,2022-10-24 15:20:35,9163,IT,A,0.0,0.0,excellent,-1.034303393077988
Eve,21,2022-09-25 02:54:52,7981,Finance,D,1000.0,0.0,,-0.1070859736844244
Alice,57,2018-11-06 05:07:41,10483,Operations,A,0.0,0.0,ok,0.4711578502700731
Frank,67,2023-05-09 14:52:23,11397,,,1500.0,1.0,needs review,-0.764231901614435
Frank,58,2020-08-20 03:22:03,18718,Operations,A,1000.0,0.0,,0.1020984590253607
Frank,24,2021-01-31 14:01:51,3192,Finance,A,1000.0,0.0,,0.8622110497689605
Carol,51,2023-01-30 16:35:53,3348,HR,A,1500.0,1.0,excellent,0.5337758641908682
Frank,34,2017-07-17 07:43:30,16443,,A,1000.0,1.0,needs review,-1.9620910967332428
Alice,60,2021-04-17 02:24:23,15990,Operations,D,500.0,1.0,,1.7179503929142423
Carol,52,2017-07-27 21:53:55,7025,IT,B,0.0,1.0,,-0.1856193168755011
Dave,50,2018-04-25 15:24:28,16231,Sales,B,500.0,0.0,ok,-1.5903870272716507
Frank,59,2020-03-28 06:17:27,19715,IT,B,500.0,1.0,needs review,0.2194643909536445
Carol,31,2023-02-26 10:08:53,13285,Sales,C,0.0,1.0,,0.4167567361714162
Frank,21,2021-06-16 01:53:45,15730,,C,500.0,1.0,pending,-0.003857599606472
Frank,49,2020-09-28 20:33:40,7325,Sales,,1500.0,1.0,excellent,-0.4854903501638024
Bob,34,2020-11-04 23:57:46,5413,Operations,A,500.0,1.0,pending,-2.1082079223720798
Frank,43,2022-05-01 01:36:34,18066,Finance,A,500.0,0.0,needs review,-1.1908739646307145
Eve,26,2023-09-16 08:58:53,17196,HR,B,500.0,0.0,needs review,0.1410336270856539
Bob,34,2017-09-03 20:04:44,6785,Operations,D,1000.0,1.0,needs review,-0.1110425910298524
Bob,64,2023-09-04 07:23:54,9735,Finance,A,1500.0,1.0,excellent,-0.1350540234460924
Dave,46,2018-09-05 16:18:20,7827,,A,1000.0,1.0,excellent,0.1968972680918691
Bob,57,2018-06-05 22:08:26,6783,IT,A,1000.0,1.0,ok,-0.6509448446472224
Alice,66,2022-10-18 20:57:00,18581,HR,B,500.0,1.0,pending,-0.4692304341388983
Alice,29,2019-12-28 14:18:05,15155,IT,B,1000.0,1.0,,0.1653822132396182
Carol,27,2023-08-04 19:42:54,5093,IT,,500.0,1.0,pending,0.3726786096389261
Dave,67,2022-10-06 13:26:11,6316,Operations,,1500.0,0.0,excellent,-0.4507232763653228
Alice,18,2022-12-23 11:06:21,11423,Sales,C,1000.0,1.0,ok,-0.3310885714981223
Dave,61,2019-07-15 13:20:52,7510,Operations,C,0.0,0.0,,1.2905929723060765
Carol,41,2017-08-29 23:44:04,13786,HR,,0.0,1.0,excellent,0.1986537358975885
Carol,50,2017-08-16 13:10:01,10969,HR,B,1000.0,0.0,pending,-1.0966341097270351
Dave,47,2020-11-16 02:45:38,11581,,,0.0,1.0,excellent,0.4908507602704426
Alice,68,2018-06-17 19:26:09,15190,HR,C,500.0,1.0,needs review,-0.677985341520508
Dave,55,2020-05-29 12:58:39,13675,Sales,A,500.0,0.0,excellent,-0.211777220557463
Carol,22,2017-08-15 19:59:48,19870,IT,,1500.0,1.0,needs review,-0.7554595629796229
Carol,26,2023-08-09 16:27:42,12632,Operations,B,500.0,0.0,pending,0.6191480811593605
Bob,23,2022-06-26 21:25:32,15776,,C,0.0,0.0,needs review,0.0080024230533983
Frank,43,2017-09-05 07:41:32,8973,Operations,A,1000.0,0.0,pending,0.4861297402267793
Frank,53,2018-03-25 20:21:18,16683,Sales,C,1000.0,1.0,needs review,-1.2860905230898156
Dave,54,2022-08-27 22:57:52,16638,Sales,A,500.0,1.0,ok,-0.0540442107615751
Carol,43,2019-08-05 16:00:06,7949,Operations,B,1000.0,0.0,ok,1.2840571640184018
Carol,48,2019-01-31 04:16:16,6763,Operations,A,1000.0,0.0,excellent,-1.5531318199196762
Eve,28,2019-05-29 08:04:16,13949,Finance,C,1500.0,1.0,,0.225726658942062
Dave,53,2022-10-10 02:46:37,16386,Sales,C,0.0,0.0,pending,-0.8073335878913764
Dave,24,2018-09-17 06:06:44,3234,Operations,B,500.0,1.0,excellent,0.201356927596015
Carol,40,2019-08-11 19:31:10,16661,Sales,A,1500.0,1.0,excellent,-0.1117045011515405
Alice,54,2022-04-30 01:10:14,15162,Finance,,0.0,0.0,excellent,-2.148150664446151
Carol,27,2018-06-16 13:04:11,15560,IT,C,1500.0,0.0,pending,-0.5644681689532425
Eve,18,2021-07-13 06:17:45,7118,Finance,A,500.0,1.0,excellent,0.38944411189814
Alice,22,2017-08-09 16:24:14,15615,HR,,1500.0,1.0,pending,0.1868512919221562
Frank,25,2021-11-02 20:11:21,10071,Finance,A,0.0,0.0,pending,-0.9191188199701352
Frank,34,2018-10-09 01:47:06,15764,HR,,1500.0,0.0,,0.6399875481406272
Carol,45,2019-03-18 07:12:53,9926,HR,D,500.0,1.0,needs review,-0.714234219987453
Bob,19,2023-06-29 12:51:26,6350,IT,D,1500.0,1.0,needs review,-0.5686713314306273
Frank,46,2019-09-20 23:32:46,12608,IT,C,0.0,1.0,ok,-0.3908579142264936
Dave,63,2020-03-14 17:27:24,6413,,C,1000.0,1.0,ok,-0.0585734697705508
Bob,19,2020-03-28 06:01:33,14497,Sales,A,1000.0,1.0,ok,0.352353022143938
Frank,47,2018-01-20 10:04:09,12597,Finance,D,0.0,1.0,ok,0.6531616014753291
Frank,20,2022-05-10 20:35:06,13075,Sales,B,500.0,0.0,pending,-1.3378743519878518
Frank,36,2023-04-13 09:40:15,7689,,A,1000.0,1.0,ok,0.4421439142617054
Carol,22,2017-09-14 18:28:55,11536,Finance,B,1000.0,1.0,pending,-0.6099831060119453
Eve,37,2019-02-16 14:43:02,3396,Sales,D,1000.0,1.0,needs review,0.4536086426767094
Bob,45,2017-11-20 18:40:11,14754,Operations,A,0.0,1.0,excellent,0.4822514887176858
Frank,46,2021-12-11 04:02:38,10276,HR,C,1000.0,0.0,,-0.7962231248457639
Frank,23,2023-07-31 14:44:54,8049,HR,,500.0,0.0,needs review,-0.8407372939188764
Eve,53,2023-06-17 01:05:26,9995,Operations,B,1000.0,0.0,ok,1.0247741882605377
Frank,60,2018-08-07 06:51:47,19695,Operations,,1500.0,1.0,ok,-3.3981901558023897
Carol,60,2023-06-24 14:42:34,19241,,A,0.0,1.0,ok,-0.6505633014281729
Alice,65,2023-04-12 13:31:31,19781,Sales,B,0.0,1.0,,0.2855384853395383
Frank,68,2018-10-25 17:45:12,7222,Finance,D,1000.0,1.0,needs review,-2.094832245629714
Alice,28,2019-07-19 23:47:52,10841,Sales,A,0.0,0.0,excellent,0.2782763780347569
Alice,54,2023-01-21 21:00:23,10174,,B,1000.0,1.0,,0.8167105225034674
Alice,45,2019-05-04 03:32:35,7896,Finance,B,500.0,1.0,,-0.8438204978808945
Alice,40,2021-11-16 17:05:34,19938,HR,C,1500.0,1.0,ok,0.0379915308258184
Frank,62,2020-11-23 16:31:02,11847,,C,0.0,1.0,excellent,1.286720436349203
Eve,36,2022-10-09 12:36:32,17708,,,500.0,1.0,ok,-0.1589280045273818
Alice,67,2020-12-25 13:43:03,18030,IT,C,0.0,0.0,ok,1.3392430328056817
Eve,66,2017-10-15 01:49:06,13057,Operations,,0.0,1.0,ok,0.8698488671557479
Frank,42,2022-02-11 08:56:52,12040,,,1000.0,0.0,ok,0.0079467053935528
Bob,68,2021-10-02 16:35:45,7935,IT,D,0.0,1.0,,1.1414045860296034
Eve,39,2021-12-10 08:08:55,5518,Finance,D,500.0,1.0,pending,-0.4824866333895427
Dave,49,2019-02-27 21:51:06,14502,IT,,1000.0,0.0,,-0.861353510289731
Alice,58,2023-09-28 20:17:03,5062,Sales,,500.0,1.0,excellent,0.3832686004523561
Dave,42,2023-02-14 18:49:39,10186,IT,D,1000.0,1.0,ok,-0.6794601109992638
Eve,27,2021-08-03 05:02:40,18117,Operations,,0.0,1.0,pending,-0.689533577294724
Carol,52,2020-08-28 04:40:57,15332,IT,C,1000.0,1.0,,-0.1743027248288627
Eve,59,2021-10-30 04:08:49,6891,Operations,,1000.0,1.0,excellent,0.8341786700095227
Carol,25,2018-08-12 11:57:31,8589,Finance,B,1000.0,1.0,needs review,-0.6413449815563136
Eve,27,2021-08-20 22:17:31,14207,Sales,A,0.0,0.0,pending,-0.788052350947494
Alice,48,2017-11-29 12:13:27,19580,Sales,D,1000.0,1.0,needs review,-0.0852889561982772
Frank,20,2018-05-30 03:21:58,17820,Finance,D,1500.0,1.0,,-0.6372770642773641
Alice,36,2018-07-30 06:35:57,17462,,B,1500.0,0.0,needs review,2.067584810603141
Frank,58,2022-01-05 15:32:21,11030,IT,,1500.0,0.0,ok,-0.0945701016723524
Alice,66,2018-08-23 05:38:39,3076,HR,B,1000.0,1.0,ok,-0.0215803199101828
Eve,62,2022-04-28 15:11:43,3827,,B,1000.0,1.0,needs review,-0.2261553322738194
Alice,68,2020-02-10 09:36:50,18777,HR,C,1500.0,1.0,excellent,-0.7728549544596217
Dave,63,2022-06-22 11:46:15,9474,HR,C,1500.0,1.0,excellent,-0.6435002159521921
Bob,27,2019-09-12 03:53:22,19104,Sales,A,1500.0,0.0,needs review,-1.268824502705915
Carol,59,2020-10-18 18:45:50,8186,Finance,B,500.0,1.0,pending,-1.3778673353857596
Carol,52,2019-05-22 23:59:07,6512,IT,D,1000.0,1.0,needs review,0.4647604791571696
Eve,31,2019-08-15 04:25:40,18226,IT,C,0.0,0.0,pending,0.1526717849070772
Bob,61,2020-09-20 01:49:50,9906,Sales,B,1500.0,0.0,excellent,-0.1472191890628672
Dave,49,2020-06-19 18:28:54,14212,,,0.0,0.0,excellent,-1.3390758033649368
Dave,31,2019-05-22 07:51:11,19002,Sales,A,500.0,1.0,needs review,-2.0347988194292705
Bob,33,2017-11-28 02:40:47,7461,HR,,500.0,1.0,pending,-0.5423585280626072
Carol,23,2020-07-09 05:50:32,12905,Sales,D,1500.0,1.0,pending,0.4607581623258191
Dave,35,2021-09-15 20:23:03,19414,Sales,B,1500.0,1.0,ok,-0.6288826524592613
Carol,44,2018-10-11 22:37:31,18165,Operations,A,1500.0,1.0,pending,-1.17169780549555
Dave,58,2022-04-24 10:24:13,5888,,,0.0,1.0,ok,0.5831823333936732
Frank,37,2022-03-19 19:00:49,14562,HR,C,1000.0,0.0,ok,0.4061962078467189
Alice,65,2023-06-07 12:13:00,17679,IT,D,1500.0,1.0,excellent,1.4243143291156417
Dave,47,2018-10-01 18:32:27,6475,Operations,D,500.0,1.0,excellent,0.0408657181573269
Bob,39,2019-01-11 11:42:14,14149,HR,D,1500.0,1.0,needs review,0.3425066266139117
Carol,30,2022-07-24 14:21:08,3068,HR,D,0.0,0.0,pending,-0.451287022286438
Frank,19,2018-06-25 09:33:05,3202,,D,1000.0,1.0,pending,-0.5215575896365019
Dave,61,2023-09-08 08:27:47,16997,Operations,B,1500.0,1.0,excellent,0.8150108032994221
Eve,41,2018-08-09 17:22:07,15057,,B,500.0,1.0,excellent,0.3754594707755745
Alice,52,2020-03-11 14:41:24,6479,,C,1500.0,0.0,pending,0.2374192648301933
Bob,53,2019-07-19 13:35:13,17898,Operations,C,0.0,1.0,,-0.0677455158351625
Alice,20,2018-07-31 20:28:24,19590,Finance,,1500.0,1.0,needs review,-0.3875468154402062
Bob,20,2020-02-21 13:58:14,6531,IT,A,1500.0,0.0,pending,-0.0344235352061574
Eve,59,2018-07-24 16:54:21,10357,Finance,,1500.0,1.0,ok,-1.5705397188694274
Bob,28,2023-01-23 20:30:31,11233,HR,B,500.0,1.0,ok,-0.0540008588364073
Alice,47,2022-01-18 10:27:11,16517,,,1000.0,1.0,needs review,-0.7658373707315638
Dave,56,2019-10-17 20:04:56,19075,Sales,C,1500.0,0.0,,-1.8110209990489767
Eve,47,2020-12-23 19:16:00,8897,Sales,,500.0,0.0,excellent,0.3506536260312544
Carol,59,2020-02-14 03:31:19,11369,IT,A,1500.0,0.0,excellent,0.8610244573728295
Eve,69,2022-11-16 17:22:14,15932,,D,0.0,1.0,,1.589490718826554
Frank,36,2023-10-04 01:55:45,4244,Finance,B,1000.0,1.0,ok,-0.7444627028529079
Carol,47,2021-10-31 02:13:52,15707,,B,0.0,1.0,excellent,-0.523713608337791
Bob,32,2022-01-30 03:36:04,13647,Finance,B,1500.0,1.0,needs review,-0.5782018891059829
Alice,40,2019-04-29 17:04:11,15687,IT,A,1500.0,1.0,needs review,-0.3884074472051149
Alice,58,2021-01-14 22:56:43,8095,,D,1000.0,1.0,ok,1.4039417730799992
Alice,54,2018-04-17 10:51:51,8176,HR,B,0.0,1.0,needs review,-0.637042987509038
Bob,61,2023-10-10 04:55:47,3931,Finance,B,500.0,0.0,excellent,0.7933780499299227
Frank,55,2021-10-11 23:48:17,17846,IT,,500.0,1.0,pending,0.4550999576380809
Frank,25,2021-01-14 08:15:33,6660,IT,D,1500.0,0.0,excellent,-0.5635812113496587
Alice,65,2020-03-16 16:40:32,4328,Operations,A,1000.0,0.0,,0.4482801286840606
Eve,21,2018-12-03 18:10:35,15593,IT,A,1000.0,1.0,excellent,-0.7155358203364592
Frank,26,2017-11-05 16:10:23,4475,IT,C,1000.0,1.0,,0.3144270224017091
Frank,58,2018-10-05 19:37:45,10893,IT,A,1000.0,0.0,ok,1.6725651787154905
Dave,41,2023-09-16 22:15:58,9763,Operations,D,1000.0,0.0,excellent,0.6288750109117976
Eve,35,2019-08-24 01:27:00,13819,Operations,A,1500.0,1.0,,-0.451193675991009
Alice,43,2023-02-12 16:51:57,11757,Finance,,1500.0,1.0,excellent,-1.3411316771731625
Eve,60,2023-01-21 17:48:15,7004,Finance,B,0.0,1.0,pending,-1.104228242046445
Carol,37,2019-05-28 07:08:40,17069,Finance,B,0.0,1.0,needs review,-0.7884726883962888
Bob,43,2021-11-11 16:32:08,4127,Finance,B,500.0,1.0,excellent,-0.0964356434839262
Carol,50,2018-02-16 13:22:53,5801,Operations,B,1000.0,0.0,needs review,-1.434366650878725
Eve,23,2018-05-07 06:23:45,6677,,B,1000.0,1.0,pending,-0.4193191790239469
Carol,52,2021-04-17 21:08:28,7824,Finance,,0.0,1.0,ok,0.6251915808512589
Eve,61,2018-08-27 18:31:14,5962,IT,B,500.0,0.0,,0.155758775216527
Carol,29,2023-10-24 12:24:06,10264,Operations,,0.0,1.0,needs review,0.4478698935254667
Dave,41,2020-12-30 22:20:40,5874,Operations,B,0.0,1.0,needs review,0.7540290556584168
Bob,53,2023-04-13 18:20:20,7551,,A,0.0,0.0,excellent,0.0780365572059888
Alice,46,2018-03-17 10:13:29,19899,Sales,D,1500.0,1.0,excellent,-1.0476468325048305
Frank,61,2018-03-19 10:45:16,12189,Operations,,1000.0,1.0,needs review,-0.4663971965795818
Frank,43,2020-05-18 15:55:40,19135,HR,A,500.0,1.0,ok,-0.3091686715265685
Carol,18,2023-02-19 17:00:32,9297,HR,B,1000.0,1.0,pending,-0.0385439360758924
Alice,55,2022-10-22 20:22:03,18345,Finance,A,0.0,1.0,ok,-2.743680493264402
Bob,21,2023-07-25 17:19:39,9845,Sales,D,0.0,0.0,,-1.0462156270893432
Bob,67,2021-11-02 16:48:11,17953,Sales,,1500.0,1.0,excellent,0.8513352956574544
Alice,37,2023-05-08 00:30:17,11173,Operations,A,0.0,1.0,ok,-2.501890616980526
Alice,57,2017-08-16 04:15:00,13313,Sales,D,0.0,0.0,needs review,-0.1613310499505986
Dave,35,2018-03-05 20:30:16,15763,Finance,A,1500.0,1.0,excellent,0.3545439280958506
Eve,46,2021-12-24 04:19:28,15836,Finance,,1000.0,1.0,needs review,1.0222433809835991
Eve,26,2019-06-23 04:42:31,18158,HR,B,0.0,0.0,,-1.1213721119180382
Eve,29,2023-06-13 01:45:13,18621,IT,C,1000.0,1.0,pending,0.3087424427521572
Carol,62,2023-06-23 16:56:30,10014,Finance,D,1000.0,1.0,pending,0.9864843035534578
Eve,29,2022-11-15 07:46:04,19307,,B,1000.0,0.0,excellent,-0.2904391801293948
Carol,34,2023-03-29 08:04:14,5571,Finance,A,1000.0,0.0,needs review,1.0597023128716423
Carol,34,2018-06-17 02:25:53,3853,HR,C,1000.0,1.0,,0.0234874337050281
Eve,40,2018-05-03 03:28:33,6196,Sales,A,1000.0,1.0,ok,0.4220214935530036
Dave,45,2022-02-28 21:53:48,13750,Sales,B,1500.0,1.0,ok,0.0149237354935806
Bob,66,2019-05-19 02:30:54,11795,IT,D,500.0,1.0,,0.1385913911062482
Eve,45,2022-05-21 06:42:21,6194,Finance,C,1000.0,1.0,pending,1.0293479278281092
Eve,27,2022-07-08 21:39:33,9897,HR,B,0.0,1.0,excellent,-0.2641394290577559
Frank,55,2018-06-16 23:47:27,8427,Finance,A,500.0,1.0,needs review,0.8905860130067025
Eve,51,2018-06-03 17:48:07,11415,Finance,,1000.0,1.0,excellent,-0.5848084613223486
Frank,62,2020-12-15 07:28:34,6885,Sales,B,1000.0,0.0,pending,-0.3271869256810225
Alice,51,2021-10-24 10:02:58,19278,IT,D,1000.0,0.0,,0.5527435818405981
Alice,20,2018-03-29 02:02:58,5052,Sales,C,0.0,1.0,,0.4867677167391358
Dave,53,2022-05-28 03:57:56,11338,HR,A,1000.0,0.0,pending,0.5471466853886195
Bob,31,2020-03-19 00:04:45,4563,IT,A,0.0,0.0,,1.61567042552303
Bob,43,2023-02-11 17:05:54,14586,Sales,,1500.0,1.0,needs review,-0.0110181728955944
Frank,68,2018-03-18 19:35:35,5507,HR,,1500.0,0.0,pending,1.4432258430932707
Bob,50,2020-11-14 03:02:06,8616,Sales,B,1000.0,0.0,excellent,-0.5098147979030069
Dave,38,2018-05-17 07:59:59,9692,IT,,1000.0,1.0,,-0.7978202011268973
Carol,48,2023-06-30 18:18:31,14227,Sales,,1500.0,1.0,needs review,1.0567162654535105
Alice,31,2019-04-17 12:48:19,10061,Finance,B,1500.0,1.0,pending,1.01959130981999
Carol,67,2018-11-27 07:18:25,19161,Finance,B,0.0,1.0,ok,-1.4488787444882485
Frank,63,2023-09-06 20:38:07,4876,HR,A,1500.0,0.0,pending,-0.6100637648260367
Frank,42,2021-06-18 08:12:32,18123,HR,A,1500.0,1.0,pending,1.3590479097571515
Dave,64,2021-07-12 03:04:07,16394,,D,1000.0,0.0,needs review,0.7813331427569007
Bob,25,2019-06-04 11:11:17,16845,IT,,500.0,1.0,,1.1586178133259288
Eve,27,2021-07-08 06:47:13,16435,Operations,D,500.0,1.0,,0.6749292920902706
Alice,48,2020-11-02 11:18:00,4709,IT,,1000.0,1.0,,0.9442938980852555
Frank,32,2018-07-07 04:08:10,17204,Sales,D,500.0,0.0,needs review,-1.270431089182691
Eve,61,2018-01-18 04:39:45,14152,Operations,C,500.0,0.0,pending,0.2308579850342023
Alice,34,2019-12-15 18:47:31,14656,,C,1000.0,0.0,needs review,-1.7896305132592278
Bob,41,2022-08-06 08:23:45,3259,Operations,A,1500.0,1.0,needs review,-0.2229660477345012
Frank,26,2022-04-28 20:05:28,12070,HR,A,1000.0,1.0,excellent,0.7295951497311092
Alice,65,2020-06-10 15:58:58,14772,,B,1000.0,1.0,needs review,0.0569393960051198
Dave,42,2019-03-03 08:19:11,7337,Operations,C,1000.0,1.0,needs review,-0.2737519066541596
Eve,57,2021-12-25 00:41:17,19113,Sales,A,1500.0,1.0,pending,-0.0391628250405778
Alice,44,2023-09-10 15:36:00,4245,Operations,B,1500.0,1.0,needs review,0.4620397949938319
Alice,30,2018-06-16 09:31:12,5327,Sales,D,1000.0,0.0,pending,0.5439815413692632
Frank,59,2023-09-13 22:52:29,9580,Finance,A,0.0,0.0,needs review,0.7421912083866957
Alice,68,2018-04-27 19:07:36,11699,Operations,C,0.0,1.0,ok,-0.8150017410134107
Dave,53,2022-05-09 18:11:26,9699,Operations,A,500.0,1.0,needs review,-1.8210389806711416
Eve,21,2021-05-15 06:09:25,9101,Finance,,1500.0,0.0,excellent,0.8468663805004671
Frank,56,2019-01-14 09:38:43,4143,Operations,A,0.0,1.0,ok,-0.5680624028976636
Carol,54,2023-09-24 18:03:01,3925,Finance,D,0.0,1.0,ok,-0.8641872365230115
Bob,31,2019-11-18 19:51:30,5696,Finance,C,1000.0,1.0,,-0.9383606296772266
Bob,66,2020-03-31 18:01:31,17640,Sales,C,0.0,0.0,ok,0.032108688690142
Dave,69,2023-08-08 09:53:29,13201,HR,A,1000.0,0.0,ok,-1.052548632529334
Dave,63,2022-09-24 22:51:58,19648,,A,1500.0,1.0,ok,0.5945411523061196
Bob,42,2018-10-30 05:20:01,7472,Finance,C,1000.0,1.0,,-1.3643058501273937
Eve,18,2022-01-07 02:25:17,14646,Operations,D,1000.0,1.0,ok,-0.196941168856205
Alice,53,2022-12-06 06:34:19,17972,Finance,,0.0,1.0,ok,-0.8273449519049076
Bob,24,2021-02-15 03:07:50,14425,IT,A,1000.0,1.0,pending,2.33908767471029
Carol,60,2022-06-08 22:40:37,15396,HR,B,1000.0,1.0,excellent,-0.0900075922567843
Frank,61,2022-05-31 06:21:54,18853,Operations,A,0.0,1.0,pending,-0.5882805332981447
Alice,58,2020-06-24 10:02:34,10997,IT,,1000.0,1.0,,-0.8199640095184562
Carol,24,2022-03-01 01:07:22,14892,IT,C,0.0,1.0,needs review,-0.1728115990145933
Frank,64,2018-07-18 07:06:31,12238,IT,D,500.0,1.0,excellent,-0.3517190929001383
Carol,44,2018-01-10 13:01:53,14782,Operations,,1000.0,1.0,needs review,-1.0344972551853713
Frank,58,2021-06-14 23:41:33,7907,IT,D,0.0,0.0,,-0.9568787327443002
Eve,35,2020-07-25 15:58:53,15250,Sales,A,1000.0,0.0,excellent,-1.020672246749892
Alice,21,2021-04-02 23:10:32,11339,Sales,D,1500.0,0.0,excellent,-0.0015342286142701
Alice,60,2019-09-15 19:43:06,12154,Operations,D,1000.0,1.0,pending,-2.280392150860357
Carol,68,2020-06-18 22:42:41,15874,Sales,B,0.0,1.0,excellent,-0.7312746051601235
Bob,42,2018-01-17 17:41:59,5016,Sales,,500.0,1.0,ok,0.1965748075741845
Frank,21,2020-09-28 14:28:34,10250,Sales,,1500.0,1.0,excellent,-1.6250312932093502
Eve,32,2021-12-12 08:44:14,17158,IT,A,1000.0,1.0,excellent,1.743195569847043
Frank,55,2020-04-14 11:40:47,11909,IT,A,1500.0,0.0,needs review,0.9266139859170324
Frank,36,2018-09-25 09:04:36,5218,HR,C,1500.0,1.0,pending,-0.4004230252313673
Eve,66,2019-04-06 20:13:49,16717,HR,B,500.0,1.0,needs review,-0.3701433646268936
Carol,30,2017-07-14 13:32:42,9396,Finance,,1000.0,1.0,,-1.909478404408535
Bob,60,2023-04-30 18:13:24,9263,,,1500.0,1.0,excellent,-1.25075767058356
Bob,51,2019-07-15 23:32:31,19189,,,0.0,1.0,,-0.948064061282722
Frank,54,2019-07-28 15:00:27,9124,Sales,A,1000.0,0.0,needs review,-0.5908746485527631
Bob,61,2020-08-07 11:15:07,3498,IT,D,1000.0,0.0,ok,1.1165512474729402
Carol,31,2022-05-18 09:31:14,4835,HR,A,1500.0,1.0,ok,0.2119973018895021
Carol,19,2023-01-12 22:42:31,4142,Sales,C,500.0,0.0,pending,0.25655751696993
Alice,29,2023-08-12 06:04:41,7468,Sales,C,1000.0,1.0,excellent,-0.3353057151843457
Carol,44,2018-02-23 19:45:24,11745,Finance,B,1000.0,1.0,excellent,1.029502668509518
Alice,67,2018-03-22 10:36:17,19388,HR,B,1000.0,0.0,needs review,1.556450366753993
Carol,68,2019-04-30 18:53:44,9624,HR,,1000.0,0.0,ok,0.4147088409296922
Alice,41,2019-10-18 12:53:21,5659,Finance,,1000.0,1.0,ok,-0.0876158027181233
Carol,39,2022-09-13 21:55:04,4766,,A,500.0,1.0,pending,-0.6796112817650923
Alice,37,2022-06-28 20:41:14,6331,Finance,C,1500.0,1.0,ok,-0.4323773222032701
Frank,19,2020-02-16 13:41:00,3072,,A,500.0,0.0,excellent,-0.324170374932246
Carol,49,2022-12-15 01:55:14,13796,,A,1000.0,1.0,excellent,0.4211907248715791
Eve,69,2023-03-10 10:05:51,12673,Operations,A,500.0,0.0,pending,0.5954241268606154
Bob,40,2018-09-02 15:12:52,5140,HR,B,1000.0,1.0,pending,-0.3141932357921154
Carol,63,2019-05-25 08:29:30,15816,Sales,B,1500.0,1.0,ok,-0.5755675113803957
Frank,25,2018-09-09 16:10:11,15730,,A,1000.0,0.0,ok,-0.3483969749160215
Carol,41,2021-09-26 01:10:51,9763,Sales,B,1500.0,1.0,pending,-0.5214422618195416
Carol,30,2018-10-21 11:57:30,16046,Sales,A,1000.0,1.0,,-2.23172199662245
Carol,22,2018-04-21 14:48:11,10359,,B,500.0,1.0,pending,-1.698045517053836
Bob,42,2022-04-16 19:39:35,3264,Operations,D,1500.0,1.0,pending,-0.2104025231726175
Carol,27,2023-10-17 04:29:22,8306,Sales,A,500.0,1.0,needs review,-1.0164816821765903
Alice,32,2020-02-23 17:02:12,12329,HR,B,1500.0,0.0,excellent,-1.4959560281410618
Frank,30,2021-03-23 19:47:30,7536,HR,B,1500.0,0.0,needs review,1.1052345945891
Bob,63,2022-11-18 03:48:11,13785,IT,B,500.0,1.0,,0.7084266694968222
Eve,30,2020-01-07 03:05:17,13090,HR,,1500.0,1.0,pending,-0.1335925762459447
Carol,42,2020-05-30 08:09:07,19198,Sales,,1500.0,1.0,excellent,-1.759452698200895
Carol,27,2020-03-12 05:39:14,17925,Sales,B,500.0,0.0,ok,-1.0315564649608917
Bob,58,2022-12-29 09:01:52,4611,HR,C,1000.0,0.0,ok,-0.2778958620835028
Alice,32,2023-03-21 18:48:44,6256,HR,C,1000.0,0.0,,0.076884403205002
Alice,68,2020-08-30 20:24:55,15039,Sales,D,1000.0,1.0,needs review,0.1635495661011255
Alice,49,2018-02-06 23:29:13,7353,Sales,B,1500.0,1.0,,2.3612054467943397
Dave,66,2019-08-12 14:21:21,5434,Sales,A,500.0,0.0,excellent,-0.379105993790088
Bob,49,2018-10-07 04:47:18,4860,Operations,C,1500.0,1.0,excellent,-1.126639766897977
Alice,29,2017-11-10 02:17:52,8532,HR,B,1500.0,1.0,,-0.2193061724191435
Bob,61,2023-07-18 03:28:49,7873,,,1500.0,1.0,ok,-1.0788915079877714
Alice,33,2021-09-18 13:48:16,7740,,D,1000.0,1.0,pending,-0.593300337778975
Dave,28,2018-10-24 07:48:21,13748,Sales,D,1000.0,1.0,pending,-0.8243097006485336
Dave,27,2023-03-28 08:36:12,12385,Finance,D,0.0,1.0,excellent,-0.7164062025671419
Eve,62,2023-09-30 16:32:41,6985,Operations,D,1000.0,1.0,pending,-0.901825708600148
Frank,47,2020-05-03 15:08:50,6925,Finance,A,500.0,1.0,pending,-0.0347315979135983
Eve,51,2021-02-06 19:43:38,4183,,B,1000.0,1.0,,0.0943869911822887
Alice,49,2019-05-24 19:56:50,19948,Sales,A,0.0,1.0,,-0.7781422408523929
Alice,28,2018-09-09 06:53:10,6582,,D,1000.0,1.0,ok,0.3945359667893968
Frank,18,2023-06-26 14:40:11,9511,IT,C,1000.0,0.0,,-0.1360111099412711
Carol,58,2018-08-18 17:50:43,4075,Operations,,1500.0,1.0,ok,-0.8538393545525624
Alice,42,2022-08-06 09:57:01,19871,HR,C,500.0,0.0,needs review,-0.0803227154768885
Eve,22,2018-01-01 04:21:27,6700,,C,500.0,1.0,needs review,-1.3844880494602971
Dave,64,2019-08-24 18:01:24,17204,Operations,C,1000.0,1.0,pending,1.4949843206348503
Dave,22,2019-05-18 00:04:35,4647,Finance,D,0.0,0.0,ok,-0.2843353389113658
Alice,49,2021-07-17 17:36:38,18797,Finance,D,1000.0,1.0,,-1.331460233908383
Eve,44,2018-06-25 03:40:46,4641,,,500.0,1.0,needs review,0.7016902185743845
Eve,57,2021-01-26 01:46:09,12710,Finance,D,1000.0,0.0,pending,1.9659497985766292
Eve,18,2017-12-07 17:35:31,14737,Sales,D,1000.0,1.0,pending,0.1887488389758378
Alice,52,2020-06-22 00:29:59,11348,Finance,D,1500.0,1.0,ok,-1.6060416404871594
Dave,68,2020-12-14 05:27:35,15025,HR,,1500.0,0.0,pending,0.3188630214004075
Bob,46,2020-08-22 10:41:35,13478,Sales,D,500.0,1.0,excellent,0.2884768066020173
Carol,44,2023-09-22 23:53:47,19338,HR,A,1000.0,1.0,,-0.082847667413714
Dave,31,2021-03-27 07:07:56,8004,Finance,,500.0,0.0,needs review,0.3444751272985489
Alice,48,2018-06-15 23:58:50,16081,Sales,A,500.0,1.0,pending,1.619603934610335
Alice,36,2019-11-22 01:44:46,12280,Finance,D,500.0,0.0,needs review,-0.6746045707458423
Bob,24,2022-04-22 16:48:22,4083,IT,A,1000.0,1.0,pending,1.5419075504327064
Bob,29,2019-02-09 11:56:51,7809,Finance,A,500.0,1.0,pending,-2.3717301466781437
Dave,29,2023-03-31 16:10:19,17056,,B,1500.0,1.0,,-1.7343223839982145
Eve,40,2020-02-04 02:56:31,16696,Sales,D,1000.0,1.0,ok,-2.150138174517006
Frank,55,2020-12-29 11:16:47,5060,,,1000.0,1.0,,-1.5293451386171495
Alice,23,2022-04-12 00:25:27,17518,Operations,,1500.0,1.0,,-0.9050471955371576
Bob,20,2023-10-17 23:56:22,9798,Sales,A,500.0,1.0,ok,1.2382544275844083
Carol,55,2018-02-16 19:32:00,10252,Sales,,500.0,1.0,excellent,0.3974213113242839
Frank,27,2022-04-24 17:16:45,11896,IT,A,1500.0,0.0,ok,0.936341799625848
Frank,26,2019-11-11 17:42:34,11502,HR,C,1500.0,0.0,excellent,-0.1094896388302726
Carol,27,2018-06-03 16:12:19,3347,Operations,D,1500.0,1.0,needs review,-1.1458582402446489
Frank,69,2019-04-25 08:53:04,11798,Sales,A,1000.0,1.0,pending,1.514517560334672
Carol,48,2023-02-15 20:57:48,3031,,,0.0,1.0,needs review,0.368667433376163
Carol,31,2023-06-27 00:54:07,12902,,D,1000.0,0.0,,0.1404202103726217
Alice,69,2021-12-31 14:18:27,10972,Finance,C,1500.0,1.0,pending,3.3441411140024293
Bob,32,2021-07-28 07:15:39,16845,Operations,,1500.0,1.0,needs review,-0.866170551898319
Eve,23,2019-02-07 11:58:04,19250,IT,,1000.0,1.0,pending,1.9130128886001097
Alice,43,2021-10-30 22:08:08,15876,Operations,,1000.0,1.0,pending,0.497606328018958
Eve,55,2021-04-26 15:43:39,13849,IT,C,1500.0,1.0,needs review,0.8307384174586419
Bob,52,2023-09-17 23:20:45,11948,Finance,B,1000.0,1.0,needs review,-0.9649959693976352
Eve,44,2023-09-14 16:17:29,19657,Sales,C,1000.0,1.0,,-0.9248945934992115
Bob,53,2020-05-02 04:12:20,6168,Operations,B,1000.0,1.0,,1.6069571054295533
Bob,23,2017-11-18 21:59:12,5126,HR,C,1000.0,1.0,,0.4227367577898562
Frank,62,2023-01-09 03:23:33,9421,HR,C,1500.0,0.0,needs review,2.444279228091389
Dave,47,2021-09-30 14:47:30,18687,HR,C,500.0,1.0,needs review,0.280725178814198
Alice,28,2020-06-12 01:46:38,5730,Sales,D,1000.0,1.0,excellent,0.3613751422343152
Frank,51,2021-04-27 22:44:01,17499,Finance,B,1000.0,1.0,excellent,-0.2360590878354476
Alice,29,2018-09-20 15:36:48,9075,Finance,D,1000.0,1.0,excellent,-0.7172439349126264
Bob,67,2023-06-10 02:06:44,6543,Sales,D,1500.0,1.0,,0.7901924199917902
Dave,41,2022-02-22 14:08:45,5581,Operations,A,500.0,0.0,pending,0.4834916529310696
Bob,54,2018-11-09 02:09:48,12485,Sales,A,1000.0,1.0,pending,2.872192842743964
Carol,29,2023-08-07 09:31:48,13760,HR,,500.0,1.0,pending,-0.2200435067499958
Eve,57,2021-01-23 18:10:27,5898,Operations,B,0.0,0.0,excellent,-0.4449588930746367
Frank,35,2020-12-23 02:19:53,19172,IT,D,0.0,1.0,excellent,-1.3381118356190094
Carol,26,2023-06-12 22:51:54,10806,IT,A,0.0,1.0,excellent,-1.4202920895631177
Alice,20,2020-09-08 05:51:24,16115,Finance,,0.0,1.0,excellent,-0.3345739220259152
Dave,41,2022-01-28 15:07:20,8823,HR,B,500.0,0.0,ok,0.637848622160985
Frank,66,2023-09-10 17:29:49,7955,Finance,A,500.0,0.0,needs review,-0.2545628063874696
Alice,37,2020-11-07 14:06:55,11232,Finance,C,1500.0,0.0,excellent,-0.5482111669906522
Carol,22,2018-04-28 02:05:44,18276,,C,1500.0,1.0,needs review,-1.906147794867333
Bob,21,2023-11-02 18:33:31,15043,Sales,D,1000.0,0.0,pending,0.5064279735266435
Frank,18,2019-02-12 08:28:03,9749,IT,C,0.0,0.0,ok,0.0684604097672378
Bob,55,2018-11-04 12:04:26,14945,HR,C,0.0,0.0,ok,1.9087510987562677
Alice,51,2018-05-12 07:40:53,9575,Operations,A,1000.0,0.0,pending,0.0221088063287367
Eve,21,2023-03-11 00:02:32,6416,HR,,0.0,1.0,,-1.2612717437907894
Dave,46,2020-03-24 02:56:09,16570,IT,D,0.0,1.0,excellent,-0.551271659830425
Bob,22,2021-08-12 06:54:59,12354,IT,B,0.0,0.0,ok,-0.1800048998745385
Dave,64,2023-02-27 19:27:41,17023,IT,B,1500.0,0.0,pending,-0.1683219627881269
Alice,68,2023-06-11 10:27:14,19586,Operations,,1500.0,1.0,ok,0.2847184174671657
Dave,62,2023-06-23 19:54:59,6695,HR,B,0.0,1.0,needs review,-0.7762270614131118
Carol,23,2023-04-01 06:06:33,16487,IT,D,1500.0,1.0,,0.6266179393483742
Carol,43,2021-03-15 14:10:56,11448,IT,B,0.0,1.0,ok,0.1022739682297701
Carol,52,2021-09-12 00:40:08,6364,Sales,D,1000.0,1.0,,0.192775460062162
Bob,26,2021-06-20 01:17:33,17880,Operations,B,1000.0,1.0,pending,0.5017459964757941
Bob,54,2020-09-07 22:32:20,3970,IT,C,1000.0,1.0,excellent,-1.963562521734133
Eve,32,2019-02-24 22:36:26,5969,Operations,A,0.0,1.0,excellent,-0.4432238406383189
Frank,22,2021-03-18 19:57:36,19261,Operations,C,1000.0,1.0,excellent,-0.2255069213834911
Dave,37,2019-03-16 16:23:24,8029,Operations,,0.0,1.0,ok,0.0698150539816364
Eve,21,2022-10-18 01:14:53,11019,IT,,1000.0,1.0,ok,-0.156835480111111
Frank,56,2020-04-22 09:59:41,15313,Sales,B,1000.0,0.0,ok,-0.7275409598521828
Eve,28,2022-07-28 22:33:42,7747,,D,1000.0,0.0,pending,1.1113802544824771
Frank,60,2019-10-27 17:38:53,14032,,C,500.0,1.0,ok,-1.806597851819671
Bob,56,2019-10-25 01:18:26,19982,,,1500.0,0.0,ok,0.9656769917825024
Alice,64,2022-07-17 02:00:43,16889,Finance,,1000.0,0.0,pending,0.5408359103356203
Bob,68,2019-01-12 00:12:38,12045,Operations,D,1000.0,0.0,pending,1.8116284208152609
Eve,46,2023-01-17 03:36:05,15306,Finance,C,500.0,1.0,excellent,0.0058220025564409
Alice,66,2023-05-20 03:01:41,16544,Operations,A,0.0,1.0,pending,0.1158340963722331
Eve,53,2017-10-25 22:40:10,11311,IT,C,1000.0,1.0,,-1.2722174921670488
Dave,53,2021-12-09 06:31:54,13933,Operations,B,1000.0,0.0,pending,0.3160593124263209
Alice,41,2019-08-22 06:15:36,14550,,,1000.0,1.0,,-0.0314744945747712
Bob,48,2023-05-02 13:49:08,7810,Finance,C,1000.0,1.0,needs review,0.8714820058593861
Carol,28,2023-03-01 02:27:14,10195,Sales,B,500.0,0.0,ok,0.0271816685540723
Alice,29,2018-12-05 05:08:28,8375,HR,B,1500.0,0.0,pending,-1.0546459310799197
Carol,45,2019-07-26 19:38:31,13057,Operations,B,1000.0,1.0,,0.6977176399711665
Dave,52,2018-11-12 20:56:05,5385,Sales,D,1000.0,1.0,pending,-1.2871907139059164
Frank,66,2023-06-08 23:54:25,9273,IT,B,0.0,1.0,excellent,-1.775127981562534
Dave,51,2018-02-08 21:23:42,3399,Sales,A,1000.0,0.0,excellent,-1.309915578038097
Alice,66,2020-07-02 13:21:10,5155,Operations,B,1500.0,1.0,ok,-0.0566578688056541
Alice,56,2017-08-09 14:56:32,17808,IT,D,1500.0,1.0,,1.3403660940006823
Alice,53,2020-10-24 03:52:43,11190,,,500.0,0.0,,-0.3382477343429263
Bob,22,2020-07-23 07:51:50,11012,IT,C,1000.0,0.0,excellent,0.7904798737140837
Dave,56,2021-07-12 14:11:23,6149,HR,B,0.0,1.0,excellent,-0.8418981394966373
Eve,65,2018-04-29 02:12:34,7793,HR,B,0.0,1.0,ok,-1.7616705719167185
Dave,63,2017-08-27 14:44:31,8677,IT,A,1500.0,1.0,excellent,-1.30354879384805
Bob,64,2022-06-19 08:11:55,13593,HR,D,1000.0,1.0,needs review,1.0330770109298122
Dave,52,2022-10-16 12:26:15,10522,,A,1000.0,0.0,needs review,-1.6524288619048877
Dave,32,2018-12-05 18:54:11,4683,IT,C,1500.0,1.0,needs review,-0.4142875688418176
Carol,57,2018-09-29 07:47:49,5854,HR,A,1000.0,1.0,,-0.2346977577193847
Eve,64,2021-11-17 14:11:04,14488,HR,,1000.0,1.0,needs review,-0.1574180165734292
Dave,44,2019-03-14 03:39:22,8842,HR,,1000.0,1.0,pending,0.5064491629180355
Bob,69,2019-09-02 10:18:54,9437,HR,,1000.0,1.0,ok,0.0718642892818662
Bob,68,2018-10-25 20:58:09,18291,,D,1000.0,1.0,,0.7857513262452404
Dave,58,2023-04-24 07:55:57,3625,Finance,A,1000.0,1.0,needs review,-1.2965558162585378
Eve,60,2022-07-04 18:52:31,3286,,D,500.0,0.0,pending,1.436467834551266
Frank,51,2021-02-05 14:59:29,3170,Finance,A,0.0,0.0,excellent,0.9130961552468082
Bob,31,2018-04-11 02:26:18,6786,HR,D,500.0,1.0,pending,-0.5035933409262957
Frank,61,2023-06-09 08:45:39,4444,Operations,,1500.0,1.0,,-0.3111173092351613
Dave,38,2020-09-29 20:05:50,14615,Operations,,500.0,1.0,needs review,-0.5042893651038668
Alice,65,2021-09-10 18:48:59,11465,IT,A,1000.0,1.0,ok,-0.9393290806302774
Eve,20,2018-03-27 20:58:30,10318,IT,C,1500.0,1.0,,-0.1634331025771593
Alice,52,2017-10-21 07:53:45,8945,HR,A,0.0,0.0,excellent,-1.3015030551903837
Carol,50,2018-12-11 14:37:27,8783,Sales,B,1000.0,0.0,ok,-0.0007612610233576
Frank,23,2020-09-11 16:05:14,15984,Operations,,1500.0,1.0,pending,-1.3773226235958749
Dave,35,2021-10-23 01:28:28,5104,Finance,A,1000.0,1.0,pending,-0.0507548928778543
Carol,40,2023-05-08 02:08:43,9929,Sales,D,1500.0,1.0,excellent,0.6317877122601903
Dave,52,2023-02-26 04:40:44,5143,IT,A,500.0,1.0,needs review,-0.9884109623403156
Carol,19,2018-10-01 21:15:40,6978,,A,500.0,0.0,ok,0.401281611417784
Frank,32,2022-09-17 02:49:16,13412,Operations,D,1000.0,1.0,,0.2443334395164257
Alice,24,2019-01-02 14:50:44,19696,,B,1000.0,0.0,excellent,-0.2259691274813068
Bob,32,2023-02-25 17:06:19,3023,Finance,D,0.0,1.0,excellent,1.7357572087218127
Frank,46,2023-06-27 20:33:12,8269,Operations,A,1000.0,1.0,pending,-0.4087020467543965
Frank,41,2019-08-26 07:00:07,15758,IT,,1500.0,1.0,pending,-1.3009901049388544
Bob,34,2018-09-13 18:24:51,10161,Sales,A,500.0,1.0,ok,-0.0737653416702726
Carol,62,2023-01-13 13:20:44,9304,,D,0.0,1.0,ok,-0.1567072422606505
Alice,39,2023-03-16 10:24:19,3255,IT,B,1500.0,1.0,pending,-1.5236633147251677
Frank,33,2022-10-04 14:27:16,19346,,,500.0,1.0,excellent,-0.6055896451446169
Alice,28,2020-01-02 01:02:12,14840,Finance,C,500.0,1.0,needs review,0.7501598559755538
Frank,64,2022-06-12 03:05:59,18008,,D,1500.0,0.0,needs review,-1.3852342257512067
Carol,31,2017-12-27 19:36:10,19256,HR,D,500.0,1.0,needs review,-1.650539666714959
Alice,24,2021-03-18 09:31:35,12797,,B,1500.0,1.0,,0.7065177586951275
Eve,42,2021-06-20 21:12:15,15802,Finance,B,1000.0,1.0,needs review,-1.149839777377866
Carol,54,2021-07-05 06:09:19,18635,Sales,B,1000.0,1.0,needs review,0.4230768735317587
Carol,50,2022-11-15 18:08:49,8121,Operations,C,1500.0,1.0,pending,-1.4509196789590817
Frank,66,2023-07-03 12:57:09,11124,Operations,C,1000.0,1.0,,-1.949583321910637
Dave,61,2023-05-19 15:03:44,12953,Sales,D,1500.0,1.0,excellent,0.5531778867642054
Alice,22,2023-07-24 06:26:46,3535,HR,C,0.0,0.0,,0.539255493718868
Alice,47,2020-04-23 10:14:31,3216,HR,B,500.0,1.0,ok,-0.3014951244552167
Dave,38,2022-07-02 01:03:29,4836,Finance,,500.0,1.0,ok,-0.0930726350456663
Eve,39,2021-04-22 18:26:00,14604,IT,D,1000.0,1.0,pending,-0.2890119570975453
Dave,50,2019-04-14 15:22:59,8866,,A,500.0,1.0,,1.2645663704863943
Frank,32,2020-02-02 19:23:06,18304,,D,500.0,1.0,pending,-1.3316777441152774
Alice,44,2023-04-01 23:24:18,3660,Finance,A,500.0,1.0,needs review,-0.2499680663529203
Bob,58,2023-06-20 05:05:50,5708,,D,1000.0,0.0,excellent,1.1482804350872793
Frank,41,2019-08-08 05:59:53,10892,HR,D,1500.0,0.0,,-0.2386772399513067
Bob,42,2019-02-05 02:48:01,16404,Operations,A,0.0,1.0,excellent,0.2985873892992164
Dave,22,2018-02-27 06:39:41,17444,HR,B,500.0,0.0,needs review,-0.9448799317103064
Frank,30,2022-10-12 12:42:00,16402,Finance,B,1500.0,1.0,pending,0.3686095880149949
Eve,47,2018-07-22 21:18:25,10666,HR,A,1000.0,1.0,needs review,1.1294780608928976
Alice,35,2019-08-29 03:06:34,6623,,,500.0,0.0,pending,-0.3505137449330943
Eve,24,2017-09-14 15:14:58,12893,IT,B,1500.0,1.0,excellent,-2.7308984826883886
Alice,27,2021-07-13 11:07:45,15366,,B,1500.0,1.0,,-1.7583950322233448
Carol,37,2017-09-25 16:45:43,16503,Operations,C,1000.0,0.0,pending,0.6186984107040566
Carol,55,2018-08-15 21:11:58,9768,Sales,D,1500.0,1.0,pending,1.1802253444179789
Dave,50,2021-12-16 04:24:35,18401,Finance,,1500.0,0.0,excellent,1.808502059665032
Bob,36,2023-06-22 10:38:28,8089,Sales,A,500.0,1.0,pending,1.4436044601865996
Carol,61,2022-05-20 08:47:42,17270,Sales,B,0.0,1.0,,1.0389669843021594
Dave,34,2017-07-17 06:33:29,13536,IT,B,500.0,0.0,pending,0.0880456815512837
Dave,54,2022-08-14 22:52:13,6993,IT,A,1000.0,1.0,,-0.5452420003253209
Alice,49,2021-12-31 13:57:09,13858,,A,1500.0,0.0,pending,-0.1966696330812694
Eve,41,2023-01-12 18:25:39,6042,Finance,A,0.0,1.0,ok,0.2970405778249571
Eve,54,2022-11-27 14:27:31,7351,HR,,500.0,0.0,pending,0.6538070671609473
Bob,32,2020-06-17 16:01:33,8893,Finance,,1500.0,1.0,pending,-0.0020559928010331
Frank,43,2020-03-20 05:43:22,18822,HR,C,1500.0,1.0,excellent,-0.0851684302142525
Carol,25,2022-07-06 08:37:55,9688,HR,A,500.0,1.0,excellent,-0.2096253083439296
Dave,46,2019-02-26 23:04:18,3529,Finance,,1000.0,0.0,ok,1.3618886314449474
Dave,51,2020-08-03 04:22:18,14104,Sales,,0.0,1.0,ok,0.1136641160523484
Bob,47,2018-10-17 12:43:19,6032,IT,B,1500.0,0.0,needs review,-2.661081877043336
Frank,69,2021-02-07 00:29:51,16154,Operations,,1000.0,1.0,excellent,2.262399803680892
Bob,58,2020-05-24 03:47:57,13213,Finance,,0.0,1.0,,1.7393604359841257
Carol,29,2020-07-30 22:06:58,9764,Operations,B,1000.0,0.0,pending,0.8325717873133055
Dave,22,2017-12-11 18:21:47,5746,,,1000.0,1.0,ok,-0.5586620958402602
Bob,61,2019-05-01 01:56:38,8947,Finance,B,500.0,1.0,ok,-0.7454078163088966
Bob,26,2020-02-21 01:09:23,8610,HR,B,0.0,0.0,needs review,1.0739984208228286
Bob,65,2020-11-14 12:33:57,4724,Finance,C,1000.0,1.0,needs review,-0.6076909119388216
Eve,44,2020-10-18 15:06:36,16692,,B,0.0,0.0,excellent,0.9340559279698012
Alice,63,2020-12-25 16:06:11,5899,Finance,,1000.0,0.0,ok,-1.1175496001957912
Frank,39,2018-11-20 21:30:49,8159,,B,1000.0,1.0,excellent,0.3268418514741393
Eve,21,2020-03-19 04:35:05,11327,Sales,C,1000.0,0.0,needs review,-0.0007861619069862
Eve,26,2019-10-22 19:32:04,8824,IT,B,1500.0,1.0,ok,0.1949282759907974
Bob,30,2022-06-10 02:15:18,11477,IT,A,0.0,1.0,pending,1.000022811224296
Alice,24,2020-10-16 07:06:38,4379,,D,1000.0,1.0,,0.3098735046582245
Bob,62,2021-03-11 05:57:54,6275,Sales,A,0.0,0.0,excellent,-0.1287819172471999
Carol,59,2022-06-25 05:39:11,5201,Operations,C,1000.0,0.0,ok,-0.638569057890692
Frank,69,2020-04-01 10:21:25,5274,Finance,C,1000.0,0.0,ok,-0.4462339570089135
Bob,37,2017-10-08 21:59:47,12038,HR,,1000.0,0.0,,-0.680940516284349
Alice,57,2022-10-14 19:03:26,6279,Finance,B,1000.0,1.0,excellent,-0.3133504454166251
Frank,61,2022-03-13 18:04:05,7479,HR,B,1500.0,0.0,,-0.1155619255889409
Carol,20,2021-10-22 11:15:57,19079,Finance,D,1000.0,0.0,ok,2.194227228352959
Bob,66,2018-04-28 16:26:58,10294,IT,C,1000.0,1.0,,2.23905932899232
Bob,59,2019-05-10 19:13:05,17245,IT,C,1500.0,1.0,excellent,-0.6692200394045072
Carol,48,2022-10-17 03:36:43,12664,Finance,C,0.0,1.0,,0.4788486267840622
Dave,22,2019-01-20 07:30:14,4558,Finance,C,1000.0,0.0,,-0.979119622279716
Frank,64,2019-05-13 02:53:22,5904,Finance,B,0.0,1.0,needs review,0.857013969200803
Carol,62,2022-02-03 16:27:04,14345,,D,1000.0,1.0,,1.296625930274112
Frank,30,2022-11-29 15:07:53,15642,HR,C,0.0,0.0,excellent,0.925315660560199
Frank,66,2023-04-06 00:53:25,19938,IT,D,1000.0,0.0,ok,1.7253599998814422
Bob,69,2019-11-28 03:21:15,3621,Finance,A,1000.0,0.0,ok,-2.1736833256377364
Carol,29,2020-06-04 03:08:49,14781,,D,0.0,1.0,excellent,-0.1421466411851434
Frank,56,2020-11-02 22:43:42,7099,IT,C,1500.0,1.0,needs review,0.8252758797205686
Alice,61,2023-02-13 09:25:45,5166,HR,A,500.0,0.0,ok,0.5119513496774792
Carol,23,2019-05-06 13:29:29,13312,Operations,A,0.0,1.0,pending,0.4862288401568763
Dave,69,2023-07-03 23:05:33,7942,Sales,D,500.0,0.0,excellent,-1.250529185262511
Carol,35,2017-12-11 22:41:10,17691,Finance,B,1500.0,1.0,ok,-2.2962268599680176
Alice,18,2019-08-04 20:30:13,15937,,B,1000.0,1.0,ok,-1.1865963019814665
Eve,60,2018-03-11 01:24:42,18385,Sales,D,1500.0,0.0,,0.8974762696011956
Dave,54,2022-09-22 06:25:15,18954,HR,C,1000.0,0.0,needs review,0.3834807936674859
Eve,67,2023-04-19 03:31:27,14993,,D,1500.0,0.0,needs review,-0.9108154018818894
Eve,24,2022-12-13 13:02:33,12021,,,500.0,0.0,needs review,0.2983614499316544
Carol,37,2020-07-29 04:56:40,13780,Finance,C,1500.0,1.0,needs review,-0.1631703191695549
Dave,46,2019-12-02 06:24:28,6262,,A,1500.0,1.0,needs review,-0.0454912598335328
Bob,50,2020-06-17 14:41:04,16431,Finance,B,1000.0,1.0,pending,0.3343118162037765
Alice,56,2020-02-03 12:58:32,10882,,C,0.0,1.0,needs review,0.6743086771686635
Eve,33,2018-10-19 18:09:54,5329,HR,A,1000.0,0.0,needs review,-2.0264405866353847
Eve,59,2021-06-13 17:13:24,16367,HR,D,1000.0,1.0,ok,-2.346068990715422
Frank,34,2019-08-02 00:10:22,14009,,B,1500.0,1.0,,1.0492353965416084
Alice,58,2020-04-29 06:36:26,16801,HR,C,500.0,1.0,ok,-1.2323473918116252
Eve,63,2023-04-12 21:37:59,14512,,,1000.0,1.0,ok,-0.4866392479060448
Alice,20,2022-08-28 10:54:21,12616,,A,1000.0,1.0,,-2.61010248898633
Eve,36,2022-02-28 20:57:50,6770,Operations,C,0.0,0.0,pending,2.4683395219275326
Alice,23,2019-07-17 05:55:53,15043,Finance,D,500.0,1.0,needs review,-0.4728221604733482
Eve,56,2018-11-30 04:00:30,14830,,C,0.0,1.0,pending,0.013314969409063
Bob,65,2023-10-28 06:54:05,6507,Operations,C,1000.0,1.0,needs review,-0.0892996060093674
Frank,67,2018-03-04 08:44:42,11297,HR,,500.0,1.0,,-0.1807460699583232
Frank,47,2017-11-27 09:10:48,12325,,B,500.0,1.0,pending,1.337422035953816
Carol,34,2023-08-26 07:00:06,7378,Sales,B,1000.0,0.0,pending,2.0415231464202304
Bob,38,2021-09-10 21:48:29,11551,,,1500.0,1.0,excellent,-2.3292345302054698
Dave,61,2017-10-22 07:42:11,13258,IT,A,1000.0,1.0,pending,1.2252989435776915
Dave,37,2018-06-15 09:24:51,18123,HR,B,1500.0,0.0,excellent,-0.8029089537258022
Dave,37,2023-04-09 02:51:41,5989,,B,0.0,0.0,,0.531830366293477
Bob,32,2021-10-07 04:06:41,17903,Operations,D,1500.0,0.0,needs review,-0.9183280030705993
Carol,45,2018-07-30 20:02:08,16143,Operations,C,1500.0,1.0,needs review,0.5222939892256271
Bob,26,2018-08-20 06:47:54,13040,IT,A,1000.0,1.0,excellent,-0.0499980614025055
Carol,23,2023-01-14 06:31:43,18376,,,1000.0,1.0,pending,-1.0419026849374524
Eve,60,2017-07-26 11:41:34,3413,Finance,C,1000.0,1.0,excellent,0.7690712530193269
Carol,50,2022-01-27 02:30:01,9813,Finance,,1500.0,0.0,pending,-0.7194152025549826
Eve,39,2020-04-14 07:34:56,18556,,D,500.0,1.0,excellent,0.2878928936487824
Dave,25,2020-09-29 16:48:50,9940,Operations,D,1000.0,1.0,ok,0.3386721927007832
Eve,40,2020-08-19 20:06:41,11584,Sales,C,0.0,1.0,ok,0.3044226315069829
Frank,36,2021-07-14 11:24:25,14487,HR,C,0.0,1.0,ok,-1.3462916338707205
Bob,41,2022-07-23 13:30:31,5949,HR,C,1500.0,1.0,needs review,1.4743904264198835
Alice,61,2023-09-04 11:32:01,10594,,D,0.0,1.0,pending,0.9878310483533842
Eve,35,2018-11-03 00:29:45,3604,Finance,B,1500.0,1.0,needs review,-0.2409540940508989
Bob,36,2021-04-23 18:01:26,10530,,,0.0,0.0,pending,0.9923965735971312
Alice,36,2019-04-11 05:54:34,9990,IT,,1500.0,1.0,ok,-0.3212668363680826
Frank,48,2017-09-26 10:58:22,10190,Operations,,500.0,0.0,,-1.5443455358097922
Carol,54,2019-09-01 16:17:00,6235,Operations,B,500.0,1.0,needs review,0.5025313029106075
Bob,42,2021-02-11 13:05:07,10507,,D,0.0,1.0,needs review,-1.5219472473755276
Eve,55,2023-09-28 18:36:22,10970,Operations,A,1500.0,1.0,,-1.2998916760922012
Bob,51,2018-11-24 15:19:25,3806,,,1500.0,0.0,needs review,1.8568841468400188
Frank,63,2019-01-11 21:28:43,7090,HR,D,1000.0,1.0,,-0.1776809698659724
Bob,41,2020-01-10 08:04:36,18729,Sales,A,1500.0,1.0,ok,1.3133273058243926
Alice,63,2021-12-30 07:54:57,17431,Sales,B,500.0,1.0,ok,-1.7584351747035554
Dave,18,2020-08-24 18:21:57,12503,Operations,B,1000.0,1.0,,-0.1676382931468884
Bob,54,2023-01-09 06:28:03,16130,,,500.0,0.0,ok,-1.0804230910391484
Dave,43,2019-11-02 04:56:40,8472,HR,,1000.0,1.0,needs review,1.5881900424242332
Carol,35,2021-04-05 19:03:42,9259,HR,D,1500.0,1.0,ok,-0.565134901261266
Eve,55,2022-09-29 12:15:35,13210,HR,C,1000.0,1.0,needs review,-0.6015428255981259
Carol,40,2017-07-29 20:04:36,12571,Operations,C,0.0,1.0,,-0.6325348733547351
Eve,51,2021-09-16 15:50:29,11512,Operations,D,0.0,0.0,ok,1.0995863776389234
Frank,53,2017-12-07 11:37:29,4231,HR,A,1000.0,0.0,ok,-0.7132116589081157
Frank,26,2021-04-04 11:25:19,17178,HR,,0.0,1.0,pending,-1.7237190344188529
Alice,67,2020-09-21 18:28:16,8239,IT,C,1500.0,1.0,excellent,-1.4179243300791695
Frank,42,2018-09-14 12:57:44,7853,IT,C,500.0,1.0,ok,-0.587205434236996
Frank,20,2018-08-09 17:34:50,15015,Finance,,1500.0,1.0,,-0.8104047839888862
Eve,20,2020-04-10 20:31:17,14073,HR,A,1000.0,1.0,,-0.2355624365030035
Bob,55,2019-01-08 15:17:29,15136,Sales,B,1000.0,0.0,pending,1.4252109747673811
Dave,38,2020-12-24 11:07:12,14598,IT,B,0.0,1.0,needs review,1.5398002867971032
Carol,21,2022-05-13 16:57:33,19957,Sales,,1000.0,1.0,excellent,0.2278102066744232
Bob,18,2019-04-17 18:52:56,17530,HR,C,0.0,1.0,excellent,1.0506993904811903
Alice,49,2021-03-20 01:43:51,10429,Sales,B,1500.0,1.0,pending,0.3579360211087851
Alice,39,2022-06-23 14:49:11,4954,IT,C,0.0,0.0,needs review,0.9818064877978978
Carol,50,2019-07-22 17:28:26,6268,Operations,,1000.0,1.0,,0.1790480119427777
Frank,28,2022-05-24 11:07:18,18254,,,1000.0,1.0,,0.8853051707454964
Carol,58,2019-02-14 09:29:56,14213,Sales,B,1000.0,1.0,needs review,0.5507600974591562
Eve,69,2019-01-26 16:30:36,9506,Operations,B,1500.0,0.0,ok,1.324742170007576
Bob,25,2021-08-26 18:17:02,11413,IT,B,1500.0,1.0,ok,-1.569723146502065
Bob,58,2018-02-06 13:05:26,4816,,C,500.0,1.0,,0.6387807652382539
Eve,32,2019-12-05 12:18:06,9866,IT,D,0.0,1.0,excellent,-0.6211407979669719
Frank,49,2019-04-02 21:03:48,17827,Operations,C,1000.0,1.0,ok,0.0776696948394286
Eve,25,2020-03-09 03:40:40,18236,,B,0.0,0.0,pending,0.0308134860881671
Carol,61,2017-11-07 00:00:29,8549,,D,500.0,0.0,pending,-1.0509589879708408
Alice,67,2021-07-02 06:38:15,12981,HR,,1000.0,1.0,needs review,0.3689802353843028
Bob,27,2019-10-16 17:06:20,6106,HR,B,500.0,1.0,needs review,1.409335277446695
Dave,32,2022-03-22 21:00:26,12967,HR,,1500.0,1.0,,-2.0753936231270145
Alice,24,2020-05-14 21:26:22,7093,HR,A,1000.0,0.0,pending,0.5680166639051554
Eve,19,2023-07-11 06:55:41,14100,HR,D,1000.0,1.0,pending,-0.5270577684065495
Alice,29,2022-11-17 15:28:35,7500,IT,,1000.0,1.0,,-0.7876796241883807
Frank,32,2020-02-13 15:34:01,18560,HR,D,1500.0,0.0,pending,0.8293886268096974
Bob,45,2021-06-04 22:48:30,11647,,B,1000.0,1.0,needs review,0.075487150779958
Bob,63,2020-09-12 20:22:57,5324,HR,A,500.0,0.0,excellent,2.4578099996100704
Bob,62,2021-03-31 22:04:54,6495,HR,D,1000.0,1.0,needs review,0.4456464966753376
Dave,69,2021-07-21 22:39:30,5096,HR,A,1000.0,1.0,ok,-0.5772343103653219
Bob,51,2023-09-17 13:21:12,15695,,D,0.0,1.0,needs review,1.2547837690688175
Carol,59,2018-10-06 12:42:15,13214,Operations,A,0.0,1.0,excellent,0.3734946021096971
Bob,30,2019-01-29 17:29:27,15920,Finance,B,1000.0,0.0,pending,-0.4675779046081481
Frank,53,2021-07-31 11:01:06,8615,Finance,C,1500.0,0.0,pending,-0.1619194784408927
Bob,58,2017-07-15 23:25:01,19995,Operations,B,1500.0,0.0,pending,1.425257400019717
Alice,30,2023-03-21 18:29:18,16068,Finance,,500.0,1.0,pending,-0.0166626775046902
Bob,62,2021-06-29 12:56:12,17631,Finance,D,0.0,0.0,pending,0.1077170419950881
Bob,41,2019-03-02 08:46:46,15335,HR,D,0.0,1.0,ok,-0.0679316772688489
Eve,37,2019-12-02 18:57:29,18351,Operations,B,1500.0,1.0,pending,-2.1130919549026586
Alice,43,2019-06-07 14:27:38,4092,Finance,B,500.0,0.0,ok,0.3421154516921131
Bob,48,2023-02-11 21:22:31,5866,Finance,C,1000.0,0.0,ok,1.364749018898859
Bob,64,2021-11-25 00:36:23,7875,HR,C,0.0,1.0,,1.288022192337122
Bob,54,2022-04-27 06:36:58,4762,IT,C,1000.0,1.0,needs review,0.8598865040288313
Frank,63,2020-03-21 01:57:36,9228,Operations,,1000.0,1.0,pending,-0.1393043156364584
Bob,56,2020-09-30 12:02:24,11324,IT,A,1000.0,1.0,pending,-0.4621735811979778
Carol,21,2021-08-23 07:53:56,17801,,,500.0,1.0,pending,-0.6309273238273357
Eve,45,2022-07-10 10:53:02,6202,HR,D,1500.0,1.0,pending,0.3413093496694035
Bob,41,2020-10-23 17:54:36,8571,Finance,A,1500.0,1.0,,1.5296376672712677
Bob,54,2017-12-11 01:14:28,12188,IT,C,1500.0,1.0,needs review,-1.798734852800884
Eve,58,2020-08-04 08:12:08,18963,Operations,C,1000.0,1.0,pending,-0.4305021661581093
Dave,38,2018-08-01 13:21:14,17382,Sales,C,500.0,0.0,ok,-0.5241692105276149
Alice,51,2018-03-13 16:47:18,13240,IT,C,0.0,0.0,needs review,-0.3425953684135731
Frank,46,2019-08-15 00:36:47,9598,Finance,,500.0,1.0,pending,-0.2873374747689446
Eve,27,2020-11-17 05:47:34,6377,IT,,0.0,0.0,pending,0.1728491682437044
Frank,48,2021-12-09 00:23:19,9646,HR,,0.0,1.0,pending,-0.6089171135854509
Carol,27,2018-04-21 16:12:23,4894,HR,C,1000.0,0.0,needs review,-1.7413753820406035
Carol,34,2018-01-24 06:12:10,10457,Finance,A,1000.0,0.0,needs review,-1.1402826519431026
Eve,38,2023-01-26 11:35:38,9955,Operations,,500.0,0.0,,-0.6892359059253478
Carol,64,2022-01-25 07:09:28,3099,Operations,B,500.0,0.0,needs review,0.404383904828367
Bob,23,2019-11-28 04:49:56,9821,Finance,B,1000.0,0.0,,1.6305448359948926
Eve,51,2018-02-10 23:00:26,19025,HR,,1500.0,1.0,,-0.3443862312089621
Frank,69,2023-01-02 09:28:28,9189,Sales,C,1000.0,0.0,ok,1.6442358611603338
Alice,55,2017-10-13 22:15:14,3651,IT,D,0.0,1.0,excellent,0.3236798705613595
Alice,38,2017-12-21 22:51:52,17310,Finance,B,0.0,1.0,pending,0.6056315370637525
Frank,29,2022-03-28 20:17:32,14963,HR,B,0.0,1.0,ok,0.2046023214987313
Bob,69,2020-03-27 01:22:55,12917,Operations,C,1000.0,1.0,excellent,0.0811912821844847
Alice,30,2019-11-27 16:14:33,7913,Sales,C,1500.0,1.0,excellent,-0.4734844783617447
Frank,22,2021-10-15 06:42:47,5957,HR,C,1000.0,1.0,excellent,1.8191260607932995
Bob,55,2020-01-08 07:02:57,14465,Operations,D,1500.0,1.0,excellent,0.1435072982105736
Eve,43,2020-09-27 08:45:16,14856,IT,B,1000.0,1.0,excellent,-1.1058669673320374
Dave,46,2019-08-25 14:36:36,16476,IT,,500.0,1.0,excellent,1.5885534028713888
Alice,56,2021-06-20 19:39:49,15501,IT,,500.0,1.0,needs review,0.3307129382233826
Dave,58,2018-05-05 06:45:22,19680,Operations,B,0.0,1.0,,-0.5089012371017838
Frank,30,2021-01-07 18:59:36,15049,Operations,A,1000.0,0.0,excellent,-0.9435345967264722
Eve,20,2020-04-15 08:44:30,4751,Finance,A,1000.0,1.0,excellent,0.9446493754569152
Bob,66,2017-11-02 08:12:28,16391,HR,,0.0,0.0,,0.8757935726306565
Bob,18,2020-07-10 23:25:09,5799,,,1000.0,0.0,needs review,1.9994493491444425
Frank,47,2020-07-13 06:02:44,18946,HR,A,0.0,1.0,needs review,-0.4383019578057584
Dave,49,2019-01-12 01:49:10,19843,Finance,B,1000.0,1.0,pending,-0.6124954121414908
Alice,62,2021-07-21 20:35:00,19365,Finance,B,500.0,1.0,pending,-0.5323274620752846
Eve,29,2019-10-14 19:20:34,11345,,A,1500.0,1.0,excellent,-0.5071236332787135
Carol,54,2019-10-06 03:06:39,3029,,C,500.0,1.0,excellent,1.1395471388254392
Frank,21,2017-11-01 09:14:15,16784,HR,B,1500.0,1.0,excellent,1.2578855407329113
Eve,24,2018-11-08 14:54:50,4685,,A,1000.0,1.0,pending,-0.4518883169372747
Eve,28,2021-01-27 21:24:16,19407,HR,A,0.0,0.0,ok,-0.0649630616818025
Alice,61,2021-10-14 19:53:04,12356,HR,C,1000.0,1.0,needs review,-1.0108162033700334
Eve,55,2017-10-06 09:07:55,19549,,B,0.0,0.0,excellent,0.2367289971499478
Dave,48,2021-08-15 03:46:43,15617,Finance,C,1500.0,0.0,pending,0.5201425292183941
Carol,61,2022-10-29 13:29:49,5751,Operations,A,500.0,0.0,needs review,-0.6804811472992619
Frank,61,2023-03-27 13:08:12,16896,Operations,,1000.0,0.0,,2.77540962999916
Carol,47,2018-12-21 20:37:57,14144,,D,1000.0,1.0,excellent,-1.366128859606199
Eve,41,2022-09-08 11:14:11,11714,Finance,C,1000.0,1.0,ok,-1.0974633319362446
Frank,48,2020-08-14 20:32:35,16376,,,1000.0,0.0,,-1.5370981441452471
Eve,50,2019-12-21 18:42:40,14349,Operations,B,0.0,0.0,,0.4500746556087575
Frank,26,2019-04-28 09:02:01,10911,Operations,D,1000.0,0.0,pending,-1.0110912335806657
Dave,56,2021-10-18 14:52:11,10835,Operations,B,1000.0,0.0,pending,-0.6813750608520529
Eve,46,2020-08-09 21:48:11,18292,Operations,,500.0,0.0,excellent,-0.2541475154981918
Eve,32,2022-07-26 09:22:16,4192,HR,D,500.0,0.0,pending,-0.1841618667491715
Carol,22,2019-05-20 07:35:52,7807,Finance,D,0.0,0.0,ok,-0.4773894463294895
Bob,21,2023-08-05 12:25:02,8445,Sales,C,0.0,0.0,pending,0.9259691346692728
Eve,38,2019-03-28 07:49:50,4310,,A,1000.0,0.0,excellent,-0.2154947807688513
Alice,28,2022-04-04 08:24:05,3046,Sales,D,500.0,0.0,needs review,0.4665791432450474
Alice,36,2020-03-01 07:34:54,16011,,,500.0,1.0,needs review,0.0087821160729564
Carol,32,2019-07-04 23:25:23,5970,Operations,B,0.0,0.0,excellent,-0.3262271666150133
Alice,47,2017-12-28 21:08:27,7984,Finance,D,500.0,1.0,excellent,0.6327103042902659
Alice,60,2018-07-10 00:34:38,10692,,,1500.0,1.0,,1.0586616687734691
Carol,64,2018-04-21 17:30:32,14230,HR,,500.0,1.0,excellent,-0.1438876824113923
Carol,68,2018-04-30 09:08:34,10862,,B,1000.0,1.0,ok,-0.2383418534115551
Eve,69,2018-07-16 22:00:04,13818,,C,1500.0,0.0,pending,-1.4315071509994384
Frank,18,2021-12-02 05:30:49,10756,Operations,A,1000.0,1.0,,0.6155133957442217
Dave,44,2018-12-02 05:23:10,8175,HR,D,1000.0,1.0,pending,-0.0063672986800376
Eve,58,2022-02-02 15:23:14,17624,HR,A,1000.0,1.0,excellent,-0.1322557712471173
Dave,38,2020-06-14 14:43:37,19339,,A,1000.0,1.0,needs review,-0.4381149948592562
Frank,63,2019-12-30 10:56:30,7618,IT,C,500.0,0.0,,-0.7518049539291385
Carol,24,2019-06-14 04:56:15,10904,Operations,A,1000.0,1.0,pending,-0.0733509017182496
Alice,39,2020-08-17 02:23:46,13309,HR,B,1000.0,0.0,ok,1.584130374083344
Carol,63,2019-11-01 10:17:31,11115,IT,B,500.0,0.0,excellent,-0.0948835010538794
Alice,29,2022-05-03 22:40:16,5537,Sales,D,1000.0,1.0,needs review,0.7590813489459699
Eve,24,2022-07-31 05:43:09,4936,Finance,,1500.0,1.0,ok,-0.2075152706889662
Bob,24,2022-12-31 22:34:18,13644,Operations,C,1500.0,0.0,needs review,0.248956255454433
Dave,67,2020-09-13 04:01:19,10186,HR,B,1000.0,1.0,ok,-0.7838838064697895
Eve,27,2017-12-01 16:15:08,8080,,,1000.0,0.0,,-1.0201972786666285
Alice,55,2020-05-06 10:41:37,13009,Finance,B,1500.0,1.0,ok,-1.2968791159947184
Carol,47,2021-11-06 02:46:38,10524,Sales,B,500.0,1.0,,-0.7331533007309184
Eve,42,2017-11-13 21:58:19,4414,Finance,D,1000.0,0.0,pending,0.4260113971149211
Dave,51,2020-11-20 21:57:18,19605,Finance,C,1000.0,1.0,ok,-1.1749053361227009
Eve,49,2023-02-14 06:05:45,8990,HR,A,1000.0,1.0,,0.8478978459773935
Bob,35,2022-09-20 23:34:34,18232,IT,C,500.0,1.0,excellent,0.8546224163052573
Eve,35,2017-12-08 01:26:22,13130,,B,500.0,1.0,pending,-0.9624213829043368
Carol,48,2020-12-06 06:18:54,3421,Operations,C,1000.0,0.0,,-0.3535758321664984
Bob,68,2018-03-17 20:19:15,11917,HR,C,500.0,1.0,,-0.1725674152289615
Carol,38,2022-05-29 14:47:40,12132,Operations,B,1000.0,0.0,pending,-0.5669897264204137
Frank,35,2017-09-12 03:26:56,9286,,,1000.0,1.0,,0.6929116998348576
Dave,57,2019-08-07 20:40:18,6918,Operations,A,0.0,0.0,needs review,-0.4888092447626549
Alice,27,2018-11-12 22:26:56,14214,IT,,1500.0,1.0,needs review,0.1118331049126251
Dave,49,2019-03-04 23:10:59,17440,,D,1500.0,1.0,excellent,-0.4951059212369278
Eve,60,2020-05-30 02:23:23,14486,IT,D,1000.0,0.0,needs review,-1.0996161644302016
Dave,33,2019-08-22 00:23:36,17481,Operations,D,500.0,0.0,,1.5037357976267989
Alice,37,2019-06-12 04:34:31,18185,IT,B,1000.0,0.0,,0.683863127202614
Dave,68,2018-11-09 23:56:16,19176,IT,A,1000.0,1.0,,0.3267465620228995
Alice,42,2018-09-27 04:34:03,6968,Operations,C,1500.0,1.0,excellent,-0.5220692607558558
Eve,55,2021-01-26 16:05:39,4706,Sales,,0.0,0.0,excellent,1.2891560662649204
Alice,18,2017-11-17 22:32:29,16490,Finance,C,0.0,1.0,,-1.2064777451166078
Alice,68,2019-01-28 11:13:42,19995,IT,A,0.0,1.0,pending,0.6633800756493744
Frank,26,2021-05-22 20:38:14,18590,Sales,C,1500.0,1.0,pending,-0.789364629905756
Alice,44,2017-08-24 00:54:43,5443,Sales,,1500.0,1.0,,0.1300532501905957
Carol,45,2019-07-05 19:33:59,5383,HR,C,0.0,0.0,pending,1.216633991110889
Eve,49,2020-10-30 17:11:56,11176,HR,,500.0,1.0,excellent,0.0365684234451502
Alice,40,2018-08-04 06:19:56,17313,IT,D,500.0,1.0,pending,-1.0123018637589336
Alice,54,2018-05-16 20:06:14,12434,IT,,1500.0,0.0,needs review,2.07295848716455
Dave,50,2017-09-18 13:38:38,13523,,B,0.0,1.0,ok,-1.6021127359811531
Alice,65,2017-10-24 14:24:34,7511,Sales,B,1000.0,1.0,pending,1.402209365221445
Eve,66,2023-11-09 02:24:18,10218,,A,1500.0,0.0,,-0.5140073461749722
Frank,18,2019-01-16 06:36:17,8345,,A,0.0,0.0,ok,-0.4962594985744027
Alice,52,2019-08-11 10:14:49,3907,Finance,B,0.0,1.0,pending,2.551943923291866
Eve,68,2023-08-24 16:09:45,17166,HR,B,1500.0,1.0,needs review,-0.5123394099944096
Dave,24,2023-01-07 21:02:00,19034,,D,1000.0,1.0,needs review,-0.3587111586970505
Bob,33,2023-01-11 13:38:34,18359,Sales,A,1000.0,0.0,ok,1.870081463146235
Carol,27,2021-03-22 08:52:15,11958,Sales,C,1000.0,1.0,ok,1.3212639656395695
Frank,31,2017-08-12 17:30:35,8307,Sales,A,1000.0,0.0,excellent,0.9431496624537126
Bob,31,2022-12-15 23:03:37,17369,,D,500.0,1.0,pending,-0.9264557575184827
Bob,31,2019-02-13 18:47:21,17017,Finance,B,1000.0,1.0,excellent,-1.250406886757682
Eve,60,2022-03-14 10:00:52,18382,HR,,1000.0,0.0,,-0.2415102423793293
Alice,18,2019-01-23 04:31:36,4756,Finance,,0.0,1.0,excellent,0.5759476370942196
Dave,20,2019-06-23 10:09:40,4167,Finance,,0.0,1.0,ok,0.0364220666249014
Alice,32,2018-04-18 23:49:02,15971,IT,,500.0,1.0,ok,-0.0834194129224816
Dave,63,2021-12-17 07:19:00,11089,IT,D,1000.0,1.0,,1.1135001952636034
Dave,38,2023-02-10 00:00:36,12271,Finance,D,0.0,1.0,pending,-1.4314146728071833
Dave,41,2021-01-06 02:04:33,12718,HR,B,1000.0,1.0,,-1.0809623763740264
Frank,50,2022-03-15 02:49:27,5551,IT,,1500.0,0.0,ok,-1.225008555031001
Eve,48,2022-07-31 15:55:33,18090,Finance,C,1000.0,1.0,ok,0.0754362548013508
Bob,68,2021-03-16 11:30:35,18155,Finance,D,1000.0,1.0,excellent,0.3258043661127954
Frank,58,2018-08-10 10:12:29,6872,Finance,A,1500.0,1.0,needs review,0.2780565830973633
Dave,23,2020-04-26 11:08:33,16276,HR,A,0.0,1.0,excellent,-0.3388264187268096
Bob,48,2019-11-21 07:09:22,4350,IT,D,500.0,1.0,excellent,0.3874165777472406
Bob,51,2021-01-07 19:52:55,9252,Operations,D,1500.0,0.0,pending,0.1563742855922571
Frank,29,2021-11-28 07:35:14,18422,HR,,1000.0,1.0,ok,0.7324797229341083
Dave,45,2021-01-26 16:00:25,4484,Finance,C,1000.0,0.0,needs review,0.6900810445142312
Dave,69,2023-07-06 19:01:16,12402,Operations,D,1500.0,1.0,,-0.5975794901337483
Bob,47,2022-03-08 01:05:57,9779,Sales,D,1000.0,0.0,needs review,1.0245773081547942
Bob,27,2018-11-24 10:18:41,9086,Finance,C,500.0,0.0,,-1.080185340070288
Dave,25,2020-09-10 10:30:47,8797,Sales,B,1500.0,1.0,ok,0.4515181134534652
Bob,42,2019-05-17 18:20:11,6265,HR,A,1000.0,0.0,excellent,0.8698448153542538
Carol,67,2021-05-09 19:22:43,8766,Finance,,1500.0,1.0,pending,1.760745573350247
Dave,39,2018-09-04 10:13:44,9792,Finance,B,500.0,1.0,excellent,-0.3689783105130071
Alice,49,2023-01-13 21:23:41,14306,Operations,D,500.0,1.0,needs review,-0.4107811074978639
Alice,42,2023-02-23 01:45:46,18803,Finance,D,1000.0,0.0,pending,0.617111683667475
Alice,61,2017-12-01 18:31:03,6097,Sales,D,1000.0,0.0,,0.0757185692519108
Bob,59,2020-05-26 00:21:17,19123,Sales,,0.0,1.0,ok,0.3936342978367617
Bob,41,2021-05-16 16:39:52,3650,HR,A,1000.0,0.0,excellent,0.8875179244021485
Bob,56,2018-01-12 19:56:29,12582,Finance,D,0.0,1.0,,-1.6792349193754703
Bob,27,2019-10-22 22:14:56,14963,Sales,C,1000.0,1.0,needs review,-0.3400044163952492
Eve,30,2019-11-15 20:48:12,3594,,A,1500.0,1.0,,-1.2026432002074965
Eve,64,2022-10-03 07:58:46,12828,HR,C,1000.0,1.0,excellent,1.2458501790134913
Frank,19,2020-11-17 18:30:06,3396,Operations,B,1000.0,1.0,ok,1.73774098954748
Eve,30,2023-10-04 17:31:21,6415,Finance,B,1000.0,1.0,excellent,-0.7978458278944295
Frank,39,2018-12-19 07:39:03,9382,HR,,1000.0,1.0,,-0.23807745188016
Eve,27,2022-08-21 06:27:29,7007,Finance,A,0.0,1.0,needs review,1.3637497410098798
Eve,31,2019-02-20 00:28:25,9059,IT,,1500.0,0.0,needs review,0.1827837541570656
Dave,60,2017-09-27 18:00:05,14804,IT,B,1000.0,1.0,ok,-1.0678087670444227
Carol,29,2020-04-12 03:22:34,6850,Operations,B,1000.0,1.0,needs review,-1.0810397987793212
Alice,44,2022-11-24 17:37:13,4349,Sales,B,1000.0,1.0,needs review,-1.211238097775749
Bob,51,2023-05-28 06:35:08,12381,,A,500.0,1.0,excellent,0.1980425767293905
Frank,64,2021-08-08 10:30:48,17650,HR,D,1000.0,1.0,,-1.1158475275045776
Carol,64,2020-11-07 08:03:20,10087,Sales,,1000.0,1.0,,-0.7278431556964614
Alice,36,2023-08-16 20:06:45,4881,Sales,D,0.0,0.0,pending,-0.5402395842881949
Bob,68,2022-10-15 08:55:04,19153,Sales,,1000.0,1.0,excellent,1.0997274589161643
Bob,18,2018-01-04 09:59:07,19538,IT,A,1500.0,1.0,needs review,0.487674307880163
Bob,37,2018-11-15 17:48:48,8553,IT,A,500.0,1.0,pending,-0.6084457911402374
Carol,38,2023-08-19 14:55:30,10229,,A,0.0,0.0,needs review,0.1903603084003545
Dave,38,2022-03-13 20:12:05,8303,Sales,B,1000.0,1.0,excellent,1.6206121298592373
Bob,37,2018-03-08 17:32:56,3396,HR,C,500.0,0.0,ok,1.085182940928337
Dave,60,2020-02-16 12:58:04,9037,Operations,C,1000.0,1.0,ok,-0.3212257590933092
Bob,55,2018-05-26 06:26:32,15746,Operations,B,500.0,1.0,,-2.10499168548992
Frank,34,2021-01-22 02:51:06,10329,Finance,A,1000.0,1.0,pending,0.5663856670804135
Alice,45,2021-08-03 22:20:48,8779,Sales,,0.0,1.0,excellent,0.744066908804374
Eve,66,2020-05-22 09:04:15,10963,,C,0.0,0.0,,0.0883730823996825
Carol,33,2023-03-16 13:12:31,4379,Sales,C,0.0,1.0,ok,-0.4601683118101239
Eve,18,2021-03-24 01:54:33,16953,,D,1000.0,1.0,ok,-0.0281993565251484
Alice,18,2022-12-14 05:15:32,10164,,A,0.0,0.0,needs review,-0.1796907471759094
Carol,22,2023-10-19 10:27:53,18270,IT,C,0.0,1.0,,-0.2591010856400531
Dave,69,2018-12-04 04:56:24,19106,,D,1000.0,0.0,ok,1.6540889627599575
Alice,33,2023-07-24 17:19:44,13591,HR,,1000.0,0.0,excellent,-0.9193754459818196
Frank,28,2020-01-17 20:06:15,12916,IT,,500.0,1.0,,0.3497060796698728
Bob,58,2023-08-09 10:52:15,6373,Finance,D,500.0,1.0,,-1.6960378254747712
Eve,18,2021-05-19 18:38:13,4149,HR,D,500.0,0.0,excellent,-1.2613545222807256
Dave,23,2021-08-26 04:30:43,8284,Operations,A,1500.0,1.0,,1.1232548536544678
Eve,23,2018-03-15 23:11:31,9908,Sales,D,1500.0,1.0,pending,1.3014394753973346
Alice,64,2019-11-14 04:33:02,11391,HR,B,1500.0,0.0,ok,0.8354573994747255
Bob,25,2019-07-03 11:45:01,15568,Sales,D,1000.0,0.0,needs review,-0.3881628507669611
Eve,25,2021-09-18 00:28:32,10393,Operations,C,1000.0,0.0,excellent,-1.0196423180245584
Alice,50,2019-03-01 02:54:49,13108,IT,D,0.0,1.0,,-1.6432711015911765
Bob,25,2020-03-23 22:44:26,12086,,C,1000.0,1.0,,0.4311132236164958
Frank,63,2018-11-24 07:51:37,19197,,A,1000.0,1.0,needs review,-0.5851465695646568
Dave,43,2020-08-06 05:21:33,14878,Sales,B,1000.0,1.0,excellent,1.165301130673294
Bob,22,2022-03-18 11:48:15,19217,Sales,A,1500.0,1.0,excellent,-0.0422854086862389
Frank,63,2018-08-31 17:57:01,16965,Sales,B,1000.0,1.0,excellent,1.4386502603273912
Eve,67,2021-07-11 23:08:05,11908,Finance,,1000.0,1.0,ok,-1.1478716149612798
Frank,65,2017-08-08 22:53:53,8855,Sales,,1000.0,1.0,pending,0.9037270534451468
Alice,21,2023-06-01 14:36:41,10640,Finance,,0.0,0.0,,-1.4041278428145765
Carol,40,2021-01-17 04:46:26,18268,,C,1000.0,1.0,ok,-0.8008664279251206
Eve,25,2018-01-07 11:42:42,11729,Sales,,500.0,1.0,excellent,0.889787401648553
Carol,30,2020-01-30 09:44:39,12254,Sales,C,500.0,0.0,excellent,0.038660161828485
Alice,49,2019-08-11 00:10:01,5828,Sales,,1500.0,1.0,pending,-0.2467196116805444
Bob,26,2021-10-06 23:33:35,15293,Operations,A,500.0,1.0,pending,0.854474285916407
Dave,21,2021-09-27 01:01:23,18898,HR,A,500.0,0.0,ok,0.1610370743318886
Frank,68,2018-10-17 16:14:24,8911,IT,A,1500.0,1.0,excellent,-0.4884118662116647
Alice,27,2019-04-16 15:41:56,5860,HR,D,1000.0,0.0,,-0.4840695038360513
Bob,37,2018-09-24 05:22:59,4786,Finance,C,0.0,1.0,ok,-1.8173734683167704
Bob,35,2021-12-23 23:55:45,18557,Sales,B,0.0,1.0,pending,0.3214308452877074
Bob,67,2022-12-27 12:54:57,5713,Finance,A,0.0,1.0,needs review,0.0241671946087477
Carol,53,2018-05-07 10:58:33,9198,Finance,B,0.0,0.0,pending,-0.7925591424184446
Dave,56,2020-04-13 16:22:06,16797,,D,1500.0,0.0,ok,-0.3432405698811572
Alice,25,2018-09-29 15:26:07,6460,IT,,0.0,0.0,pending,1.5663584640582986
Alice,24,2018-06-19 17:42:12,18648,Finance,D,1000.0,0.0,,0.3365797016433501
Alice,67,2021-12-28 05:57:27,8597,Finance,D,1000.0,1.0,excellent,-0.0309990901006903
Eve,25,2017-07-14 06:06:28,17787,,D,0.0,1.0,ok,0.1241453579005738
Frank,30,2021-01-16 10:57:31,12564,HR,A,1500.0,0.0,pending,-0.3943995913973275
Alice,30,2019-10-22 03:51:49,5797,Finance,D,500.0,1.0,,-0.4539774152216904
Carol,29,2021-01-21 03:58:18,7275,Operations,C,0.0,1.0,pending,-0.5964321859912767
Frank,33,2022-11-26 11:46:19,3927,HR,C,1500.0,1.0,pending,0.4922394212239821
Alice,36,2018-10-22 13:03:45,10255,Finance,C,1000.0,0.0,excellent,0.5915349936494091
Eve,68,2023-04-01 04:34:42,4947,Finance,A,1500.0,0.0,pending,1.3187832495095837
Alice,45,2020-01-26 04:34:29,19962,,A,1500.0,1.0,ok,0.5984740772100391
Bob,25,2023-04-01 18:31:22,5151,IT,,1000.0,1.0,excellent,-0.9323483226864896
Eve,61,2019-05-26 04:08:35,3115,Operations,A,500.0,1.0,needs review,-1.0487790452783972
Frank,53,2023-04-15 20:50:19,3607,Sales,A,1000.0,1.0,excellent,1.5006589344031835
Frank,67,2020-09-27 00:04:50,8616,Operations,B,1000.0,0.0,needs review,1.138373745666024
Carol,50,2020-01-14 20:55:51,17536,Finance,C,1000.0,0.0,excellent,-1.3355902994692217
Dave,69,2020-07-02 07:32:57,19576,Operations,,500.0,1.0,excellent,-0.3344753495145551
Dave,28,2017-08-16 06:42:44,6796,,C,1000.0,1.0,ok,0.6330551648380599
Alice,19,2020-05-13 19:47:46,9173,IT,D,0.0,1.0,ok,-0.4001543512601964
Bob,49,2020-01-17 11:23:03,3403,HR,A,500.0,1.0,excellent,-0.8541584444310598
Alice,34,2020-03-21 03:11:10,10060,,D,1000.0,1.0,needs review,-0.3356076296740843
Frank,24,2018-07-23 00:25:10,3380,Finance,B,1500.0,1.0,excellent,1.3227892022348908
Dave,25,2021-11-25 23:20:14,13257,IT,,500.0,1.0,ok,-0.629778647584461
Frank,40,2020-12-21 01:40:40,6820,Finance,B,0.0,1.0,excellent,-0.2246248214461736
Frank,53,2021-07-15 07:44:20,11055,Operations,,0.0,1.0,,-0.8978622055934108
Bob,49,2017-08-03 15:59:21,17493,IT,,1000.0,1.0,excellent,-0.3085792439908494
Bob,31,2018-04-11 02:56:24,7041,HR,B,0.0,1.0,excellent,-0.3687713153065087
Carol,46,2022-08-18 08:46:24,15366,Sales,B,1000.0,1.0,excellent,0.5535099622547176
Eve,18,2018-03-07 09:25:31,8649,,B,1000.0,1.0,,1.277565137204498
Carol,42,2020-10-12 03:46:37,8178,Finance,B,1500.0,1.0,,-0.3862337158767081
Eve,51,2021-07-27 00:02:04,15961,HR,B,0.0,1.0,pending,0.6583248467464061
Alice,53,2023-09-04 09:08:38,14314,IT,A,1000.0,1.0,ok,2.661434663988966
Bob,36,2023-04-22 05:53:35,18793,Finance,C,1500.0,1.0,ok,0.3592082106181034
Carol,20,2021-02-19 03:15:10,15839,Sales,,1000.0,0.0,needs review,0.2524275483700354
Alice,63,2018-09-27 11:14:22,4682,,B,0.0,1.0,ok,-1.0981491829412793
Frank,23,2018-12-25 16:35:56,13924,HR,C,500.0,1.0,ok,0.420521815277472
Bob,57,2019-04-26 21:24:14,10243,HR,B,1500.0,0.0,excellent,-0.2986029232229776
Frank,44,2017-12-07 14:57:47,14409,Sales,C,1500.0,0.0,needs review,-0.7607498843432506
Carol,28,2018-06-19 17:25:03,17284,IT,D,1500.0,0.0,needs review,0.2796806401849863
Eve,35,2019-12-26 19:15:38,10488,IT,D,0.0,0.0,pending,-2.2688184886440683
Dave,68,2018-01-08 04:59:51,6226,Finance,,500.0,1.0,excellent,0.5639348872004133
Alice,22,2022-09-29 21:39:14,4402,Finance,,1000.0,1.0,ok,-1.1202152004426895
Dave,39,2019-11-09 14:50:17,10616,Finance,,1000.0,1.0,excellent,0.2127919351448803
Alice,46,2023-02-12 19:38:13,5312,Sales,B,1500.0,1.0,needs review,-0.9270919325560342
Bob,59,2022-12-21 01:20:03,10358,Sales,,0.0,1.0,excellent,0.4063992537517197
Carol,51,2021-01-28 14:43:48,5353,Finance,D,1500.0,1.0,excellent,-0.5519526933993664
Alice,69,2018-06-27 17:51:18,13495,,D,1000.0,1.0,,1.3575996523788705
Alice,56,2018-09-24 05:46:45,9742,Operations,A,1000.0,1.0,needs review,0.8966781088465379
Bob,65,2022-10-27 04:55:15,17292,Operations,D,1000.0,1.0,needs review,-0.4421295954355386
Carol,52,2022-08-03 18:46:01,8112,,,500.0,0.0,ok,-0.4596958906682403
Bob,68,2017-11-12 15:42:43,10398,HR,,1000.0,1.0,pending,0.0660254827929319
Bob,24,2018-10-20 08:20:44,9449,Finance,C,0.0,1.0,needs review,-0.3039229792729347
Frank,69,2023-01-02 23:51:12,12261,,D,1500.0,0.0,ok,0.0834711202876889
Frank,54,2022-09-01 22:06:01,4065,Finance,C,1500.0,1.0,excellent,0.1976462373486509
Bob,47,2022-03-01 03:41:11,9855,Sales,C,500.0,1.0,pending,0.8760993913310138
Eve,64,2019-12-26 17:53:48,16223,Operations,B,1000.0,1.0,pending,-0.8884197307127422
Frank,47,2019-12-08 13:32:02,17364,Operations,,1500.0,1.0,,0.755284726763272
Dave,57,2021-06-25 04:06:21,6221,IT,C,0.0,1.0,,-0.4140812738857311
Eve,58,2022-05-13 22:24:29,19957,Sales,A,1500.0,1.0,ok,-0.1207100640309247
Carol,25,2022-04-22 20:37:34,4141,,D,1000.0,0.0,pending,0.541180927034295
Carol,51,2022-06-02 10:29:10,18081,Operations,B,500.0,1.0,,-1.100585618097335
Dave,48,2021-02-05 21:24:41,6289,,C,500.0,0.0,needs review,-2.652425242342928
Carol,56,2022-10-13 19:58:00,13680,IT,D,1000.0,0.0,needs review,1.6318353312805465
Alice,59,2020-09-15 13:02:42,15536,Sales,D,500.0,0.0,,-1.0853579224278092
Frank,41,2019-03-22 10:08:56,5742,HR,B,1500.0,1.0,pending,0.1665756023741922
Frank,59,2021-09-21 06:40:36,5824,Operations,C,1000.0,1.0,needs review,0.4827613863088427
Bob,31,2022-05-21 19:13:54,7849,Operations,D,1500.0,1.0,ok,0.7102544002192805
Bob,35,2018-12-06 11:18:14,16252,,C,0.0,1.0,pending,-0.1697900798695056
Bob,47,2021-11-03 22:27:22,5187,Finance,C,0.0,1.0,,-0.8092255613893347
Alice,48,2022-01-05 12:23:44,3931,Operations,,1000.0,1.0,excellent,0.5956757418166897
Eve,64,2020-12-21 09:48:29,15550,Sales,B,1500.0,0.0,excellent,-0.0554063567818119
Bob,50,2023-02-20 11:54:24,11386,,,0.0,1.0,needs review,-1.6536586850171036
Dave,62,2021-07-14 04:27:44,3479,Operations,C,1500.0,0.0,needs review,-1.149941932905728
Carol,55,2023-05-28 19:05:23,15136,Finance,B,500.0,1.0,excellent,-0.9167587306430244
Alice,32,2019-01-15 17:53:50,17901,,D,1500.0,1.0,needs review,-1.3911984528163488
Carol,48,2019-11-10 06:07:15,17121,,C,500.0,1.0,,0.316576057412228
Carol,67,2020-07-06 20:09:57,4641,IT,D,1500.0,1.0,ok,-0.6571687161438634
Eve,33,2019-05-12 23:20:46,6322,,B,0.0,0.0,,-0.4782831364917428
Carol,34,2020-02-01 12:28:56,13166,Operations,,1000.0,1.0,,0.732970971382249
Alice,68,2020-10-17 11:56:05,8885,IT,D,1000.0,1.0,,-1.7685151751563444
Dave,41,2022-02-27 11:31:05,11301,IT,C,0.0,1.0,pending,-0.6680067760098907
Carol,32,2020-01-22 11:34:14,5954,Operations,D,1000.0,1.0,pending,-0.1483999236819379
Bob,44,2023-06-12 07:56:32,19561,Sales,C,1000.0,1.0,,-0.6981885440008497
Eve,45,2023-05-27 18:49:05,18029,IT,A,1000.0,1.0,ok,-0.8446635452373263
Carol,52,2023-04-25 22:39:30,3876,IT,D,1000.0,0.0,,-0.4281944852343212
Alice,41,2022-01-18 13:34:59,7748,Sales,D,1000.0,0.0,excellent,1.6548098017690387
Eve,35,2020-01-01 10:36:21,8468,Finance,C,1000.0,1.0,needs review,-0.0136887013348647
Dave,19,2021-05-27 16:46:13,3595,HR,B,500.0,1.0,ok,-0.5778353036816494
Frank,61,2020-04-04 13:35:03,14492,Sales,C,500.0,1.0,ok,1.9327206174642564
Alice,45,2017-10-11 17:27:23,8850,,,1500.0,0.0,excellent,-1.3660762232050363
Frank,28,2021-08-18 21:02:40,9335,HR,D,1500.0,1.0,ok,0.03678797567911
Carol,41,2019-03-08 14:30:51,13996,Operations,B,0.0,0.0,excellent,-0.2541223058112384
Alice,56,2021-11-02 13:43:45,16421,IT,,1500.0,1.0,needs review,-0.1468922722212707
Frank,64,2017-10-18 12:44:30,8802,HR,A,1000.0,0.0,needs review,-0.739276319516676
Eve,50,2018-10-12 14:50:40,3652,Operations,B,0.0,1.0,,0.3652613984521203
Alice,54,2019-05-28 03:54:27,10387,,,1000.0,1.0,excellent,-0.7028276477461259
Dave,31,2019-08-08 07:31:24,14610,Finance,,500.0,0.0,excellent,-1.6446070262749457
Dave,59,2020-11-19 08:21:47,3172,IT,,1000.0,0.0,needs review,0.9370805447379056
Bob,49,2019-10-25 12:07:16,13527,IT,D,0.0,0.0,excellent,-1.5032097593698657
Bob,53,2022-10-16 12:25:50,10699,IT,,1000.0,0.0,needs review,0.7738920513562629
Carol,20,2023-11-04 08:30:45,13198,HR,,1500.0,1.0,,-0.7082214692824319
Dave,28,2021-05-15 07:33:27,17226,IT,A,0.0,0.0,excellent,-0.2489584792197912
Eve,69,2017-11-01 16:36:16,3015,HR,D,500.0,1.0,,-0.2715367369582731
Bob,34,2021-09-01 13:16:06,18553,Finance,B,500.0,1.0,pending,-1.0700931160949585
Dave,52,2023-07-31 13:07:36,5572,Operations,,1000.0,1.0,ok,-0.1714785590876388
Alice,49,2022-02-04 16:52:42,12535,Operations,C,1500.0,1.0,needs review,-0.6698938580290512
Eve,29,2018-11-19 21:45:23,12775,Operations,A,1000.0,1.0,,1.688746774519286
Alice,67,2017-12-06 13:13:43,13327,HR,,1500.0,1.0,ok,0.4006995168158174
Frank,65,2022-12-02 04:58:15,18096,Sales,C,1000.0,1.0,needs review,-0.1993418648629956
Bob,66,2018-04-28 20:34:37,15186,Operations,A,1000.0,1.0,needs review,0.3269487396652526
Eve,56,2021-02-04 11:42:08,16989,Operations,C,0.0,1.0,needs review,0.902867467284963
Frank,27,2023-04-13 09:49:52,17087,,D,500.0,0.0,pending,1.2247222301038738
Eve,52,2018-08-02 04:52:42,19113,IT,D,1500.0,1.0,,-0.7920610373113155
Alice,37,2019-07-13 03:58:44,10817,Operations,D,1500.0,0.0,ok,1.1507313853396353
Eve,30,2020-03-05 17:18:09,19397,Operations,B,1000.0,0.0,,-1.058596736595584
Frank,66,2020-07-31 23:58:41,5577,Sales,A,1000.0,1.0,ok,1.097348589697886
Eve,36,2021-12-16 11:32:11,4168,IT,D,1000.0,1.0,excellent,0.1290778563409279
Alice,21,2022-11-06 23:26:32,5049,Operations,C,0.0,0.0,ok,0.2589001169484116
Bob,20,2020-12-24 04:42:36,15124,,B,1500.0,1.0,excellent,0.6723626452075899
Frank,55,2022-08-02 18:22:20,15990,Finance,C,1000.0,1.0,,-1.285528718859853
Bob,53,2019-08-11 15:12:53,18723,IT,,1000.0,1.0,,0.3238774232277743
Bob,50,2017-11-25 14:52:57,10245,,B,1500.0,1.0,excellent,-0.881178709962072
Frank,31,2021-10-12 01:06:54,13077,IT,D,1000.0,1.0,ok,-0.1755983360380069
Dave,23,2023-02-13 21:05:29,18575,Sales,,500.0,0.0,excellent,-0.7378707868826077
Frank,37,2023-08-31 01:55:22,19591,,B,500.0,1.0,needs review,-0.6136335390600993
Eve,38,2020-08-13 08:25:28,16139,HR,B,500.0,1.0,needs review,2.0969082976998856
Dave,59,2019-02-04 08:08:40,9410,,C,0.0,0.0,ok,-0.4029962602173174
Dave,48,2021-08-05 01:07:50,6601,IT,B,1000.0,1.0,pending,-0.3211376188189349
Bob,22,2018-07-04 02:23:30,3809,HR,C,1000.0,0.0,excellent,-0.3176472893800103
Carol,40,2019-02-03 00:13:59,17032,,C,500.0,0.0,,-0.3046474763611751
Carol,26,2021-10-05 04:37:17,14763,Operations,B,1000.0,1.0,needs review,-0.2765611256810189
Alice,35,2018-07-28 18:25:47,7015,HR,A,1000.0,1.0,,0.0170961027675237
Dave,49,2018-05-29 07:28:38,11203,Operations,C,0.0,1.0,needs review,0.6192964499898354
Bob,33,2023-10-17 15:25:21,13260,Sales,C,1000.0,1.0,needs review,1.5852163332954308
Frank,47,2023-05-21 09:06:52,19243,Operations,A,1500.0,1.0,excellent,1.83438504047278
Carol,38,2021-01-21 18:39:54,19279,IT,B,1000.0,1.0,,0.4302764972114032
Bob,32,2019-08-10 03:18:47,18856,Finance,C,500.0,1.0,excellent,-0.6745729624932002
Eve,49,2020-04-05 10:23:37,4610,,D,1000.0,0.0,ok,-0.131525745880907
Carol,37,2022-05-20 17:46:47,8532,Sales,C,1000.0,1.0,excellent,-2.0446510474415085
Frank,62,2022-11-27 19:17:09,9367,IT,B,500.0,1.0,excellent,-0.0625772829019847
Bob,56,2021-02-21 02:26:30,19904,HR,,500.0,1.0,needs review,-1.2163995473744185
Bob,27,2023-09-27 05:47:06,15380,Finance,C,1000.0,0.0,needs review,-0.8146200394224621
Frank,49,2023-03-08 20:54:29,18563,,,1500.0,0.0,pending,0.0052257624156503
Carol,28,2023-05-24 07:33:17,6930,,D,1000.0,0.0,needs review,-0.7306790007252862
Eve,59,2019-10-17 15:56:20,14535,Finance,,1000.0,0.0,needs review,0.1938851167064382
Frank,49,2019-10-29 15:58:45,6607,Operations,B,1500.0,1.0,needs review,0.833529106152593
Frank,64,2023-03-18 01:24:37,10666,,D,1500.0,1.0,,0.7206138963753308
Bob,27,2017-11-08 17:31:52,7316,Operations,B,1500.0,0.0,excellent,0.4234105244570534
Bob,68,2023-04-09 05:56:46,19986,HR,A,1000.0,1.0,needs review,0.4718079477279795
Frank,41,2021-10-05 23:48:29,10597,HR,B,1500.0,1.0,,0.4168525173455803
Eve,46,2021-05-05 21:17:09,12188,,A,1000.0,1.0,,-0.1361375385524817
Bob,19,2020-07-07 09:47:31,4254,,C,1000.0,1.0,pending,-0.3492509372236609
Dave,67,2019-05-25 23:04:15,8689,HR,,1000.0,1.0,needs review,0.0882306447945378
Bob,62,2023-07-23 00:02:37,15419,IT,D,500.0,1.0,ok,-2.1258092833414164
Dave,29,2019-11-20 19:38:27,18154,Finance,C,500.0,0.0,excellent,-1.4043602863740523
Dave,61,2019-04-25 04:59:14,3704,Sales,B,1000.0,1.0,ok,1.4017943771714152
Dave,42,2019-01-06 13:29:58,19306,IT,C,1000.0,0.0,ok,0.1295143693591724
Dave,61,2022-11-05 10:52:57,9252,Finance,D,1500.0,0.0,excellent,0.0545787724401544
Bob,41,2021-07-10 00:33:36,4626,IT,,1000.0,0.0,ok,-0.9200896121664708
Frank,33,2020-09-25 14:26:33,10074,Sales,D,1000.0,1.0,,0.208017126512864
Carol,23,2018-11-15 10:23:10,16008,Finance,A,500.0,1.0,excellent,1.6861422929172056
Frank,58,2022-09-02 04:02:07,14899,HR,,500.0,1.0,ok,-0.7167718884928342
Frank,20,2019-06-26 08:47:37,7454,IT,,1000.0,0.0,needs review,-0.4060423631279274
Eve,69,2021-09-14 12:20:07,4357,HR,,1000.0,0.0,needs review,-1.4983491451314794
Eve,27,2022-11-03 19:04:56,19748,IT,B,1000.0,0.0,needs review,0.72204856453403
Frank,50,2021-05-06 16:13:04,19072,HR,B,500.0,1.0,,-0.6054107550662031
Alice,64,2021-07-27 20:13:04,18462,Sales,,0.0,1.0,ok,-0.2506424572883456
Frank,58,2022-02-08 13:11:10,10376,Finance,C,1000.0,0.0,pending,0.5496310938379239
Carol,23,2023-07-03 09:44:39,7832,,A,1000.0,1.0,ok,-1.1826962270960109
Alice,55,2018-11-24 22:11:19,18413,IT,,1500.0,1.0,needs review,-1.532377558010223
Carol,47,2022-11-23 13:53:37,16295,IT,C,1000.0,1.0,,1.6421200576592898
Frank,60,2018-12-01 22:35:37,15516,Operations,C,1500.0,1.0,excellent,0.0446553818053898
Carol,30,2021-05-29 18:45:45,14489,Finance,C,0.0,1.0,pending,-0.7117918261847018
Alice,40,2021-12-11 05:38:22,10966,,A,1500.0,1.0,,-1.8573256861555965
Carol,21,2022-11-04 16:57:38,17320,Finance,B,1500.0,0.0,,-1.4263742432366515
Eve,31,2018-01-29 13:18:16,16021,Sales,D,1500.0,1.0,pending,0.5937074679565271
Carol,55,2022-09-17 18:08:44,17650,,B,500.0,1.0,excellent,0.5112405671189857
Eve,43,2023-08-06 08:09:37,18090,Operations,D,0.0,1.0,,0.3401020201236289
Alice,59,2023-01-20 02:23:57,17667,IT,D,1000.0,1.0,pending,-0.1998711905830264
Bob,19,2017-10-14 20:31:17,12947,Operations,C,1000.0,1.0,,-0.5817668144657794
Bob,69,2020-02-20 10:21:08,3634,,C,0.0,1.0,ok,-0.3854722388199733
Dave,28,2021-10-11 15:34:30,9057,Sales,,0.0,1.0,excellent,0.5322979093152567
Bob,64,2019-03-27 09:12:52,8509,HR,B,1500.0,0.0,pending,-1.2288361292779364
Carol,19,2022-08-28 17:37:34,10981,Sales,,500.0,1.0,ok,-1.2051014713358794
Dave,55,2022-06-09 21:45:57,17563,HR,C,0.0,0.0,excellent,-0.4566630950911617
Bob,21,2020-01-21 20:40:32,19315,Finance,D,1500.0,1.0,needs review,0.1479580346869207
Bob,64,2019-10-20 16:19:05,9520,Operations,C,0.0,1.0,pending,-1.1102191163824056
Frank,65,2018-07-21 22:49:33,9625,IT,A,1000.0,1.0,ok,-0.641970227660432
Carol,58,2023-02-07 23:09:40,14839,IT,,1000.0,1.0,,-1.279077212015079
Carol,55,2019-12-30 19:13:07,15169,Sales,A,1000.0,1.0,needs review,0.087039640625882
Frank,34,2018-09-15 15:08:38,14854,Finance,C,1000.0,0.0,pending,0.1402066841146269
Carol,69,2017-11-25 12:56:37,7469,IT,,1000.0,1.0,ok,-0.8429569214475624
Alice,40,2023-02-16 10:59:12,18544,IT,C,1000.0,1.0,needs review,-1.2263408993683664
Alice,48,2020-01-03 08:58:42,12221,,,1000.0,1.0,excellent,0.6532059491861151
Carol,33,2020-03-13 14:01:41,12851,IT,C,1000.0,1.0,,-0.5074686213363162
Frank,38,2017-08-05 10:21:29,14389,IT,D,1500.0,0.0,,-0.5223326893021509
Eve,50,2019-10-05 10:48:37,13111,IT,,1500.0,1.0,,-1.2639613675974626
Alice,69,2022-12-31 16:15:59,16668,Finance,C,1500.0,1.0,pending,-0.5844785727976691
Eve,35,2023-07-13 09:07:34,4382,Operations,C,500.0,0.0,needs review,0.4365374451049784
Eve,60,2023-09-10 13:24:40,9220,Finance,A,500.0,1.0,needs review,0.0449583791075248
Bob,18,2018-05-05 02:05:01,17937,Sales,D,500.0,1.0,excellent,-2.250946271199871
Frank,27,2017-11-11 06:57:56,4237,Sales,C,1000.0,1.0,ok,-0.0818385330534386
Alice,24,2022-10-28 13:58:21,14561,Operations,D,0.0,1.0,,0.5270541357642866
Bob,58,2019-12-31 23:56:09,14110,Operations,C,500.0,1.0,pending,0.1916346644860016
Bob,30,2019-06-25 08:16:20,15551,HR,B,0.0,1.0,,-0.0598615854024902
Dave,28,2018-01-25 16:30:37,16342,Finance,D,1000.0,1.0,ok,0.261433584454416
Frank,40,2018-04-10 23:23:02,6272,Sales,D,1500.0,1.0,pending,0.2890929307830804
Bob,44,2021-07-05 23:18:38,12716,Operations,A,500.0,1.0,needs review,1.1866101643409834
Carol,67,2017-07-31 21:51:19,3390,Finance,C,0.0,1.0,ok,0.4123316416150301
Eve,48,2018-04-13 09:52:02,10651,Sales,D,1000.0,1.0,,0.4912539216003015
Alice,54,2022-06-15 18:32:37,10776,HR,D,500.0,1.0,pending,0.352284145036315
Eve,55,2022-11-06 06:55:35,6839,,A,1000.0,1.0,needs review,0.3418699382319454
Alice,52,2020-08-30 05:48:10,13220,Finance,,1500.0,1.0,,-0.8998304847769859
Alice,32,2021-10-18 10:42:35,19343,IT,D,0.0,0.0,ok,0.293971555755354
Alice,38,2018-08-24 05:45:59,13061,IT,,0.0,1.0,pending,-3.4733695393513604
Alice,62,2023-05-01 04:48:02,12920,Sales,C,1000.0,0.0,pending,0.4946698795818772
Carol,50,2021-05-28 18:33:44,12335,Operations,C,1500.0,1.0,excellent,-1.09100310014877
Dave,24,2019-10-22 08:36:12,16583,IT,D,1000.0,0.0,needs review,0.1539188328166269
Frank,58,2022-01-25 21:30:08,18583,HR,C,1000.0,1.0,needs review,1.176049446230587
Bob,37,2017-08-06 07:18:19,10801,Sales,B,500.0,1.0,excellent,0.8340832975034542
Eve,69,2020-06-25 23:10:35,8666,HR,D,1000.0,1.0,,-0.9698578620644224
Eve,28,2021-04-06 05:34:33,10467,,B,1000.0,1.0,needs review,2.5053669858591583
Frank,49,2019-08-07 15:36:59,7778,Operations,D,1000.0,1.0,ok,0.5551922085139472
Dave,56,2022-10-04 14:14:32,18057,Sales,C,500.0,1.0,,0.3110411111116821
Dave,35,2018-03-04 21:21:47,19891,,D,0.0,1.0,ok,-0.6041007300617491
Bob,46,2022-01-01 06:31:34,17197,,,1000.0,0.0,,-0.0671162118009004
Frank,47,2020-02-14 18:15:09,17580,IT,C,1500.0,0.0,,0.6702739656662192
Dave,58,2020-12-25 19:11:36,17617,Sales,A,1500.0,1.0,pending,1.9119258131756505
Eve,60,2020-06-30 14:11:56,6308,HR,,1000.0,1.0,excellent,0.6580843847047434
Frank,63,2020-12-22 06:03:48,8440,Finance,A,1000.0,0.0,needs review,-0.4487870693574216
Frank,27,2022-08-08 08:59:37,3890,Finance,,500.0,1.0,pending,-0.547752233620047
Alice,49,2021-03-21 19:53:57,10853,Operations,,0.0,0.0,,-2.055159854886744
Bob,37,2017-12-01 00:17:47,11121,IT,A,1000.0,1.0,ok,0.2373804427903666
Alice,48,2023-03-22 16:42:05,12330,Finance,B,1000.0,0.0,excellent,0.2620891385853013
Carol,60,2020-08-18 21:21:17,12469,HR,C,1000.0,1.0,ok,0.5500385746549357
Bob,46,2019-10-18 11:17:26,16056,Operations,D,1500.0,0.0,ok,-0.7666944541059919
Dave,37,2018-09-16 11:21:17,14722,HR,C,1500.0,1.0,needs review,-2.56598175046328
Bob,26,2020-04-06 13:02:31,5049,Sales,B,0.0,0.0,ok,0.0964930874625975
Dave,48,2018-04-13 01:38:46,15997,HR,D,1000.0,0.0,excellent,-0.1619769923831156
Carol,58,2019-10-16 14:14:45,17720,HR,A,0.0,1.0,needs review,-0.7812139709203666
Alice,55,2020-06-02 04:27:51,19418,,C,1500.0,1.0,excellent,-0.174906744002628
Frank,68,2018-10-12 15:57:48,14254,Operations,D,1000.0,1.0,excellent,1.6157252859733149
Bob,25,2020-12-02 16:06:37,5572,HR,,1500.0,1.0,,0.7193537181797713
Dave,35,2017-08-26 09:04:46,4720,HR,,1500.0,1.0,ok,-0.836435282349262
Alice,54,2021-06-12 02:01:36,18486,Operations,B,1500.0,1.0,ok,-0.4733634198235904
Carol,62,2018-04-26 15:50:09,12094,Finance,C,0.0,0.0,pending,0.3507270848032737
Eve,47,2019-06-28 13:52:34,14401,Sales,,1000.0,1.0,pending,-0.4007239820366953
Eve,63,2018-01-17 17:10:47,6418,Operations,D,1000.0,1.0,pending,-1.1326393744070946
Bob,51,2022-12-18 22:20:41,15701,HR,A,1000.0,1.0,,0.8400316699862526
Frank,23,2018-12-31 19:56:12,7185,IT,C,0.0,1.0,,-0.0321449354144473
Frank,29,2019-07-26 15:29:36,19982,HR,D,500.0,1.0,,-0.4119425554448659
Eve,22,2020-07-11 09:53:57,10388,IT,C,1000.0,1.0,ok,0.2279887259562971
Carol,25,2022-09-05 01:12:42,7190,HR,B,1500.0,0.0,,0.1548339656964101
Frank,66,2021-07-24 17:12:45,16902,HR,C,0.0,1.0,ok,-0.7432522406829747
Carol,44,2017-09-16 08:25:40,15922,Sales,C,0.0,0.0,excellent,0.1935513710245617
Carol,24,2018-04-11 05:20:16,12184,Finance,,1000.0,1.0,pending,0.2353170805743639
Carol,65,2020-09-21 12:55:04,16902,Finance,D,500.0,0.0,needs review,-0.0180302740088825
Carol,32,2022-06-25 19:29:00,12370,HR,D,1500.0,1.0,pending,-0.2050849261694974
Bob,39,2018-03-02 00:10:19,14581,Operations,D,500.0,1.0,excellent,1.646030656807893
Eve,20,2023-01-04 06:16:12,18544,Operations,D,1000.0,1.0,pending,1.674492335201606
Bob,59,2020-09-02 16:22:23,4363,,D,1500.0,1.0,pending,0.6642554342221716
Bob,47,2021-10-26 21:46:35,17331,HR,B,0.0,0.0,needs review,0.5634267129865421
Eve,25,2020-01-24 19:24:47,13543,Operations,A,1000.0,0.0,excellent,1.1750617680323496
Bob,43,2021-04-11 04:40:12,6703,IT,C,500.0,1.0,excellent,-0.3742737351142169
Frank,44,2021-12-06 22:01:25,14828,IT,B,1000.0,1.0,ok,-0.3534193575185649
Frank,42,2023-01-03 09:45:03,17258,HR,C,1500.0,1.0,,0.5138700869116564
Alice,21,2020-05-11 07:29:24,7210,HR,A,1000.0,1.0,pending,-1.6279061372595778
Eve,22,2020-04-07 19:36:33,5868,Sales,,0.0,1.0,excellent,0.3381359116230777
Carol,25,2020-04-23 10:18:54,13751,,C,1000.0,1.0,ok,-1.1630700976256747
Dave,39,2019-09-12 05:42:39,19630,HR,,500.0,1.0,ok,-1.1583194974854667
Carol,21,2020-05-16 19:23:34,12917,Finance,,1000.0,1.0,excellent,1.2180276831449055
Bob,21,2017-09-23 19:51:32,12494,Finance,D,0.0,0.0,,1.2624749769481505
Eve,68,2022-07-21 04:00:56,4043,Operations,A,0.0,0.0,excellent,-0.9995515117254722
Carol,38,2021-01-22 14:11:44,6077,HR,D,1000.0,0.0,needs review,-0.6180661146781693
Dave,50,2021-10-28 21:11:06,19650,,C,1000.0,1.0,pending,0.904057617492037
Alice,52,2020-05-14 20:22:02,12182,Finance,D,500.0,1.0,pending,-0.8893944143570066
Frank,55,2017-08-10 17:33:20,12106,,A,1500.0,1.0,excellent,-0.2856654659407954
Alice,52,2020-01-17 04:18:54,12007,Finance,B,0.0,0.0,excellent,1.6616495472844126
Eve,31,2018-05-14 01:39:23,13615,IT,D,0.0,1.0,needs review,0.8061374958274272
Eve,46,2018-10-21 13:22:15,6585,,B,1000.0,1.0,pending,-0.3285492872824576
Frank,66,2019-04-14 09:38:35,12472,,A,500.0,1.0,needs review,1.1112458344088971
Alice,42,2022-09-04 07:36:00,11250,Operations,,1500.0,0.0,,-1.5778531188111162
Dave,52,2018-02-23 08:48:11,17659,HR,A,1000.0,1.0,pending,0.9685083758121732
Carol,37,2021-12-15 21:16:48,7040,Sales,A,0.0,1.0,pending,-1.4443280809419905
Carol,41,2022-01-18 07:24:14,4518,Operations,A,1000.0,0.0,needs review,-0.476442958939092
Frank,40,2022-09-04 02:34:05,15831,Sales,B,1000.0,0.0,,-0.2373073143311966
Dave,26,2022-04-04 23:55:23,7782,,C,1500.0,0.0,excellent,-0.8261174941995001
Dave,53,2021-08-20 13:03:01,3923,Sales,C,1500.0,0.0,excellent,0.286868057687575
Carol,21,2022-10-14 16:58:37,19620,Finance,,1000.0,1.0,excellent,0.9053294735394394
Dave,24,2018-11-27 17:06:26,16580,IT,D,0.0,0.0,pending,-0.3346021768309057
Carol,28,2018-08-29 02:12:02,4435,Finance,A,500.0,1.0,ok,1.4063990393187944
Eve,43,2020-02-03 14:47:21,18127,Sales,D,1000.0,1.0,needs review,-1.0134379671500666
Alice,37,2018-08-10 12:34:49,11466,Sales,D,1500.0,0.0,pending,0.7648064638142958
Dave,45,2023-05-01 10:26:44,9804,HR,A,1000.0,1.0,excellent,0.6597295612596754
Frank,67,2018-05-01 01:36:19,3813,HR,D,500.0,1.0,ok,0.4614845307248952
Dave,30,2019-07-15 00:35:58,19734,IT,B,0.0,1.0,needs review,-1.1132718335917278
Bob,26,2019-05-30 15:08:35,8712,Operations,B,1000.0,1.0,,-0.2197308982381653
Carol,30,2023-07-02 16:02:05,8147,Sales,C,500.0,0.0,needs review,-1.162793197355039
Frank,51,2022-01-06 07:08:14,3159,IT,C,0.0,1.0,needs review,0.8661822443873306
Frank,24,2020-02-23 06:17:34,12002,Sales,C,1000.0,0.0,pending,-0.0650689759684577
Alice,49,2022-07-18 10:33:08,16087,Sales,,1500.0,1.0,needs review,-0.4067749717518961
Frank,54,2021-04-18 00:53:38,3798,HR,A,0.0,0.0,excellent,-0.8780184388157114
Bob,41,2018-09-21 22:45:33,14377,Finance,B,1000.0,0.0,pending,0.0615572365527641
Eve,27,2019-04-30 04:49:33,12519,Sales,D,1000.0,0.0,,2.7006928074016217
Eve,61,2021-11-17 16:32:22,8364,HR,A,1000.0,1.0,ok,-0.3143059939487801
Carol,22,2023-04-23 12:58:03,6550,,C,1500.0,1.0,pending,-0.4698194821444107
Eve,52,2021-04-24 11:41:44,4434,Operations,,1000.0,1.0,excellent,-0.6966587805295743
Bob,54,2020-02-26 04:30:54,8629,Sales,B,1500.0,1.0,excellent,0.6029972047444851
Dave,55,2017-10-04 03:13:39,5603,IT,D,1500.0,0.0,excellent,-0.8160305330571521
Carol,40,2018-10-30 16:11:47,7211,Operations,D,0.0,1.0,pending,-0.3491292510108525
Eve,41,2023-08-09 20:38:11,12584,Sales,B,500.0,0.0,ok,0.4938463516489866
Carol,60,2020-03-11 18:29:24,12797,HR,B,1000.0,1.0,ok,-1.5410099239132953
Bob,53,2017-07-22 13:35:48,12954,Finance,,500.0,1.0,needs review,1.414700009878879
Dave,36,2023-02-23 17:53:38,10016,Finance,D,0.0,1.0,pending,1.8945991306142236
Frank,27,2019-07-18 22:58:52,17412,IT,A,1500.0,1.0,ok,0.7971955047424159
Eve,31,2018-08-19 21:45:41,5317,Sales,C,1500.0,1.0,needs review,0.8850715692981659
Bob,45,2021-02-23 17:52:10,17314,IT,C,500.0,1.0,needs review,1.256636276302006
Bob,38,2020-06-27 15:08:05,4786,Operations,,1000.0,1.0,pending,1.929029082986854
Eve,52,2022-09-19 16:05:47,9598,Sales,B,1000.0,0.0,,-0.2350143548210691
Alice,40,2018-02-24 12:24:21,5093,Operations,,1500.0,1.0,pending,-0.1042501211513053
Eve,52,2022-10-20 02:16:33,17132,HR,,500.0,1.0,pending,-0.03148525861239
Alice,21,2023-02-28 00:22:03,11902,Sales,A,1000.0,1.0,excellent,-0.1736136453243357
Dave,32,2020-06-07 20:20:06,10949,Operations,D,1000.0,0.0,needs review,-0.1789926467648176
Frank,42,2020-05-14 00:21:43,9524,Finance,C,1000.0,1.0,excellent,-0.302780660416751
Eve,49,2018-10-15 13:51:52,9806,,C,1500.0,0.0,needs review,-1.0219821467160233
Alice,58,2023-07-06 17:24:11,14061,HR,C,1000.0,1.0,,-1.2121305046690956
Carol,62,2018-12-11 20:17:12,6102,IT,B,500.0,1.0,excellent,-0.9026484848525902
Frank,54,2023-10-20 04:31:42,18489,Finance,,500.0,1.0,excellent,0.1475040526003687
Alice,47,2019-01-04 08:09:54,3298,IT,D,0.0,0.0,excellent,1.0079354556998965
Frank,34,2018-07-03 16:27:33,18514,Sales,,0.0,1.0,needs review,-0.3116187850032429
Frank,26,2020-02-08 19:36:08,17839,Finance,,1000.0,0.0,needs review,1.3597117443462423
Carol,50,2021-08-20 11:21:54,14601,IT,,1000.0,0.0,excellent,1.714301619234354
Frank,63,2021-10-13 03:59:30,13252,,D,1000.0,0.0,,-0.6343155432898628
Frank,67,2023-04-30 19:30:59,6640,,B,1000.0,1.0,ok,-0.7097621913469556
Dave,29,2019-07-03 08:53:02,17022,Sales,A,0.0,1.0,pending,1.7949743543961474
Dave,45,2023-01-26 23:57:24,9044,Operations,B,500.0,0.0,excellent,0.6436681778049411
Dave,52,2020-01-21 15:15:34,15945,,A,500.0,1.0,excellent,-0.3032427096754631
Alice,34,2017-10-04 16:39:25,17210,IT,C,1500.0,0.0,pending,-0.2039879053189279
Eve,45,2019-12-26 15:02:03,3550,Sales,A,1000.0,0.0,,-0.0905493417722782
Carol,33,2022-11-10 09:49:21,13217,HR,A,0.0,1.0,ok,1.0316175865000254
Alice,69,2018-08-03 09:11:36,8519,IT,A,1500.0,0.0,needs review,0.6837119196861501
Eve,56,2018-10-23 17:42:16,14730,Operations,D,1000.0,1.0,excellent,-0.0386972642079478
Frank,56,2017-11-01 07:56:44,4750,HR,D,0.0,0.0,,0.2647034815306864
Eve,51,2022-02-19 15:25:55,9151,Finance,,0.0,0.0,excellent,-0.9176619211036734
Frank,67,2023-06-12 03:22:56,7314,HR,D,0.0,1.0,needs review,0.404170897173483
Dave,40,2022-04-26 01:41:43,3161,Finance,D,1500.0,1.0,needs review,0.1213632620846964
Carol,48,2020-12-24 12:06:39,16525,Operations,A,1500.0,0.0,,0.7004245668099608
Carol,62,2018-07-26 23:52:16,15205,IT,B,1500.0,1.0,needs review,0.0120378903791319
Alice,42,2018-03-31 22:19:42,19627,IT,,1500.0,0.0,excellent,-0.3890671302121278
Eve,29,2020-10-02 23:47:54,3855,Finance,D,1500.0,1.0,,0.0838242833416527
Dave,53,2023-07-10 23:05:04,13287,Finance,,1000.0,0.0,needs review,-2.496488005885333
Bob,31,2022-02-17 17:31:34,14496,Sales,B,1500.0,1.0,excellent,1.1982169617212362
Eve,37,2022-05-31 14:18:57,7639,Operations,D,1500.0,1.0,,-0.3063301951970179
Alice,32,2019-09-29 10:25:53,10555,IT,C,1000.0,0.0,pending,0.6716021707489938
Frank,60,2019-04-28 02:12:51,15065,Operations,,1000.0,1.0,excellent,0.4970320953507517
Frank,48,2023-02-07 01:45:30,14515,Finance,A,1500.0,1.0,excellent,0.5376711094822133
Carol,21,2017-08-17 09:30:58,12157,Operations,A,500.0,1.0,needs review,-2.306339940033453
Frank,63,2017-09-09 19:59:46,19195,,C,1000.0,0.0,excellent,-0.3690596038148293
Carol,35,2018-07-21 10:39:54,6708,Operations,C,0.0,0.0,needs review,-0.0050335883111581
Dave,46,2023-08-31 15:05:43,19900,IT,C,0.0,0.0,pending,-0.8936303113670689
Eve,34,2019-01-28 13:40:30,18114,,A,1000.0,0.0,ok,-0.8077921170306602
Carol,29,2019-05-09 02:34:56,19735,HR,B,1000.0,1.0,ok,-0.3290162108150228
Dave,33,2018-07-22 13:27:24,8458,IT,D,0.0,1.0,excellent,0.9251152981277546
Eve,26,2020-05-11 15:42:47,3360,,C,500.0,1.0,ok,-1.091250721946095
Dave,34,2023-03-09 23:57:04,15365,Sales,A,1000.0,1.0,ok,-0.6836588374659186
Dave,42,2020-09-03 11:15:47,4439,IT,A,1000.0,1.0,excellent,-0.8577168259472389
Dave,42,2018-05-09 01:05:49,5459,IT,,0.0,1.0,pending,-0.934246019747384
Carol,34,2022-03-22 04:25:58,6952,IT,B,1000.0,1.0,excellent,0.821435400260391
Carol,69,2019-12-29 16:34:22,6166,Sales,,0.0,0.0,needs review,0.0285301999736683
Bob,48,2018-11-21 12:18:59,5413,IT,C,1000.0,0.0,excellent,2.5485516799986176
Bob,21,2018-05-22 11:48:47,18000,Sales,D,0.0,1.0,excellent,-0.590438026272367
Eve,38,2023-10-28 16:19:28,10764,Operations,,1500.0,1.0,pending,-1.3201878555368949
Dave,22,2023-09-14 12:00:24,15652,Sales,,500.0,1.0,needs review,1.894270871511213
Carol,34,2017-09-05 18:45:35,9651,Sales,C,1000.0,1.0,ok,-0.5798454796633162
Alice,53,2017-08-24 18:56:17,10724,HR,,1000.0,1.0,ok,-1.4102002649922003
Eve,28,2017-08-12 14:58:15,7543,Finance,B,1000.0,0.0,,0.1501023501484095
Dave,42,2021-08-03 21:00:51,16243,HR,D,1000.0,1.0,excellent,-0.70564891023134
Carol,38,2022-04-27 18:39:02,16259,IT,A,500.0,1.0,ok,-1.7508539899503637
Bob,46,2018-08-27 21:19:24,15340,Operations,,0.0,1.0,needs review,1.1644524615999583
Eve,50,2022-01-17 05:58:13,14976,Operations,,1000.0,1.0,ok,0.9750541670096614
Dave,22,2017-11-23 07:28:06,7287,Sales,A,1500.0,1.0,needs review,-0.3646251746337544
Eve,44,2023-07-27 17:30:59,19341,,A,0.0,0.0,,0.210128465284947
Frank,68,2021-05-06 23:45:18,17067,HR,D,1000.0,1.0,,-1.2000245575377635
Frank,40,2020-09-01 13:02:54,4983,IT,,1500.0,1.0,ok,-1.7551099084906885
Bob,59,2022-07-26 23:32:29,18624,Operations,A,1000.0,1.0,excellent,-0.3465118042104272
Dave,32,2023-10-31 10:57:03,3374,IT,D,1500.0,1.0,ok,-0.8870015220609546
Carol,20,2021-07-27 00:54:09,19156,HR,A,1500.0,1.0,pending,-0.3277535925383359
Eve,57,2022-09-22 14:42:21,7135,Operations,B,1500.0,1.0,needs review,-0.2498417238384905
Carol,63,2019-03-20 04:59:57,10893,Sales,A,1000.0,1.0,,-0.5467378175781006
Bob,28,2018-09-10 02:10:50,5912,IT,B,0.0,1.0,needs review,-0.6164237430136157
Dave,43,2022-06-17 15:31:40,9685,IT,A,1500.0,1.0,pending,-1.4834411905900031
Eve,31,2021-12-11 18:06:31,16485,IT,D,0.0,0.0,needs review,-0.4283966990970383
Frank,39,2022-07-07 10:45:25,5235,Finance,C,1000.0,1.0,pending,-0.7305230157938505
Frank,35,2020-07-22 05:01:46,12072,Operations,C,1500.0,1.0,pending,0.5947052258975641
Carol,59,2018-11-07 06:11:25,18197,Finance,C,1000.0,1.0,ok,-0.2771688942979728
Eve,23,2022-05-01 23:34:12,19388,Operations,D,1000.0,1.0,needs review,-0.8498785346458986
Dave,42,2018-05-09 15:49:05,11189,Sales,D,500.0,1.0,pending,-0.4328539374641792
Eve,29,2017-08-21 23:37:26,14010,HR,C,1500.0,1.0,ok,1.317249764925996
Alice,40,2017-10-22 07:24:54,13276,,D,500.0,1.0,ok,1.1760644218177725
Carol,21,2018-02-07 11:27:19,9610,HR,D,0.0,1.0,pending,-1.4300022197762647
Frank,40,2018-07-07 13:49:42,10228,,D,1000.0,1.0,pending,-0.4330210272961737
Dave,60,2021-12-04 03:26:11,4203,Finance,A,1000.0,0.0,pending,-0.6078215905454484
Carol,29,2023-06-06 19:10:47,6287,Operations,D,0.0,1.0,,-0.3662130977201466
Frank,42,2022-12-06 21:04:42,16603,HR,B,1000.0,1.0,excellent,-0.7040648024487736
Carol,61,2022-04-05 23:23:00,17387,IT,,1000.0,1.0,pending,-0.474831533133343
Dave,38,2022-11-30 09:20:42,4257,IT,D,1000.0,0.0,pending,0.361426985790119
Carol,39,2021-03-27 15:21:21,7382,Operations,,1500.0,1.0,,-0.6810163854409329
Eve,48,2019-02-11 22:24:12,13531,Operations,A,500.0,1.0,pending,0.480346414220502
Carol,32,2023-08-24 20:11:00,15334,Operations,B,1000.0,1.0,needs review,1.5468773064151968
Carol,22,2020-06-20 08:21:46,9498,HR,A,1500.0,1.0,excellent,0.8045766201226651
Bob,30,2023-02-20 03:01:24,3022,Operations,C,500.0,1.0,,0.5718111080991012
Carol,60,2018-11-02 18:16:53,18778,Operations,,1500.0,1.0,excellent,0.6088825377571775
Eve,30,2019-09-12 14:00:22,16428,Sales,,0.0,0.0,pending,2.339224697874264
Frank,24,2023-09-21 17:32:05,4145,,A,500.0,1.0,excellent,1.2393729308219803
Eve,61,2021-07-20 04:02:24,3210,Finance,C,1500.0,1.0,needs review,2.9511914932252337
Eve,51,2019-08-27 20:33:30,8538,HR,B,1500.0,1.0,pending,0.3793525383748266
Carol,23,2018-08-17 09:24:03,9598,HR,D,500.0,1.0,needs review,-0.3835378052202317
Bob,50,2021-07-17 23:36:38,13217,Operations,,500.0,1.0,,2.281997197620798
Carol,23,2020-05-10 21:21:55,17152,Finance,,1000.0,1.0,needs review,0.7686987911573299
Bob,34,2020-11-14 09:47:03,19301,,B,1000.0,1.0,ok,-0.5665202372686263
Frank,68,2022-06-21 00:12:50,14159,,B,0.0,0.0,ok,0.0696019389717116
Eve,31,2023-03-05 21:41:16,12923,HR,A,0.0,1.0,needs review,-0.2580620733152635
Carol,61,2022-05-20 13:14:27,15285,HR,A,1000.0,0.0,pending,2.367961327669676
Dave,26,2020-05-08 10:56:52,7137,IT,A,1000.0,0.0,needs review,0.9319149521695964
Carol,51,2020-08-12 17:46:45,15937,Sales,B,0.0,0.0,pending,-1.3741256824296748
Eve,37,2020-10-25 23:11:46,15460,IT,D,500.0,0.0,pending,-0.6855189628615311
Frank,38,2018-02-08 12:12:49,6670,IT,,1000.0,1.0,,0.2275116903147114
Frank,23,2021-11-03 23:48:42,9787,,C,1500.0,1.0,,0.8637507687195368
Frank,69,2020-09-10 21:20:00,9404,Finance,,1000.0,0.0,,0.8139692388306885
Carol,21,2023-09-30 03:18:49,15368,Sales,B,500.0,1.0,ok,-1.0062401010814983
Eve,25,2022-11-08 13:29:49,6537,,B,1000.0,1.0,needs review,1.371633037530666
Eve,18,2022-04-17 21:54:47,5708,,D,1000.0,0.0,ok,-0.5702738397543957
Eve,62,2018-08-08 17:09:30,9500,Finance,B,1000.0,1.0,needs review,-1.741557694795478
Carol,49,2022-01-05 20:20:24,18891,,B,1500.0,1.0,pending,1.7089908739443518
Carol,39,2023-04-12 09:52:41,9037,,D,1500.0,1.0,ok,-3.1767740477895514
Carol,59,2019-12-25 05:08:12,19781,IT,A,1000.0,1.0,pending,-0.5099452254345773
Bob,69,2020-01-28 00:20:01,18377,HR,,1000.0,0.0,needs review,0.9165433284001754
Alice,56,2018-05-08 17:08:34,14243,HR,A,1000.0,1.0,ok,1.1908089771344923
Eve,34,2022-07-21 16:42:53,4155,Finance,,1000.0,1.0,excellent,-0.4520217846567563
Dave,35,2020-07-12 06:59:41,18752,HR,,500.0,0.0,pending,0.742175862822865
Alice,60,2017-07-15 22:53:01,13959,IT,C,500.0,1.0,needs review,-0.6593681819666439
Frank,57,2018-05-10 06:33:05,14933,Finance,B,1000.0,1.0,,-0.3846160774066576
Carol,68,2023-10-28 07:34:20,18818,,C,1000.0,1.0,ok,0.1693215113366659
Eve,53,2022-07-28 23:14:00,4982,Operations,,500.0,1.0,needs review,0.0988450297344132
Eve,40,2020-02-23 00:27:13,4163,,B,1500.0,1.0,,-2.0901179065306588
Alice,28,2023-08-29 22:16:27,15356,Finance,A,1000.0,1.0,,0.0149960256286343
Eve,68,2020-11-21 16:46:52,13854,Finance,A,500.0,1.0,pending,-1.4130419739897948
Alice,29,2018-08-07 02:42:58,13906,IT,D,0.0,1.0,pending,-0.805804889755361
Dave,51,2018-07-03 20:19:16,9831,Operations,A,1500.0,1.0,needs review,-0.6734718910967307
Eve,38,2020-01-19 21:25:09,3056,Sales,D,1500.0,1.0,pending,-0.9297807233681592
Bob,62,2023-09-26 13:21:21,7494,Operations,C,1500.0,1.0,needs review,0.6891526639375111
Bob,43,2021-03-27 10:37:40,19867,IT,B,500.0,1.0,,0.6885020665615742
Carol,32,2020-03-04 18:34:47,15126,Finance,,0.0,0.0,ok,-1.836296355204424
Eve,33,2021-04-24 11:48:08,16710,Sales,C,1500.0,0.0,needs review,-0.7008858885040223
Bob,32,2023-09-27 02:40:38,9233,IT,B,1500.0,1.0,ok,-1.1514713603688345
Frank,25,2020-08-20 13:29:40,19773,HR,,500.0,1.0,ok,1.3900199884718376
Bob,39,2023-09-18 15:48:24,14511,,,1000.0,1.0,excellent,-0.1390628507219702
Eve,45,2023-09-25 23:00:47,9662,,D,500.0,1.0,ok,-0.3374645946063921
Frank,57,2023-01-27 11:55:43,14563,Operations,C,500.0,0.0,needs review,-0.1594573152747177
Carol,60,2018-02-15 05:49:49,12654,IT,C,1500.0,1.0,ok,-0.6569690636749508
Carol,62,2019-12-09 20:07:31,14101,,,1500.0,1.0,excellent,1.064410391679201
Frank,53,2023-10-11 16:28:59,4533,Finance,A,1000.0,0.0,ok,-0.572684640636784
Alice,25,2020-04-09 17:56:44,15013,,A,500.0,0.0,pending,-1.4407513237882057
Carol,59,2018-09-22 13:45:38,9883,IT,A,1500.0,1.0,pending,2.07398386475186
Carol,58,2022-05-29 10:21:55,16474,HR,A,1000.0,0.0,,0.1279858069438728
Alice,62,2020-05-29 01:29:47,8857,IT,D,1500.0,1.0,pending,0.0493323731226649
Bob,20,2022-03-01 16:06:56,6123,Operations,,1000.0,1.0,excellent,0.1758729696980678
Eve,52,2020-06-05 23:14:44,5363,HR,C,500.0,1.0,ok,-0.6372863812125305
Eve,39,2021-07-19 19:41:13,14251,HR,B,1000.0,0.0,excellent,1.8685401122348688
Alice,68,2023-04-11 02:24:54,13853,Operations,,1500.0,1.0,ok,1.2712377038663292
Frank,24,2017-08-04 03:38:51,3544,IT,B,1000.0,0.0,needs review,0.6927173333335783
Frank,38,2021-03-09 10:05:48,18541,,A,1000.0,1.0,excellent,-0.0062750927726484
Carol,28,2023-01-25 09:04:53,13328,IT,B,1500.0,1.0,,1.4532909315714675
Frank,35,2023-03-20 19:22:35,6286,Sales,C,0.0,0.0,excellent,-0.9233705677081234
Alice,58,2023-06-27 14:34:16,16807,IT,B,0.0,1.0,needs review,-0.2678107459341153
Alice,32,2020-07-24 10:39:11,11894,Finance,B,500.0,1.0,needs review,0.9308242773109692
Alice,33,2023-01-04 12:16:14,10711,Finance,,1000.0,1.0,,-1.7566201403124564
Dave,34,2023-06-05 18:40:10,4999,HR,B,1000.0,1.0,ok,-0.8499654313955346
Dave,20,2021-07-13 18:05:28,4570,Finance,,1500.0,1.0,,0.3312651012541831
Dave,56,2020-08-19 03:05:15,19227,Sales,A,1000.0,0.0,pending,0.714657470015957
Dave,69,2023-09-04 10:32:04,6323,IT,D,1000.0,1.0,needs review,-0.6370505188054276
Frank,46,2020-03-06 07:30:02,18363,Operations,A,1000.0,0.0,excellent,0.5825770402938192
Frank,65,2023-05-02 15:54:26,11149,,D,0.0,1.0,,-2.8573983116343595
Dave,41,2019-09-02 23:03:54,6834,IT,B,1000.0,0.0,needs review,-0.6025307711856873
Carol,23,2020-08-22 02:41:30,11215,Sales,A,1000.0,0.0,,0.6265320219646316
Alice,68,2018-10-04 02:37:29,10062,IT,C,1000.0,1.0,needs review,0.7665583581518466
Dave,48,2022-07-08 22:54:56,10386,Operations,B,1000.0,1.0,excellent,0.4861497038993318
Frank,18,2019-07-02 05:29:22,13704,Operations,D,0.0,1.0,ok,0.3411690310533553
Eve,24,2019-09-25 09:32:34,8280,Sales,A,1500.0,1.0,pending,2.5125706957797456
Dave,42,2022-05-18 17:08:55,8804,Operations,A,1000.0,1.0,pending,-0.4817485890868155
Dave,28,2022-05-07 06:04:15,12768,Sales,C,1000.0,1.0,excellent,1.7654830396953205
Frank,62,2018-08-31 11:11:36,6397,Sales,A,1500.0,1.0,needs review,-1.2743849930853814
Eve,41,2018-05-16 05:52:24,15895,IT,A,500.0,1.0,ok,-0.9529375351278844
Frank,31,2020-12-13 07:50:13,10525,HR,,1000.0,1.0,pending,-0.8024313528145018
Bob,44,2021-05-29 15:51:27,16096,Finance,A,1500.0,1.0,ok,0.1388485753714309
Frank,30,2020-10-02 22:22:53,14485,IT,A,500.0,1.0,,-0.5054002058326585
Alice,41,2017-11-10 21:20:49,4133,,C,1000.0,0.0,ok,-0.7477041959110169
Carol,64,2017-12-14 20:07:34,3986,Finance,,0.0,0.0,pending,-0.6570806995444672
Eve,26,2021-09-11 00:14:53,10344,Operations,B,1000.0,1.0,needs review,0.4162875027632939
Eve,56,2021-07-19 03:01:45,11338,IT,,1500.0,1.0,pending,-0.4591895673072216
Dave,29,2020-05-23 14:18:57,13119,,D,1000.0,1.0,needs review,1.198444670672193
Carol,21,2019-09-13 03:48:01,16581,IT,D,500.0,0.0,excellent,0.3003239153268398
Alice,19,2018-11-06 22:08:12,18883,IT,,0.0,1.0,excellent,0.0196477666491081
Frank,55,2022-11-20 12:52:19,4562,Sales,B,500.0,1.0,,-0.4775102281108059
Dave,45,2018-07-13 00:34:23,7748,IT,A,500.0,0.0,excellent,0.4975490071862897
Bob,23,2023-11-13 02:00:45,15410,Operations,,1000.0,1.0,pending,-0.0954894129187741
Dave,45,2022-12-01 19:02:28,17657,,A,1000.0,0.0,,-1.696468468985901
Bob,40,2020-10-18 09:38:33,11327,Operations,A,1000.0,1.0,ok,-2.003125012189721
Dave,24,2017-08-16 16:07:35,4155,Operations,B,1000.0,0.0,ok,0.5495793690134871
Dave,23,2022-09-20 13:28:18,4144,,B,500.0,0.0,needs review,-1.2412052192569698
Frank,58,2018-03-22 01:56:43,19133,Finance,C,500.0,1.0,pending,1.058387705229213
Frank,42,2023-06-11 20:52:41,15727,Operations,A,1500.0,0.0,pending,0.3378450917074308
Bob,48,2017-09-28 03:21:46,6731,,C,1500.0,0.0,pending,-0.3848003190478197
Carol,30,2022-02-05 21:48:10,19968,Finance,C,0.0,1.0,,2.732001898665169
Eve,32,2017-10-18 03:30:53,4422,HR,C,1500.0,1.0,excellent,-0.7265176724356779
Carol,44,2018-01-21 08:07:03,13189,Finance,C,0.0,1.0,ok,-0.2326689545172646
Bob,43,2022-12-22 02:42:47,4164,IT,,1500.0,1.0,excellent,-0.1128497108609227
Frank,50,2022-05-08 00:04:48,4713,HR,A,1500.0,0.0,needs review,-0.137411369836264
Frank,65,2017-10-24 04:22:34,15529,Finance,B,1000.0,1.0,excellent,0.9140111557736847
Dave,56,2018-09-09 23:19:48,18741,Operations,C,500.0,1.0,excellent,-0.6540403023597834
Eve,20,2019-04-07 10:56:02,3162,Sales,B,0.0,1.0,excellent,-0.3154000741382367
Carol,41,2020-03-24 14:03:13,19599,Finance,B,1000.0,1.0,,1.5399507439712414
Dave,44,2020-04-04 21:58:26,4285,IT,A,1000.0,1.0,,-1.1706669927479847
Bob,36,2019-08-06 14:41:29,12585,Finance,A,1000.0,1.0,excellent,0.5349012745039106
Carol,20,2019-11-19 14:05:16,16723,Operations,A,1500.0,1.0,needs review,-2.8896466552140407
Frank,62,2021-09-07 08:44:03,12908,IT,A,500.0,1.0,,-0.0038871201210681
Dave,49,2021-11-30 15:30:14,10288,HR,B,500.0,0.0,ok,-0.7604982018179977
Eve,67,2017-08-09 05:01:58,5248,Operations,D,500.0,0.0,ok,0.1738045770586904
Bob,26,2018-05-10 20:57:49,9723,Sales,D,0.0,0.0,,-0.4123273105098454
Dave,67,2018-03-22 03:23:05,12665,Sales,C,1000.0,1.0,ok,-0.0449221894258461
Dave,54,2022-08-16 11:49:55,12070,HR,C,0.0,1.0,,0.3020724128001257
Carol,43,2023-11-14 14:51:39,3729,Sales,C,1000.0,0.0,needs review,1.04663688575067
Bob,42,2018-09-20 16:13:41,6153,Operations,,0.0,1.0,ok,-0.2777368537888594
Frank,35,2021-02-15 19:30:34,12223,Sales,B,0.0,1.0,pending,0.2675420973755334
Carol,43,2018-06-06 09:37:45,11560,,C,500.0,1.0,pending,0.3807689785943883
Bob,63,2017-08-09 16:53:25,15277,,C,1000.0,1.0,pending,0.6662762613663433
Dave,29,2021-08-26 11:23:07,10077,Operations,B,1000.0,1.0,excellent,0.7408136906225407
Eve,53,2017-10-31 14:28:53,10275,IT,C,1000.0,1.0,pending,-0.7818366915633385
Dave,57,2017-11-03 18:57:22,13316,,C,1000.0,0.0,needs review,-0.214512469454336
Frank,60,2020-07-26 08:14:50,10480,IT,B,1000.0,1.0,pending,-1.2465478292779424
Eve,67,2019-09-30 21:39:44,19231,Operations,,1500.0,1.0,,-2.258480124335199
Bob,33,2023-04-22 01:55:46,10880,Sales,D,1500.0,1.0,pending,0.4189452216948569
Dave,56,2023-03-11 09:25:41,11521,Finance,A,1500.0,1.0,excellent,1.7409451146179054
Carol,54,2021-10-06 00:05:44,6299,Sales,C,0.0,0.0,excellent,-0.82866946563368
Alice,24,2023-08-25 12:25:54,7711,HR,A,1500.0,1.0,excellent,-1.111652515991279
Carol,29,2017-12-13 22:02:47,5832,Sales,C,500.0,1.0,,-1.756799563240008
Alice,63,2023-03-21 14:33:21,3432,Sales,C,1500.0,1.0,ok,-0.2160724497944808
Dave,35,2020-03-02 00:51:31,19557,Operations,D,500.0,1.0,ok,-0.2235148037787808
Eve,24,2022-08-21 23:46:57,5972,Sales,A,500.0,1.0,pending,-2.8410177690049463
Frank,56,2022-11-16 02:30:40,5862,,B,500.0,1.0,needs review,0.3888978897425086
Alice,48,2023-08-22 21:57:59,8089,Operations,,1000.0,1.0,pending,-0.7699512346427789
Dave,69,2022-09-03 07:25:40,6702,HR,,1000.0,1.0,needs review,0.7017869215957012
Dave,60,2023-05-05 13:15:25,6299,Sales,A,0.0,1.0,needs review,-1.1925557592957208
Carol,25,2022-10-23 09:36:52,13155,HR,,1500.0,1.0,ok,1.1049842664064822
Bob,38,2017-11-30 15:36:33,17346,Sales,A,1500.0,1.0,needs review,-0.1349568595957394
Eve,40,2021-07-01 13:27:37,6969,,D,1000.0,1.0,,-0.9909511255482694
Carol,27,2019-09-03 13:51:03,11985,,D,500.0,0.0,excellent,-0.6087171265146549
Frank,35,2023-03-08 02:14:09,14664,,A,1000.0,0.0,ok,-0.7661020761905767
Alice,36,2020-04-03 14:07:24,5051,,C,1500.0,1.0,ok,-0.4376482222001285
Dave,63,2017-11-21 05:59:05,17544,Operations,A,0.0,0.0,excellent,-0.0964886578378525
Eve,65,2020-01-06 05:02:50,7351,Operations,B,1500.0,1.0,excellent,-0.4068067275198705
Carol,58,2019-04-04 23:11:02,4329,IT,B,500.0,1.0,needs review,2.22266276764226
Eve,59,2018-05-26 09:11:48,19911,HR,D,1500.0,1.0,needs review,1.3350488874963544
Bob,62,2023-06-18 00:50:41,10742,Sales,A,0.0,1.0,excellent,-0.4874319369641831
Carol,63,2020-02-07 10:50:53,10218,Sales,C,1000.0,1.0,needs review,-1.1048704075894793
Frank,37,2021-07-08 21:33:22,7169,IT,C,1000.0,1.0,pending,-0.3782402212816441
Frank,44,2022-06-06 12:11:24,15759,IT,A,1000.0,0.0,excellent,0.3815869261432346
Dave,26,2021-02-10 10:48:30,10248,IT,D,1000.0,1.0,needs review,-0.9237287362190916
Carol,67,2021-11-28 15:13:12,14290,Finance,,1500.0,1.0,pending,-1.1607674996281243
Dave,45,2018-01-20 15:21:59,19202,Sales,B,1000.0,1.0,ok,-2.348834356708268
Eve,53,2021-05-21 16:09:03,14339,IT,C,0.0,1.0,needs review,0.7661530666495663
Eve,48,2023-06-11 18:17:40,19805,Operations,D,0.0,1.0,needs review,0.9887427217682536
Bob,34,2018-07-17 21:23:40,9202,Operations,C,1000.0,1.0,ok,-0.0628736984982182
Eve,43,2017-09-27 09:08:01,9472,HR,B,500.0,0.0,needs review,1.1083213208691358
Frank,19,2018-08-26 18:30:52,13137,Sales,D,1000.0,1.0,excellent,1.0890423696980278
Frank,36,2022-11-29 10:47:45,17309,Operations,D,500.0,1.0,excellent,-0.6887286323332331
Alice,23,2018-03-22 21:48:07,9012,IT,D,0.0,0.0,excellent,0.4226251302728571
Bob,18,2021-01-18 14:42:49,10054,IT,D,1000.0,1.0,excellent,0.914767479701851
Carol,67,2019-05-09 23:46:04,8578,IT,C,500.0,1.0,,-0.0283316631571377
Alice,29,2018-02-09 06:20:10,16592,IT,B,1000.0,1.0,pending,-0.7670033066881654
Alice,26,2020-07-05 10:23:33,15549,,C,500.0,1.0,,0.4924374361853836
Carol,67,2022-04-26 10:06:41,19211,,B,1500.0,1.0,needs review,0.4635375106051034
Dave,56,2022-07-21 00:34:47,16529,HR,C,500.0,0.0,,-0.7117489505860513
Frank,56,2020-12-25 18:19:59,8001,Finance,A,500.0,1.0,pending,-1.4948996072508758
Bob,38,2023-04-17 14:40:31,6510,Operations,D,0.0,1.0,needs review,-0.0400387745121945
Alice,18,2019-03-19 17:12:50,7439,Sales,D,500.0,1.0,ok,-0.1980704389376573
Dave,33,2018-03-20 08:25:58,6495,Operations,A,1000.0,0.0,,0.8141778945426182
Frank,64,2018-04-13 22:59:28,4861,Finance,C,500.0,1.0,excellent,0.0881275058005356
Alice,49,2022-09-06 04:37:35,19634,Operations,B,500.0,1.0,ok,-1.5141366564749923
Dave,58,2020-08-20 14:32:16,18727,Finance,,1500.0,1.0,needs review,2.645414442809252
Dave,28,2020-10-11 14:06:56,12737,Sales,,500.0,1.0,needs review,-0.5463227568781599
Eve,33,2022-03-27 19:20:51,14938,,B,500.0,1.0,pending,0.9615718303045
Dave,67,2019-07-14 22:12:57,14812,HR,,1000.0,0.0,excellent,0.4528320311202173
Bob,49,2023-01-11 22:35:25,17885,Finance,B,500.0,1.0,,0.2438219626918398
Carol,29,2021-07-27 13:00:39,9776,,C,1000.0,1.0,needs review,-0.6028326788311309
Carol,67,2022-12-02 08:40:25,18816,Finance,B,1000.0,1.0,needs review,1.2809420838277776
Alice,29,2023-03-26 03:17:17,3433,HR,,1000.0,1.0,excellent,-0.0027584233481097
Alice,33,2023-01-10 19:03:11,17231,Sales,D,1500.0,0.0,ok,1.016532537094742
Carol,55,2018-11-23 09:49:45,5725,Operations,A,1500.0,1.0,ok,0.3813111647814268
Frank,65,2019-08-10 17:12:44,15932,Operations,C,500.0,0.0,ok,-1.6249778227774112
Frank,59,2020-06-01 23:54:18,11516,Finance,C,1500.0,1.0,excellent,-3.028835848454402
Eve,64,2023-03-02 09:59:28,13637,Operations,,1500.0,1.0,pending,-0.9652415230275734
Frank,58,2020-04-13 08:17:59,9672,Sales,B,0.0,0.0,,1.6405899954691443
Eve,51,2018-12-31 02:44:31,3731,,A,0.0,1.0,,-0.0657923409086055
Frank,37,2019-09-13 00:01:24,5768,Operations,D,1500.0,1.0,pending,-1.081092906303776
Dave,35,2018-03-14 19:36:22,15017,Sales,,500.0,1.0,,-0.8715162273368343
Alice,21,2021-02-07 00:12:45,4812,Sales,B,0.0,1.0,pending,0.1931367995473127
Frank,54,2022-02-09 01:31:07,18830,,,0.0,1.0,excellent,-0.5103155902805842
Dave,21,2018-03-03 01:24:54,14860,Finance,D,0.0,1.0,excellent,-0.4638419351387062
Frank,43,2021-08-09 12:01:41,9864,Sales,C,1500.0,1.0,needs review,-0.2352421821064623
Frank,51,2017-07-29 22:15:15,12511,,C,500.0,0.0,pending,0.6555623282621972
Dave,67,2017-11-23 08:11:46,18117,Sales,C,1000.0,1.0,excellent,0.9926073155892744
Frank,20,2018-04-14 16:44:01,11485,Finance,D,1000.0,1.0,pending,0.2882890908904085
Bob,50,2022-11-19 02:52:42,8494,Finance,C,1500.0,1.0,pending,-1.2267589456838084
Frank,34,2018-06-06 03:20:07,19552,HR,,1000.0,0.0,excellent,-0.8105212211830196
Carol,47,2023-03-23 02:27:47,16764,IT,D,1000.0,0.0,excellent,1.818785413112396
Frank,61,2021-07-21 11:57:29,16956,IT,A,500.0,0.0,ok,-0.4485499942585471
Frank,19,2022-02-19 16:57:37,7006,HR,,1500.0,1.0,excellent,-0.8662590380391292
Eve,61,2020-11-08 21:18:39,18094,HR,A,0.0,0.0,,-0.7298898890199698
Frank,44,2019-10-24 10:47:27,16466,Finance,,1000.0,1.0,ok,0.6040671017721999
Frank,31,2018-01-22 17:08:39,19933,HR,,1000.0,1.0,,-0.0488538834210594
Dave,62,2017-09-11 23:16:55,16958,Sales,C,0.0,1.0,ok,0.2179381225050332
Bob,29,2023-01-31 00:23:33,3509,IT,C,500.0,1.0,pending,-0.1797898838042405
Frank,37,2017-12-20 05:23:44,17999,HR,A,1000.0,1.0,pending,1.0092807883852497
Bob,42,2018-11-13 01:06:55,4205,IT,B,1500.0,0.0,excellent,-0.4444485052822157
Alice,64,2022-05-02 19:06:32,8547,HR,C,500.0,1.0,,1.3569957099739998
Carol,45,2020-06-25 18:56:12,6710,Finance,,500.0,1.0,excellent,0.3284357509928071
Frank,28,2020-09-18 12:35:21,11371,Finance,B,1500.0,0.0,,0.3886126198256051
Frank,48,2021-06-20 09:26:51,3758,IT,D,1000.0,1.0,ok,1.162487294596875
Carol,19,2023-08-17 10:27:06,19470,Sales,A,1000.0,1.0,needs review,-1.422739538797652
Frank,64,2017-09-28 13:27:16,12659,,C,1000.0,1.0,pending,1.0941102760503116
Bob,61,2021-01-28 14:35:42,5950,Sales,C,0.0,1.0,pending,-0.9978067487486374
Bob,50,2017-08-20 17:51:41,18317,Operations,D,0.0,1.0,needs review,0.6359170770170569
Alice,65,2019-09-14 09:11:58,12444,IT,A,0.0,1.0,pending,0.373955509186627
Carol,37,2022-01-22 20:10:13,5372,HR,,1000.0,1.0,ok,-2.5595466208629905
Frank,47,2022-10-03 14:14:55,18905,HR,C,1000.0,0.0,,-0.543413705714815
Eve,39,2018-02-22 04:46:55,4538,Operations,,1000.0,0.0,pending,-0.1697463874500533
Alice,64,2023-09-02 09:27:06,9943,IT,C,1500.0,1.0,excellent,-0.3877973468653145
Frank,31,2023-11-07 19:01:17,14651,Sales,B,1000.0,1.0,,-2.688156412620495
Bob,25,2023-01-19 14:28:50,10023,Operations,C,1000.0,0.0,,0.5187730041979015
Eve,21,2022-09-25 08:52:18,4549,Sales,B,1000.0,1.0,needs review,0.9029175368725756
Bob,40,2019-04-03 07:45:05,14872,Sales,B,0.0,1.0,ok,-0.5469116581949613
Dave,41,2022-10-20 10:17:26,10694,Operations,D,1000.0,1.0,excellent,1.238963760003792
Alice,30,2022-12-13 18:51:55,7192,Finance,C,1000.0,1.0,needs review,0.5593486730936308
Dave,33,2022-02-08 03:16:49,11690,Sales,C,1000.0,1.0,ok,-0.4357664779398082
Frank,29,2022-04-15 13:38:00,12533,Finance,B,1500.0,1.0,pending,-0.2072940828063956
Alice,55,2023-09-26 13:23:54,3889,Sales,B,1000.0,1.0,pending,0.8916048568401542
Carol,36,2023-07-09 20:39:02,10758,Sales,D,0.0,1.0,excellent,0.5275108365898188
Dave,67,2022-12-11 17:30:24,16042,Sales,D,500.0,0.0,needs review,0.0110409752093191
Eve,21,2019-09-03 10:20:30,6780,Operations,A,500.0,1.0,ok,0.165896047495845
Frank,22,2017-12-19 08:32:09,15844,IT,B,0.0,1.0,excellent,-0.2908799601380207
Alice,64,2018-02-16 20:04:58,13986,,C,1000.0,1.0,,-0.8135350903698868
Alice,65,2019-10-10 12:01:31,12698,,C,500.0,1.0,ok,0.2211790382004159
Bob,59,2018-11-10 14:07:07,3151,,C,1000.0,0.0,excellent,0.7087147398108812
Frank,36,2019-10-10 07:13:41,5197,Sales,D,1500.0,1.0,needs review,0.5312714443647657
Bob,53,2022-08-21 05:58:06,5164,HR,B,500.0,1.0,ok,-0.6708325869577872
Dave,33,2018-10-19 04:39:17,3159,Sales,A,1000.0,1.0,ok,-0.0977110288296933
Dave,50,2023-11-03 13:02:36,4911,Operations,C,500.0,1.0,ok,0.8076885748464886
Alice,35,2020-11-24 13:39:16,6016,,D,1500.0,1.0,needs review,-0.7632450558499224
Dave,36,2018-01-22 22:10:11,18810,IT,A,1000.0,1.0,excellent,0.2048132208788105
Bob,46,2021-10-13 01:10:44,13296,Operations,D,1500.0,1.0,ok,-2.445858378029273
Frank,54,2022-08-30 03:12:26,4061,Sales,,1000.0,1.0,,-0.2892781530559876
Bob,32,2018-04-06 13:36:25,15312,Operations,C,1000.0,1.0,needs review,-0.2391246552400573
Dave,42,2022-11-20 11:03:53,11338,HR,C,1000.0,1.0,pending,0.4122132942648233
Alice,61,2021-07-05 06:08:04,6913,HR,A,1000.0,1.0,needs review,-0.5929594959240562
Bob,21,2022-09-01 16:47:20,3987,Operations,B,1000.0,0.0,,1.1196034005122597
Bob,39,2019-03-01 01:25:33,4938,IT,B,0.0,1.0,ok,-0.3242621569877433
Dave,60,2019-05-30 23:23:57,17831,Operations,C,500.0,1.0,,0.2089545746398395
Bob,21,2022-06-05 20:02:07,15005,Sales,B,0.0,1.0,pending,-0.2274126606692506
Carol,27,2021-03-20 19:35:54,17469,Operations,B,1500.0,1.0,pending,-0.2092370141443999
Eve,68,2020-12-26 04:50:56,18959,HR,A,1500.0,1.0,pending,-0.4133981698612762
Bob,29,2019-01-24 15:35:54,6472,HR,B,500.0,1.0,ok,0.0708479762487199
Alice,32,2023-09-18 15:12:59,5873,IT,C,500.0,0.0,needs review,-0.1044678074915268
Bob,68,2018-10-10 18:17:44,6921,IT,A,0.0,1.0,needs review,-0.4227636066765715
Eve,34,2018-09-08 21:49:10,13317,HR,B,1000.0,1.0,needs review,-0.025958112755056
Eve,26,2019-07-13 17:18:36,11156,Sales,C,500.0,1.0,pending,0.656392229509597
Alice,41,2023-07-21 16:00:56,3844,Sales,D,500.0,0.0,pending,0.2547305377224101
Dave,45,2023-11-12 12:19:23,10757,,A,500.0,1.0,excellent,0.6212824842860035
Bob,51,2018-09-15 09:34:23,10334,HR,A,1500.0,1.0,pending,-0.8172854746639896
Carol,67,2022-04-15 22:48:01,8310,Operations,C,1500.0,1.0,excellent,-0.9148983964476392
Bob,50,2019-09-18 08:08:12,16607,Finance,B,1500.0,0.0,ok,-0.7176382391173517
Dave,69,2022-10-21 20:19:40,12285,,B,1500.0,1.0,pending,-1.0950535850450915
Frank,46,2021-02-16 20:46:34,16037,Finance,A,1000.0,0.0,excellent,-0.2739334653487204
Bob,30,2018-05-24 06:36:44,12627,,C,1500.0,0.0,ok,-1.475065775508901
Eve,22,2022-04-26 22:40:35,3454,Finance,D,1000.0,1.0,excellent,-1.0153540178635945
Carol,68,2021-10-31 08:25:03,8881,IT,C,1000.0,1.0,,-1.1938164908957023
Dave,32,2022-08-10 05:47:44,6318,IT,,1500.0,0.0,,3.3655649196112383
Bob,45,2019-11-23 21:46:11,3410,Finance,D,500.0,1.0,ok,-2.9301271919334457
Frank,69,2021-08-08 12:08:11,13423,Operations,A,1000.0,0.0,,-0.4337691672893705
Frank,39,2018-01-10 00:14:07,4647,,A,0.0,0.0,excellent,-0.4125407876202525
Alice,35,2018-06-30 11:08:59,10550,Finance,C,0.0,0.0,pending,-0.0822858785223234
Bob,61,2018-11-07 13:33:26,8230,IT,,1000.0,0.0,excellent,0.2239363109277755
Alice,29,2021-10-01 23:50:03,17915,HR,B,1000.0,1.0,ok,-0.965145565558174
Frank,46,2017-09-24 13:14:18,17411,HR,,1000.0,1.0,ok,0.1071306528603645
Dave,19,2019-05-16 17:37:09,15388,Sales,D,1500.0,1.0,ok,-0.4948488472633356
Eve,59,2021-10-03 20:45:46,19888,Finance,B,0.0,1.0,pending,-1.09475330784777
Alice,24,2023-09-10 15:52:36,8091,Sales,B,1500.0,0.0,ok,-0.0768125659013839
Bob,67,2021-01-05 07:42:03,14782,IT,A,500.0,1.0,,0.5186490771250669
Bob,31,2019-12-06 01:58:46,12097,Operations,A,1000.0,1.0,excellent,0.2034262316850944
Dave,59,2020-07-29 10:42:24,18288,Operations,B,0.0,0.0,pending,-1.1672556942850525
Carol,40,2019-04-30 21:26:18,4906,Finance,C,500.0,0.0,needs review,-0.6627542663784199
Alice,61,2022-11-16 19:52:49,16474,Sales,D,500.0,1.0,pending,-0.7775217346991422
Carol,32,2021-12-04 14:32:46,17714,,D,1000.0,1.0,excellent,1.0376087564298977
Carol,49,2018-03-20 22:50:23,10059,Operations,D,1000.0,1.0,needs review,0.1327201512646501
Carol,33,2021-06-12 20:28:33,13968,HR,A,0.0,1.0,excellent,1.0046469502635478
Frank,67,2018-02-20 18:45:01,17825,HR,C,1000.0,1.0,needs review,-0.1079365765733002
Carol,57,2020-02-23 12:05:00,9841,IT,,0.0,1.0,excellent,0.7071945210988071
Bob,59,2022-03-10 19:41:44,9760,IT,A,1000.0,1.0,,-0.5291977244980748
Frank,19,2017-11-12 08:02:31,9913,Operations,,0.0,1.0,needs review,-0.397908255879685
Carol,57,2019-03-29 09:06:07,12491,Finance,A,500.0,0.0,needs review,1.3980358360330143
Frank,48,2022-08-02 07:26:40,15758,Sales,A,1000.0,1.0,needs review,0.5599293365271101
Carol,48,2021-11-09 23:14:05,13489,Operations,,500.0,0.0,pending,1.4051356996192867
Carol,21,2017-11-10 01:01:10,16791,Operations,D,1000.0,0.0,ok,-0.8788620974494556
Eve,68,2019-04-02 14:04:21,13312,Sales,,1500.0,1.0,pending,1.4909005421053236
Frank,38,2019-05-09 21:25:05,16643,HR,,1000.0,0.0,,0.2286663123912747
Eve,61,2022-03-28 22:55:49,16839,HR,,1000.0,0.0,pending,0.5325142954814758
Frank,66,2017-08-18 07:07:50,19408,Finance,B,0.0,0.0,,-0.1614894976281128
Carol,51,2020-08-20 11:36:33,13661,IT,C,1000.0,1.0,ok,0.1741584643275087
Carol,33,2020-05-29 00:03:15,18286,Operations,,1000.0,1.0,,0.6066591205988701
Alice,19,2021-09-13 08:03:26,9193,Sales,A,1000.0,1.0,pending,0.7803693838431887
Alice,58,2021-07-15 08:26:51,7290,IT,B,500.0,1.0,excellent,-0.492793810323973
Eve,55,2019-10-10 21:37:22,4149,IT,A,500.0,1.0,,-0.1541055518616872
Alice,60,2020-11-04 14:46:36,7095,Operations,A,0.0,0.0,,-0.0138181742832822
Carol,35,2020-12-18 09:02:45,13153,IT,,1000.0,1.0,pending,0.5997625077947694
Alice,22,2019-02-20 16:24:38,16837,HR,C,0.0,0.0,needs review,1.0719353563480998
Eve,67,2021-12-27 07:02:22,17645,IT,C,1000.0,1.0,excellent,-0.7394750332674748
Dave,51,2021-09-09 18:11:49,6740,,B,0.0,1.0,excellent,-0.4816607104790902
Eve,64,2020-12-05 16:07:32,17795,,D,1000.0,1.0,,-0.5478601451186933
Frank,19,2021-05-04 12:29:21,3171,HR,A,500.0,1.0,pending,0.4333726144365699
Frank,59,2021-12-22 23:33:46,16191,,,1000.0,1.0,pending,1.4051269060415958
Carol,62,2018-10-22 05:41:34,11576,Sales,D,1500.0,1.0,pending,0.0837402093568153
Carol,66,2019-10-12 07:17:37,12978,,D,500.0,0.0,ok,-0.2889028790344422
Eve,49,2021-09-27 01:13:10,15059,Sales,C,0.0,1.0,excellent,-0.1225043296902002
Carol,51,2023-01-27 21:07:46,14664,Finance,D,1000.0,1.0,excellent,1.1418811731223195
Dave,19,2018-12-16 02:48:33,8773,Finance,A,0.0,1.0,excellent,-0.6083063101555614
Carol,34,2023-02-04 18:29:14,7684,,,1500.0,0.0,ok,-0.3719414076279402
Bob,25,2019-05-29 01:31:31,12705,Sales,A,0.0,0.0,pending,-0.0336537190067218
Bob,61,2021-06-29 02:21:55,4785,Operations,,1000.0,1.0,needs review,-1.026794244187531
Alice,22,2019-12-19 11:12:08,7598,Sales,D,1500.0,1.0,,0.4315458118806664
Carol,18,2017-12-12 15:06:39,15626,,A,1000.0,1.0,,-1.116966549285635
Frank,59,2020-01-26 05:36:02,5220,,B,500.0,1.0,needs review,-1.412740400549372
Frank,19,2018-02-16 14:11:53,19177,IT,A,1000.0,0.0,,-0.1267169179146149
Alice,63,2017-12-20 19:43:18,5632,,A,1000.0,1.0,pending,0.2075694055268344
Frank,66,2017-07-21 12:53:42,19580,Sales,C,1000.0,1.0,pending,-0.3066666135417975
Bob,63,2018-03-17 19:50:49,19165,Finance,A,0.0,1.0,pending,-1.9893605166458517
Bob,33,2022-04-13 06:57:21,8914,,C,500.0,1.0,needs review,2.022473746923384
Carol,41,2020-09-17 00:35:58,15387,Operations,,1500.0,1.0,needs review,-0.7885089127016611
Dave,63,2023-08-19 23:26:38,18982,HR,D,1000.0,1.0,excellent,1.3291903712084276
Dave,60,2021-02-03 00:43:10,8220,HR,B,1000.0,0.0,ok,0.2143492132376721
Eve,51,2020-12-19 04:29:30,4966,,D,1500.0,1.0,needs review,-0.9540061900036068
Bob,33,2021-08-08 22:52:55,7045,,B,0.0,1.0,needs review,2.5043854839782598
Frank,60,2019-10-26 04:06:33,9530,,B,1000.0,1.0,needs review,-0.8690733000179854
Carol,40,2023-07-11 18:28:05,5689,,C,0.0,1.0,pending,-1.0248891445915884
Eve,38,2018-04-13 02:59:37,19077,IT,D,1500.0,0.0,pending,-0.1332828705415522
Carol,36,2021-09-27 21:15:11,11876,Sales,C,1000.0,0.0,needs review,-0.6100589930682511
Eve,47,2018-12-02 21:01:03,13935,,,0.0,1.0,excellent,-0.4972186333161582
Eve,25,2017-12-21 06:20:30,17797,HR,D,1000.0,0.0,ok,0.1135675212510712
Bob,19,2022-01-16 13:39:13,15898,Sales,A,0.0,0.0,ok,2.4106151690435045
Eve,49,2018-04-07 10:18:23,4385,Sales,,1500.0,1.0,excellent,0.2014410208013058
Dave,60,2018-02-27 08:12:53,4524,IT,B,1000.0,0.0,needs review,0.7404503120331417
Alice,65,2019-05-12 00:16:56,14661,Finance,C,1000.0,1.0,needs review,-0.6240795036220687
Bob,44,2021-07-11 17:30:43,17203,Operations,A,1000.0,1.0,pending,0.1779337153702564
Dave,54,2023-09-11 02:20:06,16985,,A,500.0,1.0,excellent,1.1971867786084922
Eve,25,2019-04-11 14:25:36,15617,,B,1500.0,0.0,ok,0.7455902805230926
Eve,50,2019-12-17 00:05:15,14710,IT,C,0.0,1.0,ok,-1.7588244116055394
Carol,36,2021-12-03 03:40:42,18893,Finance,A,1000.0,1.0,pending,-1.2593813063111627
Dave,44,2017-11-21 03:40:36,15131,,,1000.0,0.0,,1.3161075376033764
Alice,22,2023-07-31 04:40:49,11443,Sales,,1500.0,1.0,pending,0.7715257610373669
Frank,30,2022-12-23 22:34:32,18138,IT,C,1500.0,1.0,pending,0.6019853309127724
Bob,46,2020-08-31 06:04:30,7225,IT,A,1000.0,1.0,,1.857816804350661
Bob,23,2022-08-10 15:33:39,13320,,D,1000.0,1.0,,-1.6560310972650494
Alice,28,2022-03-17 11:03:14,3453,HR,C,1000.0,1.0,ok,1.2503663023150142
Frank,64,2019-10-17 18:43:59,18658,Operations,C,1000.0,0.0,excellent,0.6795465991670598
Alice,19,2018-06-22 17:45:19,18979,IT,B,500.0,1.0,pending,0.2115423983111445
Carol,49,2019-04-16 01:49:57,5920,HR,B,500.0,1.0,ok,0.2159450984963309
Alice,54,2022-06-15 00:04:14,4080,Sales,D,500.0,1.0,needs review,2.5383549275047645
Carol,18,2017-10-24 23:34:55,12208,Sales,B,1500.0,1.0,pending,1.3048215632447182
Eve,53,2018-10-17 20:10:42,12473,Finance,C,500.0,1.0,,-0.2606956740062473
Alice,50,2019-01-23 00:04:38,8908,IT,D,1500.0,0.0,excellent,0.5807241229434137
Alice,54,2022-03-30 21:19:07,11997,,,1000.0,1.0,pending,0.3178902372979383
Bob,61,2020-05-31 03:17:18,7122,Operations,D,1000.0,1.0,,0.5600413692292706
Carol,31,2019-06-02 05:26:57,5344,,D,500.0,1.0,ok,-0.4361472314829417
Carol,30,2017-10-21 03:27:09,12523,Sales,A,1000.0,0.0,,-0.6870288681637877
Bob,54,2020-08-03 18:39:42,3299,IT,B,1500.0,0.0,,-0.9433034906551648
Frank,52,2018-07-02 06:16:18,6529,Sales,B,0.0,0.0,needs review,-0.4619791649702843
Eve,44,2020-07-16 11:36:33,8041,Sales,C,1500.0,0.0,ok,-1.449372590593906
Eve,49,2022-02-18 11:59:31,15867,,,1000.0,1.0,excellent,-0.0188423675203096
Bob,18,2022-07-06 23:47:54,12246,Finance,,0.0,1.0,,-1.1255085641137883
Dave,33,2023-10-26 14:26:52,15360,Finance,,1000.0,1.0,excellent,0.0360462321512647
Bob,48,2019-06-27 19:13:17,17384,IT,C,1000.0,0.0,,0.292430200879826
Eve,66,2022-05-29 13:51:18,3763,HR,A,0.0,0.0,needs review,0.1449700140372306
Alice,60,2018-04-11 18:48:30,13250,IT,D,500.0,1.0,,0.0890640482657935
Eve,30,2022-03-13 11:20:09,19271,Sales,A,1000.0,1.0,ok,-1.8296311017327
Eve,63,2020-06-06 12:07:14,16886,,,0.0,1.0,ok,0.95017016208021
Dave,49,2021-10-23 14:01:28,15152,Sales,B,500.0,1.0,pending,-0.2030306902597683
Carol,54,2020-01-06 00:17:41,4815,Finance,,0.0,0.0,excellent,0.5249097424249994
Dave,27,2023-01-24 02:48:44,13856,,B,0.0,0.0,,0.7444648720586864
Eve,26,2022-01-16 23:56:07,11964,HR,A,0.0,1.0,pending,-1.2443172440931716
Dave,24,2022-05-02 01:27:32,13064,Sales,B,0.0,1.0,excellent,1.116386717528978
Eve,36,2018-05-12 18:38:51,12925,,,1000.0,0.0,needs review,0.3863053370254894
Eve,40,2021-12-22 22:37:34,13882,HR,,500.0,1.0,,0.9142695128817676
Dave,40,2022-02-03 07:58:38,14381,Finance,A,1500.0,0.0,needs review,-0.0541728663277168
Frank,53,2022-12-22 07:07:43,9261,HR,A,1000.0,0.0,,1.3004154393456784
Eve,28,2023-03-05 07:17:51,7345,Sales,C,0.0,1.0,needs review,1.1413636696482363
Eve,40,2019-09-06 07:50:41,19660,Operations,C,500.0,1.0,ok,0.4315517787066042
Bob,59,2023-11-13 06:44:24,15741,Sales,C,1000.0,1.0,needs review,0.0045454261632798
Bob,30,2018-11-14 18:58:39,11145,,,500.0,1.0,,-0.8030387873498005
Eve,39,2017-09-13 15:48:01,8930,,B,0.0,0.0,pending,1.337487926164136
Eve,43,2020-04-12 10:00:11,12512,HR,C,500.0,1.0,needs review,0.8651056313045737
Bob,41,2018-04-29 06:09:12,9723,Operations,D,500.0,0.0,excellent,0.6187377907333881
Dave,68,2018-10-28 10:30:48,9802,Finance,A,1000.0,1.0,excellent,-0.368397570442124
Bob,29,2020-12-03 15:46:34,12005,HR,C,1500.0,1.0,excellent,-0.598628420837709
Carol,56,2019-09-07 06:36:03,11193,Sales,C,1000.0,1.0,excellent,2.687887116727981
Alice,57,2020-05-30 19:22:12,18283,,A,500.0,0.0,pending,1.2918349058714766
Carol,24,2018-11-18 18:54:49,9663,HR,,500.0,1.0,,-0.7605526948886192
Dave,30,2020-04-02 23:10:25,9700,HR,,500.0,0.0,,0.2173889974749431
Dave,28,2023-01-12 22:37:18,4011,,C,1000.0,0.0,needs review,0.6881891310450049
Dave,49,2020-08-31 00:59:32,7827,IT,A,1000.0,1.0,excellent,-1.1076118583732524
Dave,45,2022-01-01 00:29:05,5805,Finance,A,1000.0,1.0,pending,1.7500223535412336
Alice,65,2017-08-11 11:31:41,5320,Operations,,500.0,0.0,excellent,-1.2671642658215247
Bob,68,2022-01-14 14:24:25,8495,Finance,C,1000.0,1.0,needs review,-1.1824875926624214
Frank,34,2021-08-16 04:12:40,19147,IT,B,0.0,1.0,excellent,0.5847153445326908
Carol,49,2022-10-12 20:25:57,13868,IT,B,1000.0,0.0,excellent,0.4324722041422401
Frank,31,2019-09-27 05:34:24,6686,Operations,,1000.0,1.0,pending,0.6777938371757393
Frank,34,2021-10-09 15:46:11,14656,Operations,C,0.0,1.0,ok,-0.3180471342685444
Carol,51,2020-04-22 12:55:47,8264,HR,,1000.0,0.0,ok,0.4897243777646807
Dave,68,2023-03-31 12:46:26,12743,HR,C,1500.0,0.0,ok,0.0579147906329928
Bob,53,2019-08-15 13:22:27,18182,Operations,,1000.0,0.0,pending,0.3177545722153743
Bob,46,2018-07-02 02:44:51,6510,HR,C,1500.0,0.0,ok,-0.1709293924113765
Carol,37,2022-12-09 06:33:30,19884,HR,D,1000.0,1.0,pending,-0.338839263619665
Frank,64,2021-10-09 10:21:33,19534,,D,1000.0,0.0,ok,0.1866646574050831
Frank,63,2020-12-16 06:40:44,19719,Finance,A,1000.0,0.0,excellent,0.1309393071775365
Frank,53,2017-12-03 03:32:00,9666,Operations,A,1000.0,1.0,excellent,-0.0916886536765627
Alice,52,2022-01-12 07:30:46,13013,Operations,B,1500.0,1.0,excellent,0.2856585536655144
Dave,22,2023-09-02 20:54:30,17162,Finance,C,1000.0,1.0,,0.1679155375302052
Dave,60,2019-08-30 19:16:39,8428,,,0.0,1.0,,-0.6858715390429286
Bob,42,2019-03-28 16:37:16,10763,Sales,B,1000.0,1.0,ok,-1.2269425496465296
Dave,44,2020-03-06 06:13:03,11385,,,1500.0,1.0,pending,-0.6285921007711119
Frank,63,2020-08-11 18:56:02,16857,,C,1000.0,0.0,pending,0.5817755401293326
Eve,38,2023-05-31 19:52:38,5167,HR,D,1000.0,1.0,excellent,0.9307653797396808
Frank,47,2021-10-24 05:44:27,11785,IT,B,1000.0,1.0,,0.8199688719921066
Bob,62,2021-04-10 04:00:58,3326,,B,1000.0,1.0,pending,-0.6237924092498235
Dave,38,2018-02-10 16:02:56,6667,,C,1500.0,0.0,excellent,0.4086182035417276
Eve,33,2018-06-27 09:15:37,12262,Operations,C,500.0,0.0,needs review,-0.9242265995280092
Dave,65,2023-02-13 03:51:57,19560,,A,1500.0,1.0,,0.7549117894779551
Alice,44,2021-11-24 22:08:37,6286,HR,,1500.0,1.0,excellent,0.0365714807442086
Alice,28,2018-07-08 16:42:27,18408,Sales,B,0.0,0.0,needs review,0.3408233222860591
Carol,50,2017-10-07 07:01:28,14119,Sales,A,1000.0,0.0,ok,0.9783572544036656
Carol,20,2023-10-22 05:23:39,6563,Finance,C,1000.0,1.0,,0.0373273551044894
Dave,29,2018-10-08 00:13:55,13976,Finance,C,1000.0,0.0,pending,0.7792893618364907
Carol,25,2017-07-23 12:38:19,9566,,C,1000.0,0.0,ok,-1.0539601610860418
Alice,62,2021-09-15 13:18:58,5513,Sales,D,0.0,1.0,needs review,-0.728826657413362
Eve,66,2023-06-18 12:53:06,17511,HR,D,1000.0,0.0,needs review,-0.4309094387111217
Carol,19,2022-06-17 14:51:29,18872,HR,B,1000.0,0.0,needs review,0.9958604663479452
Frank,48,2023-01-05 07:17:45,8622,IT,A,1000.0,1.0,pending,0.5672668476272145
Bob,54,2019-09-08 08:19:45,12659,,C,1000.0,1.0,,-1.7170483281838518
Eve,28,2019-08-26 10:41:18,7610,,A,1500.0,1.0,ok,0.9667594739501614
Alice,40,2018-01-09 11:02:02,15660,HR,D,1500.0,1.0,pending,0.5222654994004625
Bob,37,2023-10-17 09:23:54,14028,IT,A,0.0,0.0,excellent,-0.3592072785104055
Frank,50,2023-06-17 08:11:53,3086,IT,D,1500.0,1.0,needs review,0.7004271127150349
Carol,54,2022-11-19 11:34:43,3188,,C,500.0,1.0,excellent,-1.2492125707421369
Dave,22,2019-05-10 03:59:12,4382,IT,D,1000.0,1.0,excellent,-0.7900440446406584
Bob,56,2018-08-02 18:14:40,16220,IT,A,500.0,1.0,excellent,1.7118698551116884
Eve,24,2021-07-06 13:06:27,6880,HR,,0.0,1.0,ok,1.0111358102975765
Alice,20,2020-06-22 08:18:47,6810,IT,D,0.0,0.0,pending,-1.4332165228347171
Bob,22,2019-01-02 08:09:12,19744,Sales,B,1000.0,1.0,excellent,-0.1913695558118507
Eve,47,2019-11-16 22:52:48,8749,Operations,C,1000.0,1.0,excellent,-0.4864465269091935
Eve,20,2019-01-19 10:05:55,16840,HR,A,1500.0,1.0,ok,-1.3184069378312289
Bob,56,2020-03-08 05:09:43,13263,Finance,B,0.0,0.0,excellent,1.3080926907562158
Carol,63,2020-04-29 20:02:28,15653,Operations,D,500.0,1.0,excellent,0.8817344647756717
Carol,55,2022-06-15 17:41:29,16031,Sales,B,1000.0,1.0,pending,1.2031195486104698
Bob,41,2021-06-23 21:54:15,11765,IT,,0.0,1.0,ok,0.338430210737236
Frank,64,2018-08-27 22:46:14,15070,,,500.0,1.0,ok,0.6422291771909937
Dave,68,2020-09-06 03:27:18,14999,HR,B,500.0,1.0,,-0.5333661388254679
Dave,64,2019-07-03 05:36:59,17514,HR,D,1000.0,1.0,needs review,-0.1690828134717455
Dave,67,2019-10-08 22:35:14,10727,Finance,D,1500.0,1.0,pending,-0.3092851473423752
Alice,20,2022-05-06 04:50:11,12460,HR,D,500.0,0.0,needs review,0.2235651476303726
Carol,57,2021-03-08 04:30:40,14159,Operations,A,500.0,0.0,needs review,1.1024113132506208
Bob,52,2020-01-04 12:27:54,16263,Finance,D,1000.0,0.0,needs review,0.1100693680609786
Frank,66,2021-09-21 22:05:28,7192,Finance,,1000.0,1.0,ok,-2.1064745985487665
Eve,28,2020-10-03 17:18:58,3480,HR,,1000.0,0.0,pending,-0.2002170150245266
Alice,49,2018-06-25 04:12:12,11791,,D,1500.0,1.0,pending,-0.343476625741422
Bob,32,2018-02-05 18:54:36,12572,Finance,C,1500.0,1.0,excellent,1.3621905093742337
Alice,51,2022-11-28 02:41:27,4948,Sales,D,1000.0,0.0,needs review,0.2160762133741435
Eve,47,2023-03-08 00:25:09,17783,HR,,1000.0,0.0,,-1.1275826407057046
Alice,62,2017-08-19 17:22:23,15085,Finance,B,0.0,1.0,ok,-0.3898032298055923
Carol,28,2020-08-26 16:30:47,15685,Finance,C,1500.0,1.0,,1.2605131848867028
Alice,29,2022-02-21 00:29:59,11094,Finance,B,1000.0,0.0,pending,0.6473532288543076
Dave,58,2018-02-16 03:14:22,7853,,,500.0,1.0,excellent,0.639304243450726
Carol,24,2021-10-30 14:20:45,11374,,C,0.0,1.0,pending,-0.3428513040103649
Dave,68,2022-03-18 17:45:56,18077,HR,D,1000.0,1.0,,-0.2213967387884955
Frank,51,2023-01-20 16:05:27,11931,Finance,B,0.0,1.0,pending,0.0508077947002876
Carol,34,2019-08-11 16:06:58,17679,Operations,,500.0,1.0,excellent,1.222226998377758
Frank,65,2018-10-04 10:16:52,16206,,B,500.0,1.0,pending,1.5362451062643443
Bob,65,2018-01-11 12:02:56,10021,HR,,500.0,1.0,,-0.5821439372713114
Bob,53,2018-07-07 15:37:59,17361,,C,1000.0,0.0,ok,0.213664237330546
Bob,41,2020-05-31 13:25:29,7015,IT,D,1500.0,0.0,pending,-0.3030169955079406
Frank,56,2020-04-11 03:27:35,15743,HR,,1500.0,0.0,excellent,1.0734346295518076
Bob,27,2020-10-10 09:11:32,17528,Operations,A,1000.0,0.0,pending,0.8570400757036996
Dave,20,2021-04-28 02:26:35,11370,Operations,D,1000.0,1.0,needs review,0.5284995502722399
Alice,41,2020-06-22 11:45:21,3744,Operations,D,1000.0,1.0,excellent,0.3360854796883271
Carol,63,2018-08-12 12:36:35,15299,,A,500.0,1.0,ok,0.8564224484664207
Bob,49,2019-05-07 04:15:44,19495,Finance,B,1000.0,1.0,excellent,-0.5830780101077802
Frank,46,2020-03-06 02:10:40,9192,HR,A,1000.0,0.0,ok,0.0336642109038181
Alice,38,2019-08-04 07:18:21,15435,Finance,A,500.0,0.0,excellent,0.6459671516141328
Carol,21,2018-05-25 00:40:30,18090,IT,A,500.0,1.0,pending,0.0841391734379489
Alice,49,2019-01-07 05:58:16,17456,HR,C,1000.0,1.0,pending,0.8514728826038006
Alice,37,2023-06-01 14:33:28,5523,HR,B,1000.0,0.0,excellent,0.3490153342850693
Bob,31,2019-07-04 19:19:23,4952,Finance,C,0.0,1.0,ok,-0.7900406512669595
Carol,42,2022-05-09 13:01:50,9253,,B,500.0,1.0,pending,1.6760389935429394
Carol,36,2018-08-31 18:01:51,15084,IT,B,500.0,1.0,needs review,0.1840742925593231
Alice,30,2023-08-06 18:55:30,16864,HR,A,0.0,1.0,needs review,-1.3621304358392234
Dave,20,2023-03-05 02:34:19,18687,Sales,A,1000.0,1.0,excellent,0.7321408552683113
Alice,46,2019-12-04 00:47:47,12150,,,1500.0,1.0,excellent,-1.2191288147134176
Alice,36,2017-07-26 16:07:06,6774,Finance,A,1500.0,1.0,ok,0.2352028715858846
Eve,36,2020-09-30 11:35:52,8319,,,1000.0,1.0,pending,0.7642169120346016
Bob,30,2021-08-14 11:21:30,19544,HR,,0.0,1.0,excellent,1.4003543514511136
Frank,64,2018-07-21 01:57:52,6884,,B,500.0,0.0,needs review,0.8471205034679267
Carol,57,2021-07-04 21:38:40,5087,Sales,B,1000.0,0.0,needs review,1.431901742889676
Carol,39,2019-03-12 08:07:54,18171,Operations,D,1000.0,1.0,,-0.9611674432309066
Dave,41,2020-02-05 13:16:11,5140,IT,A,1500.0,1.0,excellent,-0.0043136505648059
Eve,37,2019-07-26 07:55:03,11819,Operations,A,1500.0,1.0,pending,-0.4273269476908779
Carol,61,2017-10-30 11:02:02,5779,,,0.0,0.0,ok,-0.30531956554021
Bob,35,2018-06-15 15:14:56,10054,,B,500.0,1.0,pending,0.0513387200062114
Bob,23,2023-08-29 18:07:58,4948,IT,,1000.0,1.0,,-0.1494764465138779
Carol,32,2018-01-01 17:07:07,3985,Finance,C,1000.0,1.0,needs review,-1.363548130812383
Eve,20,2019-07-31 02:01:48,14823,HR,B,500.0,0.0,excellent,0.0823886190026391
Eve,44,2017-10-07 10:07:08,6119,Operations,C,0.0,1.0,needs review,0.6328998089783482
Dave,34,2022-12-22 16:59:02,11346,Sales,A,1000.0,0.0,excellent,0.7871195785671037
Eve,41,2019-07-22 19:19:08,15052,IT,,1500.0,1.0,,-0.3838494847250452
Carol,38,2022-05-17 19:23:50,9275,Finance,C,1000.0,0.0,pending,-1.7909082805349006
Carol,25,2020-11-24 23:07:30,8991,Finance,D,1000.0,0.0,pending,1.0006222742979096
Frank,43,2022-03-15 00:53:21,7902,Sales,B,0.0,1.0,needs review,1.1586779783700447
Dave,52,2022-06-22 06:37:35,9595,Operations,B,500.0,0.0,,-1.5251534147717134
Alice,22,2021-03-22 14:23:54,15747,,D,0.0,1.0,pending,0.5982580962138168
Carol,56,2021-05-18 23:13:24,19719,Finance,A,0.0,1.0,ok,0.1253296721142991
Eve,68,2017-12-24 07:30:28,8719,Operations,A,500.0,0.0,excellent,1.1254527213038186
Dave,19,2018-12-11 08:05:09,4257,IT,D,1500.0,1.0,ok,0.7891802925436247
Bob,54,2021-09-17 01:21:34,14185,Finance,A,500.0,1.0,,0.7286158640561715
Carol,59,2021-05-30 20:40:54,15842,Finance,C,1000.0,1.0,ok,-0.6719597454931285
Bob,35,2022-03-14 05:46:01,6145,Finance,B,0.0,1.0,excellent,0.0195111368418235
Frank,42,2021-11-09 18:30:05,19960,,A,1000.0,1.0,excellent,-0.8199317230692761
Eve,62,2021-05-13 06:18:56,16562,Operations,C,0.0,1.0,,0.5488670255646
Alice,42,2021-06-16 18:07:53,3129,,D,1000.0,0.0,excellent,-0.0842321250448677
Dave,26,2023-09-03 00:27:15,11017,Sales,B,1000.0,1.0,ok,1.3086138761951709
Dave,43,2021-09-09 16:13:14,3056,Operations,A,1000.0,1.0,,0.094566756098111
Carol,49,2023-01-03 21:27:56,14264,IT,D,1500.0,1.0,needs review,1.1336304487615143
Eve,63,2023-03-24 10:09:25,11318,IT,A,1000.0,1.0,needs review,-1.2570086916887255
Frank,25,2023-06-29 15:18:25,16441,Finance,B,500.0,0.0,,0.3348943010240522
Frank,44,2017-09-25 03:58:37,15828,HR,A,0.0,0.0,needs review,-2.399762094069796
Frank,65,2022-08-17 02:24:44,16217,Operations,,1000.0,1.0,,-0.1403180826775528
Dave,30,2018-09-28 12:57:21,12514,Sales,B,0.0,1.0,pending,-0.1147236789176295
Eve,27,2023-10-04 15:10:07,16206,HR,,1500.0,0.0,,0.1289320200163815
Frank,37,2021-06-30 09:41:27,13035,Operations,,1000.0,0.0,ok,-0.1690542510890977
Eve,37,2021-06-25 20:29:43,8199,Operations,D,1000.0,1.0,,-1.530592729735479
Bob,43,2023-03-11 01:04:26,9060,,D,500.0,0.0,ok,-1.32048258338344
Carol,37,2020-04-20 02:27:34,19644,IT,D,500.0,1.0,,0.0782781288539227
Alice,56,2017-08-06 10:27:38,6316,Finance,A,1500.0,1.0,excellent,-0.7153889282957652
Dave,18,2017-07-15 09:55:30,3205,Operations,A,1500.0,1.0,,-1.3359063365682309
Eve,31,2021-03-03 07:20:19,9808,Operations,A,500.0,0.0,pending,-0.7439369407406667
Bob,40,2018-07-29 20:34:58,3196,IT,D,0.0,0.0,,0.0029972142631483
Bob,21,2018-11-18 05:24:41,14822,Sales,C,1000.0,1.0,,0.0741984166641365
Eve,24,2021-03-30 04:14:17,6282,,,1500.0,0.0,excellent,2.407557436234156
Alice,64,2018-08-23 08:36:28,16207,IT,D,500.0,1.0,excellent,0.958727014297286
Alice,40,2021-08-02 05:00:46,16941,IT,,0.0,1.0,needs review,0.905458418009468
Alice,25,2019-03-06 03:25:44,6164,Sales,C,1000.0,0.0,,-1.192563174878985
Eve,62,2020-05-28 21:16:39,14212,Sales,B,1000.0,1.0,needs review,0.8456828642374156
Frank,18,2017-10-27 13:16:44,7074,HR,,1000.0,1.0,needs review,-0.8007675787975774
Dave,38,2022-04-16 23:40:44,5598,IT,,1000.0,0.0,needs review,0.1887575655096317
Dave,32,2022-08-21 00:26:02,6824,Sales,,1000.0,1.0,excellent,-0.3138000715629181
Carol,64,2023-10-11 03:22:28,13435,IT,C,1000.0,1.0,needs review,0.5288571587421517
Frank,27,2018-05-07 05:02:01,3615,,D,1000.0,0.0,ok,0.2648457876948487
Frank,55,2019-08-06 00:41:31,12182,Sales,C,1500.0,1.0,,-1.3994591547176525
Eve,40,2022-11-07 01:28:18,6872,Operations,C,0.0,0.0,needs review,-0.4719706455386009
Eve,65,2017-08-11 05:05:43,4742,,A,1500.0,1.0,,0.5967102284002227
Alice,60,2022-04-19 09:41:18,13400,Sales,,1500.0,1.0,needs review,-0.1711748051325872
Bob,52,2018-02-06 01:44:42,14571,HR,,1500.0,0.0,pending,-0.852987755691454
Alice,69,2020-07-08 19:15:02,17894,Finance,A,500.0,0.0,ok,-0.1353816485867967
Frank,29,2018-10-28 00:45:54,15782,,,0.0,1.0,ok,-0.4407102188862234
Eve,62,2021-02-18 17:34:42,10566,HR,D,1000.0,1.0,,2.149563207398321
Alice,35,2022-01-14 17:33:33,7137,,D,500.0,1.0,needs review,-0.7548581671640879
Bob,64,2021-03-19 06:52:55,13344,Sales,,0.0,0.0,excellent,-1.6011763574855706
Carol,47,2023-07-17 04:44:28,15093,Operations,D,500.0,1.0,,-1.1124416869448062
Alice,32,2022-08-04 10:50:40,15003,Sales,A,1000.0,1.0,needs review,0.9001284877426258
Frank,27,2019-03-15 09:02:08,8798,Finance,B,1000.0,1.0,pending,0.882057012063823
Alice,35,2021-01-29 06:28:35,17597,Finance,,1000.0,1.0,needs review,-0.6271808345350322
Dave,23,2023-06-29 05:44:24,10138,Operations,,500.0,1.0,needs review,0.2134831685836326
Frank,58,2023-11-06 21:24:50,9543,HR,,0.0,1.0,needs review,-0.6876571453471606
Carol,50,2018-06-30 11:53:34,13592,HR,A,1000.0,0.0,needs review,0.4092435191675968
Eve,23,2023-11-11 22:08:22,17949,Operations,,0.0,1.0,,-0.6775924035721822
Frank,54,2020-06-15 06:22:38,3844,,A,1500.0,1.0,pending,-0.8639311308198552
Frank,65,2023-10-06 13:45:29,19073,Sales,A,500.0,0.0,ok,0.1504964303703281
Frank,43,2022-12-20 17:18:14,15291,IT,D,1500.0,1.0,ok,0.0546234952827178
Dave,20,2019-06-19 02:14:56,19929,Finance,A,500.0,1.0,,-0.4764199998843664
Alice,50,2020-11-20 01:28:00,18812,Finance,B,500.0,1.0,pending,-1.77940618977893
Alice,42,2018-11-21 03:20:31,16043,HR,,0.0,1.0,,0.215221673780503
Frank,48,2023-09-05 05:38:57,15914,IT,D,0.0,1.0,,-0.6166162159038323
Bob,46,2018-08-31 18:15:42,6941,Finance,A,1500.0,1.0,ok,-0.4969830348802853
Frank,66,2017-08-22 12:03:58,10705,Finance,D,1500.0,1.0,pending,0.6817204231928251
Bob,52,2023-04-02 03:33:26,4983,Sales,B,500.0,1.0,excellent,-0.0369225105300539
Carol,51,2021-05-13 14:12:27,9138,HR,C,1000.0,1.0,needs review,0.5369040742894118
Alice,29,2021-01-18 04:18:14,14855,Finance,D,1500.0,1.0,pending,0.2224041969844139
Frank,40,2018-06-29 01:24:36,3130,IT,B,1500.0,0.0,needs review,-0.5594346567906726
Eve,62,2021-04-13 14:36:11,7655,Sales,B,0.0,1.0,ok,-0.4298400260376668
Carol,60,2021-07-29 21:11:59,13554,IT,,1000.0,1.0,needs review,-0.1952309118951716
Frank,40,2021-11-25 05:38:54,15649,Finance,C,1000.0,1.0,needs review,-0.7761474010129148
Alice,33,2020-08-05 05:35:53,18795,HR,A,1500.0,1.0,,-0.9796184824702764
Frank,57,2022-08-07 13:08:37,5469,Sales,A,1500.0,1.0,ok,-0.8010455046514304
Frank,21,2021-03-11 23:20:07,16376,HR,A,1000.0,0.0,excellent,0.3850969311222155
Alice,49,2022-07-11 18:44:59,10546,,C,0.0,1.0,,-1.3450975545363146
Carol,42,2021-12-12 22:31:54,19436,,,500.0,0.0,ok,0.6011044619462241
Eve,45,2023-08-19 23:03:50,6481,Finance,,1000.0,0.0,,-0.1333736714229074
Bob,18,2022-01-10 01:26:31,13893,Finance,C,500.0,1.0,,-0.3373176220126381
Alice,45,2022-11-04 20:34:38,5007,Operations,A,0.0,1.0,needs review,-0.1055128157192176
Alice,59,2017-10-31 15:44:23,14545,HR,B,1000.0,1.0,ok,-1.0358139699596016
Alice,29,2021-03-04 12:20:56,8187,,B,1500.0,1.0,,0.8271904900487137
Carol,52,2020-05-13 08:42:54,16022,HR,D,1000.0,1.0,pending,0.2742241833092235
Frank,20,2018-11-27 09:18:36,9421,Operations,B,500.0,1.0,needs review,-1.2587639333011735
Carol,59,2019-03-30 19:10:54,15302,,A,0.0,0.0,,-0.1686948208313005
Carol,20,2022-09-09 07:49:51,19228,IT,B,1000.0,1.0,,-0.3916798138630154
Carol,56,2018-02-20 15:51:21,11363,,A,1000.0,1.0,excellent,-0.3556633535588496
Alice,21,2019-06-18 10:18:21,3751,IT,,1500.0,1.0,pending,0.1350808720127359
Bob,36,2022-11-23 12:57:05,19349,IT,C,1000.0,1.0,excellent,-0.3353098607505322
Dave,23,2018-07-31 01:43:28,8389,HR,B,500.0,1.0,excellent,-0.4323494640500522
Bob,37,2018-06-30 08:30:35,9225,HR,D,1000.0,1.0,needs review,-0.9816396906615034
Dave,54,2022-05-29 01:07:16,13698,IT,,500.0,0.0,,-0.5696759742932294
Frank,65,2023-09-16 23:48:58,17815,HR,D,1000.0,1.0,ok,0.457367617216319
Carol,43,2018-04-16 03:11:49,12552,HR,,1000.0,0.0,excellent,-1.5380398791573855
Frank,31,2019-09-22 02:07:10,9618,Operations,A,1000.0,1.0,excellent,-0.7316576150792193
Bob,56,2020-07-08 00:43:13,17691,Finance,,1500.0,1.0,excellent,0.4866955229818306
Eve,38,2022-09-24 13:42:01,16986,Finance,C,1000.0,1.0,needs review,-2.135857435362312
Bob,18,2019-12-11 11:14:51,7986,Finance,,0.0,1.0,needs review,0.5364834267338948
Carol,40,2017-10-07 16:39:48,17121,IT,,1000.0,0.0,ok,0.9880484591472058
Bob,46,2021-11-22 22:23:58,10859,HR,,1000.0,1.0,excellent,0.0014049516384648
Alice,19,2021-10-23 21:42:19,5629,Finance,D,1000.0,0.0,,0.3983660088384103
Carol,65,2019-12-20 19:21:03,14045,Operations,C,1500.0,1.0,needs review,-0.5207966258026682
Dave,38,2018-12-29 01:54:45,8861,HR,C,1000.0,1.0,excellent,2.7586118481564275
Bob,56,2017-10-08 10:44:10,10317,Operations,,500.0,1.0,excellent,1.468809844585257
Dave,35,2019-12-09 13:33:34,11219,IT,,1000.0,1.0,ok,0.9278914996835111
Dave,59,2020-03-21 00:52:29,8850,IT,C,0.0,0.0,excellent,-0.4640775791912623
Alice,50,2019-04-21 13:31:52,8021,Sales,C,500.0,1.0,ok,0.0544689732267328
Frank,68,2021-11-15 12:39:00,9002,,,0.0,1.0,ok,1.433891367826237
Frank,40,2023-03-07 21:34:06,6607,Operations,,1500.0,0.0,pending,-0.5973878236360145
Frank,60,2019-05-12 17:22:59,18173,HR,B,0.0,0.0,,0.2252224042611179
Frank,53,2021-05-14 21:52:38,16039,Finance,B,1000.0,0.0,excellent,0.2222245669661496
Bob,38,2023-01-24 18:20:16,9700,Finance,,0.0,1.0,ok,-1.4042689106419144
Dave,21,2018-06-26 12:20:40,3390,Sales,,0.0,0.0,,1.184250707075287
Bob,50,2020-12-03 00:54:41,12908,IT,,500.0,0.0,excellent,0.7058252444232128
Frank,62,2018-10-13 12:07:59,4480,Operations,,1000.0,1.0,,0.3685747359237332
Frank,57,2021-11-05 16:01:34,16337,,D,1000.0,1.0,ok,-1.2610098269369536
Carol,41,2022-06-17 14:53:12,8784,,B,500.0,1.0,pending,1.5081504901951726
Frank,48,2018-02-27 17:04:38,12100,HR,A,1000.0,1.0,excellent,-2.037693813187897
Eve,33,2019-07-13 02:20:14,8248,HR,C,1000.0,0.0,,1.409830720754156
Alice,19,2020-09-04 19:59:46,19683,HR,A,1000.0,1.0,ok,-0.258556885288575
Bob,22,2019-10-07 03:30:26,8549,Sales,B,500.0,1.0,,1.2139831356461344
Bob,42,2023-06-30 13:53:11,12384,IT,C,1000.0,0.0,excellent,-1.6748701428667785
Carol,60,2019-05-14 00:58:49,18529,Sales,,0.0,0.0,pending,-0.2701506450560661
Frank,56,2022-05-22 08:25:25,15347,Operations,D,0.0,1.0,,-0.3126366796222088
Eve,40,2022-03-09 08:01:14,4994,HR,A,1500.0,0.0,,0.2659765183026806
Eve,59,2023-04-04 23:49:41,17790,IT,B,1000.0,1.0,ok,-1.0008178394200582
Dave,26,2021-01-21 15:08:18,4628,Operations,B,500.0,1.0,pending,0.1971581448273208
Alice,61,2021-02-17 19:00:26,6189,Finance,C,1500.0,0.0,excellent,-1.1459731655125576
Eve,68,2021-04-30 21:28:22,8130,IT,A,1000.0,1.0,needs review,-0.0280880426465356
Carol,28,2023-01-19 05:14:38,18119,IT,A,1000.0,1.0,needs review,1.375111006347981
Eve,23,2018-11-19 17:41:43,13807,,C,1500.0,0.0,,-0.1981944543399778
Alice,20,2018-08-10 21:50:36,7610,Finance,,1000.0,1.0,ok,-2.3042500836895026
Eve,44,2023-07-16 07:12:55,8479,IT,,1000.0,1.0,needs review,0.2624316740772832
Carol,49,2023-09-22 10:57:41,10788,HR,D,0.0,1.0,ok,-1.1492237448294305
Frank,37,2018-09-15 15:27:23,12824,Sales,B,0.0,0.0,ok,-3.3526609898576233e-05
Dave,20,2021-04-02 15:04:39,19863,Finance,C,500.0,1.0,ok,-0.642138792662235
Frank,60,2023-04-04 09:13:37,13282,HR,,1000.0,0.0,pending,-0.4993665314243469
Carol,69,2018-11-19 10:41:38,18596,Finance,C,1000.0,1.0,pending,1.90888557670064
Bob,39,2023-05-27 13:20:45,14066,Sales,A,500.0,1.0,needs review,-0.9493698608417812
Bob,47,2021-01-23 23:00:45,19927,IT,,500.0,1.0,excellent,0.1882330866063997
Eve,60,2018-01-24 00:19:10,17412,,A,0.0,1.0,,-0.2502744595209076
Frank,38,2019-05-31 05:22:42,18363,Sales,D,1000.0,1.0,pending,-0.221415164150224
Carol,63,2020-07-04 18:58:44,18557,Operations,C,1000.0,1.0,ok,-2.131619415179755
Carol,22,2023-05-21 23:48:33,9971,Sales,B,0.0,1.0,,1.6892902065424302
Alice,30,2023-10-06 20:29:24,16355,,B,1500.0,0.0,needs review,-1.067299163497342
Bob,44,2021-08-07 09:20:57,14010,,D,0.0,1.0,,-0.6982174228992102
Eve,38,2019-09-25 07:35:46,5526,Finance,A,1000.0,1.0,ok,-0.3863263399436719
Carol,45,2023-02-06 07:04:32,13128,Finance,D,0.0,1.0,,-0.7896789448462503
Frank,69,2021-02-15 04:11:26,9204,HR,,0.0,0.0,excellent,1.6175713832527077
Alice,30,2023-09-09 21:05:54,8113,Finance,B,1500.0,1.0,pending,0.1920403231836278
Dave,22,2023-09-19 23:45:09,4192,HR,A,1000.0,1.0,ok,-0.8647336319682253
Eve,46,2021-11-24 14:09:10,10782,IT,A,1000.0,0.0,excellent,-0.0388120749196007
Eve,27,2023-08-04 07:23:51,13469,Finance,C,1500.0,1.0,pending,-0.4414352751171225
Dave,25,2019-05-04 22:38:27,4262,,B,0.0,0.0,needs review,-0.940752277836806
Dave,58,2021-03-22 21:31:04,11603,Finance,D,1000.0,1.0,,0.3191468648563552
Carol,48,2021-09-04 06:14:06,14023,,B,1000.0,1.0,pending,-0.0749321680173081
Bob,50,2022-02-12 08:18:53,13405,IT,,1000.0,1.0,pending,-0.4469944661789617
Carol,37,2023-06-17 14:44:56,12534,Operations,C,1000.0,1.0,ok,-0.0216006869729377
Eve,49,2017-08-27 10:35:08,11372,IT,,1000.0,1.0,needs review,-1.325812803367329
Frank,40,2018-07-31 17:39:04,16110,,D,1500.0,1.0,,0.60130075149994
Carol,67,2018-04-02 04:06:16,9890,HR,B,500.0,1.0,pending,-0.3454015906788589
Carol,52,2020-03-22 22:30:35,12797,Sales,D,1000.0,1.0,,0.973931048371946
Dave,50,2022-04-28 00:52:17,9352,Operations,D,1500.0,1.0,excellent,0.0930328354867432
Dave,57,2018-05-07 19:01:27,18403,HR,,500.0,0.0,excellent,0.0293195690093795
Eve,55,2021-04-08 14:09:49,16586,HR,,1000.0,1.0,pending,0.1159781129959456
Carol,52,2018-12-09 03:04:24,17601,IT,C,1500.0,1.0,excellent,0.1891163881273326
Eve,49,2022-08-07 13:06:49,11504,Sales,B,500.0,0.0,excellent,-2.432816822137652
Bob,49,2018-02-16 10:40:05,5240,Sales,D,1500.0,1.0,excellent,-0.5897847807982353
Alice,54,2021-08-18 10:56:14,9460,Sales,C,1000.0,0.0,needs review,1.3152809684767084
Alice,57,2019-07-06 06:18:19,12474,Sales,,500.0,1.0,,-0.3615058217347439
Frank,62,2023-08-04 09:40:39,7334,HR,A,1000.0,0.0,excellent,-1.6062069488344983
Frank,56,2018-06-03 05:00:15,3349,HR,B,500.0,0.0,,-0.7766669100000338
Dave,51,2018-01-31 23:11:39,15149,Finance,,1000.0,1.0,needs review,1.605677386745178
Alice,28,2017-11-25 13:05:03,12761,Sales,,0.0,1.0,ok,0.0693676908776223
Bob,39,2017-09-12 16:47:32,19260,IT,B,0.0,0.0,pending,1.2232966143765798
Dave,48,2019-06-28 08:46:44,19006,IT,,500.0,1.0,excellent,-0.173045589712399
Dave,46,2020-06-16 03:53:22,18794,,D,1000.0,1.0,excellent,1.3540214165883326
Eve,25,2021-08-01 18:04:32,15329,,A,1000.0,1.0,,-3.0127819126236037
Bob,36,2018-07-29 08:41:55,19577,HR,D,0.0,1.0,pending,0.8725200331505661
Alice,49,2020-04-21 20:36:13,10796,Finance,,1500.0,1.0,needs review,0.1659627521247094
Dave,46,2019-06-15 14:18:46,7414,IT,C,0.0,1.0,needs review,-0.6922519024387721
Carol,28,2020-03-10 07:19:00,10258,IT,,1000.0,1.0,,-1.4433897003534926
Dave,35,2019-01-08 13:03:02,11783,,,500.0,1.0,excellent,-1.28917735079075
Bob,66,2018-07-10 07:31:09,7282,Finance,B,1000.0,0.0,,-0.805989444644344
Alice,27,2023-07-31 01:04:45,15364,Operations,B,1500.0,0.0,pending,1.4946513247602364
Eve,64,2021-04-23 01:30:19,17588,Finance,D,0.0,1.0,,1.7112444949717414
Alice,19,2020-06-11 18:26:10,17527,HR,A,1000.0,0.0,needs review,3.0258889148447503
Frank,19,2020-03-20 02:33:01,9431,Operations,D,1000.0,1.0,,-1.1571179206288826
Frank,46,2023-08-23 09:52:15,19413,IT,,1500.0,0.0,needs review,0.6876356452927864
Alice,46,2022-07-02 11:15:31,14981,HR,B,1000.0,1.0,excellent,1.7523922858182912
Eve,31,2020-04-13 16:17:45,3828,Finance,B,500.0,0.0,,-1.3465228824057474
Eve,47,2020-09-11 01:36:23,5582,Operations,D,1000.0,1.0,needs review,-0.5891794450775271
Bob,67,2021-02-17 20:44:48,11762,,C,1000.0,1.0,,1.7959724709040783
Alice,30,2020-05-06 04:09:18,5109,,A,1000.0,1.0,ok,-0.9487278687629206
Carol,35,2018-12-27 04:56:21,9302,Operations,D,1000.0,0.0,ok,-0.4514741743860269
Dave,58,2019-11-16 15:36:18,15116,Operations,A,1000.0,1.0,excellent,-2.234618735808308
Eve,45,2022-10-08 04:10:26,19065,Finance,C,1000.0,1.0,ok,-0.912575535697392
Carol,31,2021-07-09 02:18:48,16712,Operations,A,1000.0,0.0,ok,1.230738258511575
Frank,69,2022-08-27 17:47:25,7459,IT,D,500.0,1.0,excellent,0.559047329683907
Eve,38,2019-08-12 19:07:09,7477,HR,,0.0,1.0,,-0.8930689941646105
Frank,69,2023-09-14 11:29:35,10511,IT,D,0.0,1.0,needs review,1.1232976108619728
Alice,58,2018-04-29 00:35:57,15788,,C,500.0,1.0,excellent,-1.871577631917712
Carol,19,2019-06-20 02:14:53,4602,HR,D,1000.0,1.0,excellent,0.3327030242401454
Alice,22,2023-10-26 17:15:57,11590,Operations,C,0.0,0.0,ok,1.0963621327054638
Frank,45,2020-07-15 08:42:45,15966,Sales,C,500.0,1.0,excellent,-1.3098424843916434
Dave,30,2023-08-29 09:06:56,6761,IT,C,1000.0,1.0,,-1.7154490832246332
Alice,41,2023-04-01 02:32:21,16084,IT,,1000.0,1.0,ok,0.461570713788446
Dave,67,2021-08-19 10:30:51,4211,HR,B,500.0,1.0,,-0.7537348215943452
Eve,22,2018-09-20 23:42:38,8742,,C,1500.0,0.0,ok,0.9311536338293024
Frank,27,2017-09-12 09:36:30,13302,Sales,D,500.0,1.0,,-1.3385871181893083
Frank,61,2020-06-06 10:02:40,18596,Operations,A,1000.0,1.0,needs review,2.208376319191122
Carol,25,2021-05-13 22:35:16,7610,Finance,A,500.0,1.0,ok,0.6079030985962823
Dave,46,2021-12-17 14:37:34,12391,IT,D,500.0,1.0,ok,-0.4293922249170435
Bob,65,2018-03-16 17:49:38,16113,Sales,,1000.0,1.0,excellent,0.621893696540276
Carol,43,2020-11-08 02:25:14,17314,Finance,,0.0,1.0,,-0.9871849920692516
Frank,29,2019-12-15 10:45:05,14027,Sales,,1000.0,1.0,,1.8913060943946052
Bob,36,2020-05-02 06:31:15,12770,,B,500.0,1.0,ok,-1.2920921208998304
Dave,67,2018-11-09 23:54:13,5575,Operations,B,0.0,0.0,,1.4541076803882227
Frank,54,2022-10-22 08:28:46,15637,Finance,,1000.0,1.0,pending,0.4130427820202669
Carol,64,2021-11-16 11:48:20,6052,Sales,,0.0,1.0,ok,-1.5340200784823357
Bob,33,2017-12-30 15:03:55,11372,Sales,D,1500.0,1.0,pending,0.7983896752432612
Eve,57,2022-09-09 10:30:17,13420,Finance,B,0.0,1.0,ok,0.0160504932498742
Eve,22,2022-12-19 20:21:53,7261,Operations,C,0.0,1.0,needs review,-0.2545586982306019
Carol,28,2022-11-29 20:09:17,11907,,A,1500.0,0.0,pending,-2.3177074070951478
Frank,25,2023-02-06 19:53:00,3369,IT,C,0.0,1.0,needs review,-0.2199437615698008
Carol,46,2018-12-04 03:53:56,12893,Sales,B,500.0,1.0,needs review,0.4421671432443597
Bob,52,2020-01-23 01:22:42,18924,Finance,,1000.0,0.0,excellent,-1.0789501785846298
Dave,28,2022-09-08 00:30:02,13512,Operations,A,0.0,0.0,excellent,0.0789620208302115
Dave,37,2021-09-30 14:48:17,6298,,D,1500.0,1.0,needs review,-0.3957441470996506
Carol,37,2020-11-12 11:02:21,13251,,A,1500.0,0.0,pending,0.3422791982735934
Dave,31,2022-12-30 10:51:24,7049,,A,0.0,0.0,excellent,-0.3453885131367998
Frank,31,2019-02-04 10:11:15,7864,HR,C,0.0,1.0,,0.8977157565607614
Alice,18,2021-04-01 13:12:30,18189,,,1000.0,1.0,pending,0.3010523419661364
Eve,37,2023-01-27 07:49:16,14381,Operations,D,0.0,1.0,excellent,0.3569049604136602
Frank,64,2018-01-23 21:00:56,16096,Finance,A,1000.0,1.0,pending,0.2102609070295842
Frank,26,2022-08-28 00:50:53,19317,Operations,D,1000.0,1.0,ok,-1.6203676149490662
Alice,58,2023-10-08 07:16:47,11463,,A,1500.0,1.0,,-0.4521279773112593
Alice,69,2019-01-26 08:10:26,16719,Sales,D,1000.0,1.0,pending,1.5718845071154213
Dave,64,2022-07-14 21:27:13,13621,Finance,,1000.0,0.0,excellent,0.6589257261504456
Dave,65,2023-05-26 14:40:14,15932,Sales,B,1000.0,0.0,ok,-1.0442610770907397
Dave,40,2020-04-25 16:25:31,7694,HR,A,500.0,1.0,ok,-0.4659382038950052
Bob,39,2019-08-20 07:51:18,19927,Sales,A,1000.0,1.0,ok,-1.62212120541519
Eve,47,2020-05-03 09:50:30,16483,Finance,A,500.0,0.0,,-1.4844185358058044
Dave,62,2020-06-09 15:05:23,8597,IT,B,0.0,1.0,ok,0.2643579529175868
Bob,51,2019-05-28 23:18:52,10167,Operations,C,1000.0,1.0,,-1.1692724153434009
Bob,42,2021-03-24 08:12:54,9322,Finance,A,500.0,0.0,excellent,0.5118047428220022
Carol,68,2019-07-27 16:55:23,14168,HR,D,1500.0,1.0,excellent,0.6876589374057089
Alice,42,2017-09-12 23:24:21,19673,Operations,,1000.0,1.0,excellent,0.6397797314094232
Carol,50,2022-01-28 01:25:07,4355,,,1000.0,1.0,pending,-0.2414351393007714
Bob,25,2023-07-08 06:29:36,18342,Finance,C,500.0,0.0,needs review,0.6253367171027125
Frank,43,2020-06-18 00:18:33,18580,Operations,D,0.0,0.0,excellent,0.54588043778121
Alice,64,2022-11-21 08:03:31,6333,HR,,1000.0,1.0,,-2.3761245267178177
Dave,41,2020-11-28 22:31:26,19860,Operations,,1500.0,1.0,needs review,0.2133094602556653
